{"sessionId":"6c5c15","location":"useEditorController.tsx:textTapDown","message":"global pointerdown","data":{"pointerType":"touch","tracked":true},"timestamp":1787926494915,"hypothesisId":"A","runId":"post-fix"}
{"sessionId":"6c5c15","location":"pageInkDom.ts:resolvePageDomHit","message":"dom hit resolved","data":{"clientX":367,"clientY":311.5,"method":"rect","hitKind":"page","pageId":"c1caf8b6-38cd-4d92-90f7-50f9baee7d01","localX":654.7621206529055,"localY":529.007242142126},"timestamp":1787926494921,"hypothesisId":"B","runId":"ipad-fix2"}
{"sessionId":"6c5c15","location":"useEditorController.tsx:textTapUp","message":"text tap up","data":{"pointerType":"touch","hasPending":false,"dist":0},"timestamp":1787926494953,"hypothesisId":"A,E","runId":"post-fix2"}
{"sessionId":"6c5c15","location":"pageInkDom.ts:resolvePageDomHit","message":"dom hit resolved","data":{"clientX":367,"clientY":311.5,"method":"rect","hitKind":"page","pageId":"c1caf8b6-38cd-4d92-90f7-50f9baee7d01","localX":654.7621206529055,"localY":529.007242142126},"timestamp":1787926494955,"hypothesisId":"B","runId":"ipad-fix2"}
{"sessionId":"6c5c15","location":"workspaceFsm.tsx:fingerTapUp","message":"finger tap up","data":{"tool":"text","downHitKind":"page","upHitKind":"page","usedHitKind":"page","effectTypes":["createText"],"createX":654.7621206529055,"createY":529.007242142126,"domLocalX":654.7621206529055,"domLocalY":529.007242142126,"clientX":367,"clientY":311.5},"timestamp":1787926494962,"hypothesisId":"A,D,F","runId":"ipad-fix3"}
{"sessionId":"6c5c15","location":"useEditorController.tsx:createTextEffect","message":"createText effect","data":{"pageId":"c1caf8b6-38cd-4d92-90f7-50f9baee7d01","x":654.7621206529055,"y":529.007242142126,"hasTrack":false,"tool":"text","pointerType":"unknown"},"timestamp":1787926494963,"hypothesisId":"A,E","runId":"ipad-fix"}
{"sessionId":"6c5c15","location":"useEditorController.tsx:textTapDown","message":"global pointerdown","data":{"pointerType":"touch","tracked":true},"timestamp":1787926495864,"hypothesisId":"A","runId":"post-fix"}
{"sessionId":"6c5c15","location":"useEditorController.tsx:textTapUp","message":"text tap up","data":{"pointerType":"touch","hasPending":false,"dist":0},"timestamp":1787926495952,"hypothesisId":"A,E","runId":"post-fix2"}
{"sessionId":"6c5c15","location":"useEditorController.tsx:textTapDown","message":"global pointerdown","data":{"pointerType":"touch","tracked":true},"timestamp":1787926496890,"hypothesisId":"A","runId":"post-fix"}
{"sessionId":"6c5c15","location":"pageInkDom.ts:resolvePageDomHit","message":"dom hit resolved","data":{"clientX":422.5,"clientY":746.5,"method":"rect","hitKind":null},"timestamp":1787926496892,"hypothesisId":"B","runId":"ipad-fix2"}
{"sessionId":"6c5c15","location":"pageInkDom.ts:resolvePageDomHit","message":"dom hit resolved","data":{"clientX":416.5,"clientY":727.5,"method":"rect","hitKind":null},"timestamp":1787926496919,"hypothesisId":"B","runId":"ipad-fix2"}
{"sessionId":"6c5c15","location":"pageInkDom.ts:resolvePageDomHit","message":"dom hit resolved","data":{"clientX":416.5,"clientY":727.5,"method":"rect","hitKind":null},"timestamp":1787926496921,"hypothesisId":"B","runId":"ipad-fix2"}
{"sessionId":"6c5c15","location":"pageInkDom.ts:resolvePageDomHit","message":"dom hit resolved","data":{"clientX":412.5,"clientY":714,"method":"rect","hitKind":null},"timestamp":1787926496922,"hypothesisId":"B","runId":"ipad-fix2"}
{"sessionId":"6c5c15","location":"pageInkDom.ts:resolvePageDomHit","message":"dom hit resolved","data":{"clientX":409.5,"clientY":700.5,"method":"rect","hitKind":null},"timestamp":1787926496932,"hypothesisId":"B","runId":"ipad-fix2"}
{"sessionId":"6c5c15","location":"pageInkDom.ts:resolvePageDomHit","message":"dom hit resolved","data":{"clientX":408,"clientY":691.5,"method":"rect","hitKind":null},"timestamp":1787926496935,"hypothesisId":"B","runId":"ipad-fix2"}
{"sessionId":"6c5c15","location":"pageInkDom.ts:resolvePageDomHit","message":"dom hit resolved","data":{"clientX":407,"clientY":683.5,"method":"rect","hitKind":null},"timestamp":1787926496943,"hypothesisId":"B","runId":"ipad-fix2"}
{"sessionId":"6c5c15","location":"pageInkDom.ts:resolvePageDomHit","message":"dom hit resolved","data":{"clientX":406.5,"clientY":675,"method":"rect","hitKind":null},"timestamp":1787926496951,"hypothesisId":"B","runId":"ipad-fix2"}
{"sessionId":"6c5c15","location":"pageInkDom.ts:resolvePageDomHit","message":"dom hit resolved","data":{"clientX":405.5,"clientY":668,"method":"rect","hitKind":null},"timestamp":1787926496960,"hypothesisId":"B","runId":"ipad-fix2"}
{"sessionId":"6c5c15","location":"pageInkDom.ts:resolvePageDomHit","message":"dom hit resolved","data":{"clientX":405,"clientY":659.5,"method":"rect","hitKind":null},"timestamp":1787926496968,"hypothesisId":"B","runId":"ipad-fix2"}
{"sessionId":"6c5c15","location":"pageInkDom.ts:resolvePageDomHit","message":"dom hit resolved","data":{"clientX":404.5,"clientY":650,"method":"rect","hitKind":null},"timestamp":1787926496976,"hypothesisId":"B","runId":"ipad-fix2"}
{"sessionId":"6c5c15","location":"pageInkDom.ts:resolvePageDomHit","message":"dom hit resolved","data":{"clientX":404.5,"clientY":641,"method":"rect","hitKind":null},"timestamp":1787926496985,"hypothesisId":"B","runId":"ipad-fix2"}
{"sessionId":"6c5c15","location":"pageInkDom.ts:resolvePageDomHit","message":"dom hit resolved","data":{"clientX":404.5,"clientY":632.5,"method":"rect","hitKind":null},"timestamp":1787926496993,"hypothesisId":"B","runId":"ipad-fix2"}
{"sessionId":"6c5c15","location":"pageInkDom.ts:resolvePageDomHit","message":"dom hit resolved","data":{"clientX":404.5,"clientY":622.5,"method":"rect","hitKind":null},"timestamp":1787926497001,"hypothesisId":"B","runId":"ipad-fix2"}
{"sessionId":"6c5c15","location":"pageInkDom.ts:resolvePageDomHit","message":"dom hit resolved","data":{"clientX":404.5,"clientY":613,"method":"rect","hitKind":null},"timestamp":1787926497010,"hypothesisId":"B","runId":"ipad-fix2"}
{"sessionId":"6c5c15","location":"pageInkDom.ts:resolvePageDomHit","message":"dom hit resolved","data":{"clientX":404.5,"clientY":605.5,"method":"rect","hitKind":null},"timestamp":1787926497018,"hypothesisId":"B","runId":"ipad-fix2"}
{"sessionId":"6c5c15","location":"pageInkDom.ts:resolvePageDomHit","message":"dom hit resolved","data":{"clientX":404.5,"clientY":597,"method":"rect","hitKind":null},"timestamp":1787926497026,"hypothesisId":"B","runId":"ipad-fix2"}
{"sessionId":"6c5c15","location":"pageInkDom.ts:resolvePageDomHit","message":"dom hit resolved","data":{"clientX":404.5,"clientY":588.5,"method":"rect","hitKind":null},"timestamp":1787926497035,"hypothesisId":"B","runId":"ipad-fix2"}
{"sessionId":"6c5c15","location":"pageInkDom.ts:resolvePageDomHit","message":"dom hit resolved","data":{"clientX":404.5,"clientY":581.5,"method":"rect","hitKind":null},"timestamp":1787926497043,"hypothesisId":"B","runId":"ipad-fix2"}
{"sessionId":"6c5c15","location":"pageInkDom.ts:resolvePageDomHit","message":"dom hit resolved","data":{"clientX":404.5,"clientY":574,"method":"rect","hitKind":null},"timestamp":1787926497051,"hypothesisId":"B","runId":"ipad-fix2"}
{"sessionId":"6c5c15","location":"pageInkDom.ts:resolvePageDomHit","message":"dom hit resolved","data":{"clientX":404.5,"clientY":567,"method":"rect","hitKind":null},"timestamp":1787926497060,"hypothesisId":"B","runId":"ipad-fix2"}
{"sessionId":"6c5c15","location":"pageInkDom.ts:resolvePageDomHit","message":"dom hit resolved","data":{"clientX":404.5,"clientY":559.5,"method":"rect","hitKind":null},"timestamp":1787926497068,"hypothesisId":"B","runId":"ipad-fix2"}
{"sessionId":"6c5c15","location":"pageInkDom.ts:resolvePageDomHit","message":"dom hit resolved","data":{"clientX":404,"clientY":553,"method":"rect","hitKind":null},"timestamp":1787926497076,"hypothesisId":"B","runId":"ipad-fix2"}
{"sessionId":"6c5c15","location":"pageInkDom.ts:resolvePageDomHit","message":"dom hit resolved","data":{"clientX":403,"clientY":546.5,"method":"rect","hitKind":null},"timestamp":1787926497085,"hypothesisId":"B","runId":"ipad-fix2"}
{"sessionId":"6c5c15","location":"pageInkDom.ts:resolvePageDomHit","message":"dom hit resolved","data":{"clientX":402.5,"clientY":541.5,"method":"rect","hitKind":null},"timestamp":1787926497093,"hypothesisId":"B","runId":"ipad-fix2"}
{"sessionId":"6c5c15","location":"pageInkDom.ts:resolvePageDomHit","message":"dom hit resolved","data":{"clientX":401.5,"clientY":535.5,"method":"rect","hitKind":null},"timestamp":1787926497101,"hypothesisId":"B","runId":"ipad-fix2"}
{"sessionId":"6c5c15","location":"pageInkDom.ts:resolvePageDomHit","message":"dom hit resolved","data":{"clientX":400.5,"clientY":530.5,"method":"rect","hitKind":null},"timestamp":1787926497110,"hypothesisId":"B","runId":"ipad-fix2"}
{"sessionId":"6c5c15","location":"pageInkDom.ts:resolvePageDomHit","message":"dom hit resolved","data":{"clientX":400,"clientY":525.5,"method":"rect","hitKind":null},"timestamp":1787926497118,"hypothesisId":"B","runId":"ipad-fix2"}
{"sessionId":"6c5c15","location":"pageInkDom.ts:resolvePageDomHit","message":"dom hit resolved","data":{"clientX":399,"clientY":522,"method":"rect","hitKind":null},"timestamp":1787926497126,"hypothesisId":"B","runId":"ipad-fix2"}
{"sessionId":"6c5c15","location":"pageInkDom.ts:resolvePageDomHit","message":"dom hit resolved","data":{"clientX":398.5,"clientY":518,"method":"rect","hitKind":null},"timestamp":1787926497135,"hypothesisId":"B","runId":"ipad-fix2"}
{"sessionId":"6c5c15","location":"pageInkDom.ts:resolvePageDomHit","message":"dom hit resolved","data":{"clientX":398,"clientY":514.5,"method":"rect","hitKind":null},"timestamp":1787926497143,"hypothesisId":"B","runId":"ipad-fix2"}
{"sessionId":"6c5c15","location":"pageInkDom.ts:resolvePageDomHit","message":"dom hit resolved","data":{"clientX":397.5,"clientY":511.5,"method":"rect","hitKind":null},"timestamp":1787926497151,"hypothesisId":"B","runId":"ipad-fix2"}
{"sessionId":"6c5c15","location":"pageInkDom.ts:resolvePageDomHit","message":"dom hit resolved","data":{"clientX":397,"clientY":509,"method":"rect","hitKind":null},"timestamp":1787926497160,"hypothesisId":"B","runId":"ipad-fix2"}
{"sessionId":"6c5c15","location":"pageInkDom.ts:resolvePageDomHit","message":"dom hit resolved","data":{"clientX":397,"clientY":506,"method":"rect","hitKind":null},"timestamp":1787926497168,"hypothesisId":"B","runId":"ipad-fix2"}
{"sessionId":"6c5c15","location":"pageInkDom.ts:resolvePageDomHit","message":"dom hit resolved","data":{"clientX":396.5,"clientY":504,"method":"rect","hitKind":null},"timestamp":1787926497176,"hypothesisId":"B","runId":"ipad-fix2"}
{"sessionId":"6c5c15","location":"pageInkDom.ts:resolvePageDomHit","message":"dom hit resolved","data":{"clientX":396,"clientY":501.5,"method":"rect","hitKind":null},"timestamp":1787926497185,"hypothesisId":"B","runId":"ipad-fix2"}
{"sessionId":"6c5c15","location":"pageInkDom.ts:resolvePageDomHit","message":"dom hit resolved","data":{"clientX":395.5,"clientY":499.5,"method":"rect","hitKind":null},"timestamp":1787926497193,"hypothesisId":"B","runId":"ipad-fix2"}
{"sessionId":"6c5c15","location":"pageInkDom.ts:resolvePageDomHit","message":"dom hit resolved","data":{"clientX":395,"clientY":497.5,"method":"rect","hitKind":null},"timestamp":1787926497201,"hypothesisId":"B","runId":"ipad-fix2"}
{"sessionId":"6c5c15","location":"pageInkDom.ts:resolvePageDomHit","message":"dom hit resolved","data":{"clientX":395,"clientY":496,"method":"rect","hitKind":null},"timestamp":1787926497210,"hypothesisId":"B","runId":"ipad-fix2"}
{"sessionId":"6c5c15","location":"pageInkDom.ts:resolvePageDomHit","message":"dom hit resolved","data":{"clientX":394.5,"clientY":494,"method":"rect","hitKind":null},"timestamp":1787926497218,"hypothesisId":"B","runId":"ipad-fix2"}
{"sessionId":"6c5c15","location":"pageInkDom.ts:resolvePageDomHit","message":"dom hit resolved","data":{"clientX":393.5,"clientY":493,"method":"rect","hitKind":null},"timestamp":1787926497226,"hypothesisId":"B","runId":"ipad-fix2"}
{"sessionId":"6c5c15","location":"pageInkDom.ts:resolvePageDomHit","message":"dom hit resolved","data":{"clientX":392.5,"clientY":491.5,"method":"rect","hitKind":null},"timestamp":1787926497243,"hypothesisId":"B","runId":"ipad-fix2"}
{"sessionId":"6c5c15","location":"pageInkDom.ts:resolvePageDomHit","message":"dom hit resolved","data":{"clientX":393,"clientY":491.5,"method":"rect","hitKind":null},"timestamp":1787926497235,"hypothesisId":"B","runId":"ipad-fix2"}
{"sessionId":"6c5c15","location":"pageInkDom.ts:resolvePageDomHit","message":"dom hit resolved","data":{"clientX":392.5,"clientY":491,"method":"rect","hitKind":null},"timestamp":1787926497251,"hypothesisId":"B","runId":"ipad-fix2"}
{"sessionId":"6c5c15","location":"pageInkDom.ts:resolvePageDomHit","message":"dom hit resolved","data":{"clientX":392.5,"clientY":490.5,"method":"rect","hitKind":null},"timestamp":1787926497260,"hypothesisId":"B","runId":"ipad-fix2"}
{"sessionId":"6c5c15","location":"pageInkDom.ts:resolvePageDomHit","message":"dom hit resolved","data":{"clientX":392.5,"clientY":490,"method":"rect","hitKind":null},"timestamp":1787926497268,"hypothesisId":"B","runId":"ipad-fix2"}
{"sessionId":"6c5c15","location":"pageInkDom.ts:resolvePageDomHit","message":"dom hit resolved","data":{"clientX":392,"clientY":490,"method":"rect","hitKind":null},"timestamp":1787926497302,"hypothesisId":"B","runId":"ipad-fix2"}
{"sessionId":"6c5c15","location":"pageInkDom.ts:resolvePageDomHit","message":"dom hit resolved","data":{"clientX":391.5,"clientY":490,"method":"rect","hitKind":null},"timestamp":1787926497318,"hypothesisId":"B","runId":"ipad-fix2"}
{"sessionId":"6c5c15","location":"pageInkDom.ts:resolvePageDomHit","message":"dom hit resolved","data":{"clientX":391,"clientY":490,"method":"rect","hitKind":null},"timestamp":1787926497327,"hypothesisId":"B","runId":"ipad-fix2"}
{"sessionId":"6c5c15","location":"pageInkDom.ts:resolvePageDomHit","message":"dom hit resolved","data":{"clientX":390.5,"clientY":491,"method":"rect","hitKind":null},"timestamp":1787926497335,"hypothesisId":"B","runId":"ipad-fix2"}
{"sessionId":"6c5c15","location":"pageInkDom.ts:resolvePageDomHit","message":"dom hit resolved","data":{"clientX":390.5,"clientY":492,"method":"rect","hitKind":null},"timestamp":1787926497343,"hypothesisId":"B","runId":"ipad-fix2"}
{"sessionId":"6c5c15","location":"pageInkDom.ts:resolvePageDomHit","message":"dom hit resolved","data":{"clientX":389.5,"clientY":494,"method":"rect","hitKind":null},"timestamp":1787926497351,"hypothesisId":"B","runId":"ipad-fix2"}
{"sessionId":"6c5c15","location":"pageInkDom.ts:resolvePageDomHit","message":"dom hit resolved","data":{"clientX":388.5,"clientY":496.5,"method":"rect","hitKind":null},"timestamp":1787926497360,"hypothesisId":"B","runId":"ipad-fix2"}
{"sessionId":"6c5c15","location":"pageInkDom.ts:resolvePageDomHit","message":"dom hit resolved","data":{"clientX":387.5,"clientY":499,"method":"rect","hitKind":null},"timestamp":1787926497368,"hypothesisId":"B","runId":"ipad-fix2"}
{"sessionId":"6c5c15","location":"pageInkDom.ts:resolvePageDomHit","message":"dom hit resolved","data":{"clientX":385.5,"clientY":503.5,"method":"rect","hitKind":null},"timestamp":1787926497377,"hypothesisId":"B","runId":"ipad-fix2"}
{"sessionId":"6c5c15","location":"pageInkDom.ts:resolvePageDomHit","message":"dom hit resolved","data":{"clientX":382.5,"clientY":509.5,"method":"rect","hitKind":null},"timestamp":1787926497385,"hypothesisId":"B","runId":"ipad-fix2"}
{"sessionId":"6c5c15","location":"pageInkDom.ts:resolvePageDomHit","message":"dom hit resolved","data":{"clientX":379.5,"clientY":516.5,"method":"rect","hitKind":null},"timestamp":1787926497393,"hypothesisId":"B","runId":"ipad-fix2"}
{"sessionId":"6c5c15","location":"pageInkDom.ts:resolvePageDomHit","message":"dom hit resolved","data":{"clientX":376.5,"clientY":523.5,"method":"rect","hitKind":null},"timestamp":1787926497401,"hypothesisId":"B","runId":"ipad-fix2"}
{"sessionId":"6c5c15","location":"pageInkDom.ts:resolvePageDomHit","message":"dom hit resolved","data":{"clientX":373.5,"clientY":533,"method":"rect","hitKind":null},"timestamp":1787926497410,"hypothesisId":"B","runId":"ipad-fix2"}
{"sessionId":"6c5c15","location":"pageInkDom.ts:resolvePageDomHit","message":"dom hit resolved","data":{"clientX":371.5,"clientY":539,"method":"rect","hitKind":null},"timestamp":1787926497418,"hypothesisId":"B","runId":"ipad-fix2"}
{"sessionId":"6c5c15","location":"pageInkDom.ts:resolvePageDomHit","message":"dom hit resolved","data":{"clientX":370,"clientY":547,"method":"rect","hitKind":null},"timestamp":1787926497426,"hypothesisId":"B","runId":"ipad-fix2"}
{"sessionId":"6c5c15","location":"pageInkDom.ts:resolvePageDomHit","message":"dom hit resolved","data":{"clientX":368.5,"clientY":553.5,"method":"rect","hitKind":null},"timestamp":1787926497435,"hypothesisId":"B","runId":"ipad-fix2"}
{"sessionId":"6c5c15","location":"pageInkDom.ts:resolvePageDomHit","message":"dom hit resolved","data":{"clientX":367,"clientY":560.5,"method":"rect","hitKind":null},"timestamp":1787926497443,"hypothesisId":"B","runId":"ipad-fix2"}
{"sessionId":"6c5c15","location":"pageInkDom.ts:resolvePageDomHit","message":"dom hit resolved","data":{"clientX":366,"clientY":565.5,"method":"rect","hitKind":null},"timestamp":1787926497451,"hypothesisId":"B","runId":"ipad-fix2"}
{"sessionId":"6c5c15","location":"pageInkDom.ts:resolvePageDomHit","message":"dom hit resolved","data":{"clientX":365,"clientY":571,"method":"rect","hitKind":null},"timestamp":1787926497460,"hypothesisId":"B","runId":"ipad-fix2"}
{"sessionId":"6c5c15","location":"pageInkDom.ts:resolvePageDomHit","message":"dom hit resolved","data":{"clientX":364.5,"clientY":575,"method":"rect","hitKind":null},"timestamp":1787926497468,"hypothesisId":"B","runId":"ipad-fix2"}
{"sessionId":"6c5c15","location":"pageInkDom.ts:resolvePageDomHit","message":"dom hit resolved","data":{"clientX":364,"clientY":579,"method":"rect","hitKind":null},"timestamp":1787926497477,"hypothesisId":"B","runId":"ipad-fix2"}
{"sessionId":"6c5c15","location":"pageInkDom.ts:resolvePageDomHit","message":"dom hit resolved","data":{"clientX":364,"clientY":581.5,"method":"rect","hitKind":null},"timestamp":1787926497485,"hypothesisId":"B","runId":"ipad-fix2"}
{"sessionId":"6c5c15","location":"pageInkDom.ts:resolvePageDomHit","message":"dom hit resolved","data":{"clientX":364,"clientY":584,"method":"rect","hitKind":null},"timestamp":1787926497493,"hypothesisId":"B","runId":"ipad-fix2"}
{"sessionId":"6c5c15","location":"pageInkDom.ts:resolvePageDomHit","message":"dom hit resolved","data":{"clientX":364,"clientY":586,"method":"rect","hitKind":null},"timestamp":1787926497501,"hypothesisId":"B","runId":"ipad-fix2"}
{"sessionId":"6c5c15","location":"pageInkDom.ts:resolvePageDomHit","message":"dom hit resolved","data":{"clientX":364,"clientY":587.5,"method":"rect","hitKind":null},"timestamp":1787926497510,"hypothesisId":"B","runId":"ipad-fix2"}
{"sessionId":"6c5c15","location":"pageInkDom.ts:resolvePageDomHit","message":"dom hit resolved","data":{"clientX":364,"clientY":589,"method":"rect","hitKind":null},"timestamp":1787926497518,"hypothesisId":"B","runId":"ipad-fix2"}
{"sessionId":"6c5c15","location":"pageInkDom.ts:resolvePageDomHit","message":"dom hit resolved","data":{"clientX":364,"clientY":591,"method":"rect","hitKind":null},"timestamp":1787926497526,"hypothesisId":"B","runId":"ipad-fix2"}
{"sessionId":"6c5c15","location":"pageInkDom.ts:resolvePageDomHit","message":"dom hit resolved","data":{"clientX":364,"clientY":593,"method":"rect","hitKind":null},"timestamp":1787926497535,"hypothesisId":"B","runId":"ipad-fix2"}
{"sessionId":"6c5c15","location":"pageInkDom.ts:resolvePageDomHit","message":"dom hit resolved","data":{"clientX":364,"clientY":595,"method":"rect","hitKind":null},"timestamp":1787926497543,"hypothesisId":"B","runId":"ipad-fix2"}
{"sessionId":"6c5c15","location":"pageInkDom.ts:resolvePageDomHit","message":"dom hit resolved","data":{"clientX":363.5,"clientY":597.5,"method":"rect","hitKind":null},"timestamp":1787926497552,"hypothesisId":"B","runId":"ipad-fix2"}
{"sessionId":"6c5c15","location":"pageInkDom.ts:resolvePageDomHit","message":"dom hit resolved","data":{"clientX":363.5,"clientY":599.5,"method":"rect","hitKind":null},"timestamp":1787926497560,"hypothesisId":"B","runId":"ipad-fix2"}
{"sessionId":"6c5c15","location":"pageInkDom.ts:resolvePageDomHit","message":"dom hit resolved","data":{"clientX":363,"clientY":602,"method":"rect","hitKind":null},"timestamp":1787926497568,"hypothesisId":"B","runId":"ipad-fix2"}
{"sessionId":"6c5c15","location":"pageInkDom.ts:resolvePageDomHit","message":"dom hit resolved","data":{"clientX":362.5,"clientY":604.5,"method":"rect","hitKind":null},"timestamp":1787926497577,"hypothesisId":"B","runId":"ipad-fix2"}
{"sessionId":"6c5c15","location":"pageInkDom.ts:resolvePageDomHit","message":"dom hit resolved","data":{"clientX":362.5,"clientY":607,"method":"rect","hitKind":null},"timestamp":1787926497585,"hypothesisId":"B","runId":"ipad-fix2"}
{"sessionId":"6c5c15","location":"pageInkDom.ts:resolvePageDomHit","message":"dom hit resolved","data":{"clientX":361.5,"clientY":615,"method":"rect","hitKind":null},"timestamp":1787926497610,"hypothesisId":"B","runId":"ipad-fix2"}
{"sessionId":"6c5c15","location":"pageInkDom.ts:resolvePageDomHit","message":"dom hit resolved","data":{"clientX":362,"clientY":609.5,"method":"rect","hitKind":null},"timestamp":1787926497593,"hypothesisId":"B","runId":"ipad-fix2"}
{"sessionId":"6c5c15","location":"pageInkDom.ts:resolvePageDomHit","message":"dom hit resolved","data":{"clientX":361.5,"clientY":612,"method":"rect","hitKind":null},"timestamp":1787926497602,"hypothesisId":"B","runId":"ipad-fix2"}
{"sessionId":"6c5c15","location":"pageInkDom.ts:resolvePageDomHit","message":"dom hit resolved","data":{"clientX":361,"clientY":617,"method":"rect","hitKind":null},"timestamp":1787926497618,"hypothesisId":"B","runId":"ipad-fix2"}
{"sessionId":"6c5c15","location":"pageInkDom.ts:resolvePageDomHit","message":"dom hit resolved","data":{"clientX":361,"clientY":619.5,"method":"rect","hitKind":null},"timestamp":1787926497627,"hypothesisId":"B","runId":"ipad-fix2"}
{"sessionId":"6c5c15","location":"pageInkDom.ts:resolvePageDomHit","message":"dom hit resolved","data":{"clientX":360,"clientY":622,"method":"rect","hitKind":null},"timestamp":1787926497635,"hypothesisId":"B","runId":"ipad-fix2"}
{"sessionId":"6c5c15","location":"pageInkDom.ts:resolvePageDomHit","message":"dom hit resolved","data":{"clientX":359.5,"clientY":625,"method":"rect","hitKind":null},"timestamp":1787926497643,"hypothesisId":"B","runId":"ipad-fix2"}
{"sessionId":"6c5c15","location":"pageInkDom.ts:resolvePageDomHit","message":"dom hit resolved","data":{"clientX":359,"clientY":628,"method":"rect","hitKind":null},"timestamp":1787926497652,"hypothesisId":"B","runId":"ipad-fix2"}
{"sessionId":"6c5c15","location":"pageInkDom.ts:resolvePageDomHit","message":"dom hit resolved","data":{"clientX":359,"clientY":631.5,"method":"rect","hitKind":null},"timestamp":1787926497660,"hypothesisId":"B","runId":"ipad-fix2"}
{"sessionId":"6c5c15","location":"pageInkDom.ts:resolvePageDomHit","message":"dom hit resolved","data":{"clientX":358.5,"clientY":635,"method":"rect","hitKind":null},"timestamp":1787926497668,"hypothesisId":"B","runId":"ipad-fix2"}
{"sessionId":"6c5c15","location":"pageInkDom.ts:resolvePageDomHit","message":"dom hit resolved","data":{"clientX":358.5,"clientY":638.5,"method":"rect","hitKind":null},"timestamp":1787926497677,"hypothesisId":"B","runId":"ipad-fix2"}
{"sessionId":"6c5c15","location":"pageInkDom.ts:resolvePageDomHit","message":"dom hit resolved","data":{"clientX":358.5,"clientY":642,"method":"rect","hitKind":null},"timestamp":1787926497685,"hypothesisId":"B","runId":"ipad-fix2"}
{"sessionId":"6c5c15","location":"pageInkDom.ts:resolvePageDomHit","message":"dom hit resolved","data":{"clientX":358.5,"clientY":646,"method":"rect","hitKind":null},"timestamp":1787926497693,"hypothesisId":"B","runId":"ipad-fix2"}
{"sessionId":"6c5c15","location":"pageInkDom.ts:resolvePageDomHit","message":"dom hit resolved","data":{"clientX":358.5,"clientY":649.5,"method":"rect","hitKind":null},"timestamp":1787926497702,"hypothesisId":"B","runId":"ipad-fix2"}
{"sessionId":"6c5c15","location":"pageInkDom.ts:resolvePageDomHit","message":"dom hit resolved","data":{"clientX":358.5,"clientY":653,"method":"rect","hitKind":null},"timestamp":1787926497710,"hypothesisId":"B","runId":"ipad-fix2"}
{"sessionId":"6c5c15","location":"pageInkDom.ts:resolvePageDomHit","message":"dom hit resolved","data":{"clientX":358.5,"clientY":656.5,"method":"rect","hitKind":null},"timestamp":1787926497718,"hypothesisId":"B","runId":"ipad-fix2"}
{"sessionId":"6c5c15","location":"pageInkDom.ts:resolvePageDomHit","message":"dom hit resolved","data":{"clientX":358.5,"clientY":659.5,"method":"rect","hitKind":null},"timestamp":1787926497727,"hypothesisId":"B","runId":"ipad-fix2"}
{"sessionId":"6c5c15","location":"pageInkDom.ts:resolvePageDomHit","message":"dom hit resolved","data":{"clientX":358.5,"clientY":662.5,"method":"rect","hitKind":null},"timestamp":1787926497735,"hypothesisId":"B","runId":"ipad-fix2"}
{"sessionId":"6c5c15","location":"pageInkDom.ts:resolvePageDomHit","message":"dom hit resolved","data":{"clientX":358.5,"clientY":666,"method":"rect","hitKind":null},"timestamp":1787926497743,"hypothesisId":"B","runId":"ipad-fix2"}
{"sessionId":"6c5c15","location":"pageInkDom.ts:resolvePageDomHit","message":"dom hit resolved","data":{"clientX":358.5,"clientY":668.5,"method":"rect","hitKind":null},"timestamp":1787926497752,"hypothesisId":"B","runId":"ipad-fix2"}
{"sessionId":"6c5c15","location":"pageInkDom.ts:resolvePageDomHit","message":"dom hit resolved","data":{"clientX":359,"clientY":671.5,"method":"rect","hitKind":null},"timestamp":1787926497760,"hypothesisId":"B","runId":"ipad-fix2"}
{"sessionId":"6c5c15","location":"pageInkDom.ts:resolvePageDomHit","message":"dom hit resolved","data":{"clientX":359,"clientY":673.5,"method":"rect","hitKind":null},"timestamp":1787926497768,"hypothesisId":"B","runId":"ipad-fix2"}
{"sessionId":"6c5c15","location":"pageInkDom.ts:resolvePageDomHit","message":"dom hit resolved","data":{"clientX":359.5,"clientY":675.5,"method":"rect","hitKind":null},"timestamp":1787926497777,"hypothesisId":"B","runId":"ipad-fix2"}
{"sessionId":"6c5c15","location":"pageInkDom.ts:resolvePageDomHit","message":"dom hit resolved","data":{"clientX":359.5,"clientY":676.5,"method":"rect","hitKind":null},"timestamp":1787926497785,"hypothesisId":"B","runId":"ipad-fix2"}
{"sessionId":"6c5c15","location":"pageInkDom.ts:resolvePageDomHit","message":"dom hit resolved","data":{"clientX":360,"clientY":678.5,"method":"rect","hitKind":null},"timestamp":1787926497793,"hypothesisId":"B","runId":"ipad-fix2"}
{"sessionId":"6c5c15","location":"pageInkDom.ts:resolvePageDomHit","message":"dom hit resolved","data":{"clientX":360.5,"clientY":679,"method":"rect","hitKind":null},"timestamp":1787926497802,"hypothesisId":"B","runId":"ipad-fix2"}
{"sessionId":"6c5c15","location":"pageInkDom.ts:resolvePageDomHit","message":"dom hit resolved","data":{"clientX":361,"clientY":680.5,"method":"rect","hitKind":null},"timestamp":1787926497810,"hypothesisId":"B","runId":"ipad-fix2"}
{"sessionId":"6c5c15","location":"pageInkDom.ts:resolvePageDomHit","message":"dom hit resolved","data":{"clientX":361,"clientY":681,"method":"rect","hitKind":null},"timestamp":1787926497818,"hypothesisId":"B","runId":"ipad-fix2"}
{"sessionId":"6c5c15","location":"pageInkDom.ts:resolvePageDomHit","message":"dom hit resolved","data":{"clientX":361.5,"clientY":682,"method":"rect","hitKind":null},"timestamp":1787926497827,"hypothesisId":"B","runId":"ipad-fix2"}
{"sessionId":"6c5c15","location":"pageInkDom.ts:resolvePageDomHit","message":"dom hit resolved","data":{"clientX":361.5,"clientY":682.5,"method":"rect","hitKind":null},"timestamp":1787926497843,"hypothesisId":"B","runId":"ipad-fix2"}
{"sessionId":"6c5c15","location":"pageInkDom.ts:resolvePageDomHit","message":"dom hit resolved","data":{"clientX":362,"clientY":682,"method":"rect","hitKind":null},"timestamp":1787926497885,"hypothesisId":"B","runId":"ipad-fix2"}
{"sessionId":"6c5c15","location":"useEditorController.tsx:textTapUp","message":"text tap up","data":{"pointerType":"touch","hasPending":false,"dist":89.05195112966364},"timestamp":1787926497893,"hypothesisId":"A,E","runId":"post-fix2"}
{"sessionId":"6c5c15","location":"pageInkDom.ts:resolvePageDomHit","message":"dom hit resolved","data":{"clientX":365,"clientY":678.5,"method":"rect","hitKind":null},"timestamp":1787926497894,"hypothesisId":"B","runId":"ipad-fix2"}
{"sessionId":"6c5c15","location":"useEditorController.tsx:textTapDown","message":"global pointerdown","data":{"pointerType":"touch","tracked":true},"timestamp":1787926498312,"hypothesisId":"A","runId":"post-fix"}
{"sessionId":"6c5c15","location":"pageInkDom.ts:resolvePageDomHit","message":"dom hit resolved","data":{"clientX":286,"clientY":293,"method":"rect","hitKind":"page","pageId":"c1caf8b6-38cd-4d92-90f7-50f9baee7d01","localX":407.8586018696554,"localY":641.9970096292701},"timestamp":1787926498314,"hypothesisId":"B","runId":"ipad-fix2"}
{"sessionId":"6c5c15","location":"useEditorController.tsx:textTapUp","message":"text tap up","data":{"pointerType":"touch","hasPending":false,"dist":0},"timestamp":1787926498344,"hypothesisId":"A,E","runId":"post-fix2"}
{"sessionId":"6c5c15","location":"pageInkDom.ts:resolvePageDomHit","message":"dom hit resolved","data":{"clientX":286,"clientY":293,"method":"rect","hitKind":"page","pageId":"c1caf8b6-38cd-4d92-90f7-50f9baee7d01","localX":407.8586018696554,"localY":641.9970096292701},"timestamp":1787926498344,"hypothesisId":"B","runId":"ipad-fix2"}
{"sessionId":"6c5c15","location":"workspaceFsm.tsx:fingerTapUp","message":"finger tap up","data":{"tool":"text","downHitKind":"page","upHitKind":"page","usedHitKind":"page","effectTypes":["createText"],"createX":407.8586018696554,"createY":641.9970096292701,"domLocalX":407.8586018696554,"domLocalY":641.9970096292701,"clientX":286,"clientY":293},"timestamp":1787926498345,"hypothesisId":"A,D,F","runId":"ipad-fix3"}
{"sessionId":"6c5c15","location":"useEditorController.tsx:createTextEffect","message":"createText effect","data":{"pageId":"c1caf8b6-38cd-4d92-90f7-50f9baee7d01","x":407.8586018696554,"y":641.9970096292701,"hasTrack":false,"tool":"text","pointerType":"unknown"},"timestamp":1787926498345,"hypothesisId":"A,E","runId":"ipad-fix"}
{"sessionId":"6c5c15","location":"useEditorController.tsx:textTapDown","message":"global pointerdown","data":{"pointerType":"touch","tracked":true},"timestamp":1787926502733,"hypothesisId":"A","runId":"post-fix"}
{"sessionId":"6c5c15","location":"useEditorController.tsx:textTapUp","message":"text tap up","data":{"pointerType":"touch","hasPending":false,"dist":0},"timestamp":1787926502806,"hypothesisId":"A,E","runId":"post-fix2"}
{"sessionId":"6c5c15","location":"TextEditBar.tsx:runExplicitCommit","message":"commit plan","data":{"textId":"432ec52a-66ad-47b5-98cd-86b47d590087","draftLen":3,"textareaLen":3,"draftMatchTextarea":true,"savedLen":0,"composing":false,"forceOnExplicit":false,"planKind":"commit"},"timestamp":1787926502818,"hypothesisId":"B,C","runId":"post-fix"}
{"sessionId":"6c5c15","location":"TextEditBar.tsx:handleBlur","message":"textarea blur","data":{"textId":"432ec52a-66ad-47b5-98cd-86b47d590087","draftLen":3,"textareaLen":3,"draftEmpty":false,"textareaEmpty":false},"timestamp":1787926502817,"hypothesisId":"B","runId":"post-fix"}
{"sessionId":"6c5c15","location":"useEditorController.tsx:commitTextEdit","message":"commitTextEdit","data":{"textId":"432ec52a-66ad-47b5-98cd-86b47d590087","contentLen":3,"empty":false},"timestamp":1787926502818,"hypothesisId":"C,D"}
{"sessionId":"6c5c15","location":"useEditorController.tsx:textTapDown","message":"global pointerdown","data":{"pointerType":"touch","tracked":true},"timestamp":1787926504308,"hypothesisId":"A","runId":"post-fix"}
{"sessionId":"6c5c15","location":"pageInkDom.ts:resolvePageDomHit","message":"dom hit resolved","data":{"clientX":351,"clientY":739.5,"method":"rect","hitKind":null},"timestamp":1787926504310,"hypothesisId":"B","runId":"ipad-fix2"}
{"sessionId":"6c5c15","location":"pageInkDom.ts:resolvePageDomHit","message":"dom hit resolved","data":{"clientX":340.5,"clientY":712,"method":"rect","hitKind":null},"timestamp":1787926504332,"hypothesisId":"B","runId":"ipad-fix2"}
{"sessionId":"6c5c15","location":"pageInkDom.ts:resolvePageDomHit","message":"dom hit resolved","data":{"clientX":340.5,"clientY":712,"method":"rect","hitKind":null},"timestamp":1787926504333,"hypothesisId":"B","runId":"ipad-fix2"}
{"sessionId":"6c5c15","location":"pageInkDom.ts:resolvePageDomHit","message":"dom hit resolved","data":{"clientX":335.5,"clientY":685,"method":"rect","hitKind":null},"timestamp":1787926504344,"hypothesisId":"B","runId":"ipad-fix2"}
{"sessionId":"6c5c15","location":"pageInkDom.ts:resolvePageDomHit","message":"dom hit resolved","data":{"clientX":337,"clientY":693.5,"method":"rect","hitKind":null},"timestamp":1787926504334,"hypothesisId":"B","runId":"ipad-fix2"}
{"sessionId":"6c5c15","location":"pageInkDom.ts:resolvePageDomHit","message":"dom hit resolved","data":{"clientX":334.5,"clientY":675,"method":"rect","hitKind":null},"timestamp":1787926504350,"hypothesisId":"B","runId":"ipad-fix2"}
{"sessionId":"6c5c15","location":"pageInkDom.ts:resolvePageDomHit","message":"dom hit resolved","data":{"clientX":333.5,"clientY":664.5,"method":"rect","hitKind":null},"timestamp":1787926504356,"hypothesisId":"B","runId":"ipad-fix2"}
{"sessionId":"6c5c15","location":"pageInkDom.ts:resolvePageDomHit","message":"dom hit resolved","data":{"clientX":333.5,"clientY":654.5,"method":"rect","hitKind":null},"timestamp":1787926504364,"hypothesisId":"B","runId":"ipad-fix2"}
{"sessionId":"6c5c15","location":"pageInkDom.ts:resolvePageDomHit","message":"dom hit resolved","data":{"clientX":333.5,"clientY":641.5,"method":"rect","hitKind":null},"timestamp":1787926504372,"hypothesisId":"B","runId":"ipad-fix2"}
{"sessionId":"6c5c15","location":"pageInkDom.ts:resolvePageDomHit","message":"dom hit resolved","data":{"clientX":333.5,"clientY":615.5,"method":"rect","hitKind":null},"timestamp":1787926504389,"hypothesisId":"B","runId":"ipad-fix2"}
{"sessionId":"6c5c15","location":"pageInkDom.ts:resolvePageDomHit","message":"dom hit resolved","data":{"clientX":333.5,"clientY":629.5,"method":"rect","hitKind":null},"timestamp":1787926504381,"hypothesisId":"B","runId":"ipad-fix2"}
{"sessionId":"6c5c15","location":"pageInkDom.ts:resolvePageDomHit","message":"dom hit resolved","data":{"clientX":335,"clientY":601,"method":"rect","hitKind":null},"timestamp":1787926504397,"hypothesisId":"B","runId":"ipad-fix2"}
{"sessionId":"6c5c15","location":"pageInkDom.ts:resolvePageDomHit","message":"dom hit resolved","data":{"clientX":338.5,"clientY":586.5,"method":"rect","hitKind":null},"timestamp":1787926504406,"hypothesisId":"B","runId":"ipad-fix2"}
{"sessionId":"6c5c15","location":"pageInkDom.ts:resolvePageDomHit","message":"dom hit resolved","data":{"clientX":343,"clientY":569.5,"method":"rect","hitKind":null},"timestamp":1787926504414,"hypothesisId":"B","runId":"ipad-fix2"}
{"sessionId":"6c5c15","location":"pageInkDom.ts:resolvePageDomHit","message":"dom hit resolved","data":{"clientX":350,"clientY":550.5,"method":"rect","hitKind":null},"timestamp":1787926504422,"hypothesisId":"B","runId":"ipad-fix2"}
{"sessionId":"6c5c15","location":"pageInkDom.ts:resolvePageDomHit","message":"dom hit resolved","data":{"clientX":357,"clientY":533,"method":"rect","hitKind":null},"timestamp":1787926504431,"hypothesisId":"B","runId":"ipad-fix2"}
{"sessionId":"6c5c15","location":"pageInkDom.ts:resolvePageDomHit","message":"dom hit resolved","data":{"clientX":365,"clientY":514.5,"method":"rect","hitKind":null},"timestamp":1787926504439,"hypothesisId":"B","runId":"ipad-fix2"}
{"sessionId":"6c5c15","location":"pageInkDom.ts:resolvePageDomHit","message":"dom hit resolved","data":{"clientX":373.5,"clientY":497.5,"method":"rect","hitKind":null},"timestamp":1787926504447,"hypothesisId":"B","runId":"ipad-fix2"}
{"sessionId":"6c5c15","location":"pageInkDom.ts:resolvePageDomHit","message":"dom hit resolved","data":{"clientX":380.5,"clientY":479.5,"method":"rect","hitKind":null},"timestamp":1787926504456,"hypothesisId":"B","runId":"ipad-fix2"}
{"sessionId":"6c5c15","location":"pageInkDom.ts:resolvePageDomHit","message":"dom hit resolved","data":{"clientX":387.5,"clientY":465,"method":"rect","hitKind":null},"timestamp":1787926504464,"hypothesisId":"B","runId":"ipad-fix2"}
{"sessionId":"6c5c15","location":"pageInkDom.ts:resolvePageDomHit","message":"dom hit resolved","data":{"clientX":395,"clientY":445.5,"method":"rect","hitKind":null},"timestamp":1787926504472,"hypothesisId":"B","runId":"ipad-fix2"}
{"sessionId":"6c5c15","location":"pageInkDom.ts:resolvePageDomHit","message":"dom hit resolved","data":{"clientX":401.5,"clientY":430.5,"method":"rect","hitKind":null},"timestamp":1787926504481,"hypothesisId":"B","runId":"ipad-fix2"}
{"sessionId":"6c5c15","location":"pageInkDom.ts:resolvePageDomHit","message":"dom hit resolved","data":{"clientX":408,"clientY":415.5,"method":"rect","hitKind":null},"timestamp":1787926504489,"hypothesisId":"B","runId":"ipad-fix2"}
{"sessionId":"6c5c15","location":"pageInkDom.ts:resolvePageDomHit","message":"dom hit resolved","data":{"clientX":414.5,"clientY":401.5,"method":"rect","hitKind":null},"timestamp":1787926504497,"hypothesisId":"B","runId":"ipad-fix2"}
{"sessionId":"6c5c15","location":"pageInkDom.ts:resolvePageDomHit","message":"dom hit resolved","data":{"clientX":419.5,"clientY":387,"method":"rect","hitKind":null},"timestamp":1787926504506,"hypothesisId":"B","runId":"ipad-fix2"}
{"sessionId":"6c5c15","location":"pageInkDom.ts:resolvePageDomHit","message":"dom hit resolved","data":{"clientX":425,"clientY":374,"method":"rect","hitKind":null},"timestamp":1787926504514,"hypothesisId":"B","runId":"ipad-fix2"}
{"sessionId":"6c5c15","location":"pageInkDom.ts:resolvePageDomHit","message":"dom hit resolved","data":{"clientX":430,"clientY":360.5,"method":"rect","hitKind":null},"timestamp":1787926504522,"hypothesisId":"B","runId":"ipad-fix2"}
{"sessionId":"6c5c15","location":"pageInkDom.ts:resolvePageDomHit","message":"dom hit resolved","data":{"clientX":439.5,"clientY":337.5,"method":"rect","hitKind":null},"timestamp":1787926504539,"hypothesisId":"B","runId":"ipad-fix2"}
{"sessionId":"6c5c15","location":"pageInkDom.ts:resolvePageDomHit","message":"dom hit resolved","data":{"clientX":435.5,"clientY":348,"method":"rect","hitKind":null},"timestamp":1787926504531,"hypothesisId":"B","runId":"ipad-fix2"}
{"sessionId":"6c5c15","location":"pageInkDom.ts:resolvePageDomHit","message":"dom hit resolved","data":{"clientX":445,"clientY":325,"method":"rect","hitKind":null},"timestamp":1787926504547,"hypothesisId":"B","runId":"ipad-fix2"}
{"sessionId":"6c5c15","location":"pageInkDom.ts:resolvePageDomHit","message":"dom hit resolved","data":{"clientX":448.5,"clientY":315.5,"method":"rect","hitKind":null},"timestamp":1787926504556,"hypothesisId":"B","runId":"ipad-fix2"}
{"sessionId":"6c5c15","location":"pageInkDom.ts:resolvePageDomHit","message":"dom hit resolved","data":{"clientX":453,"clientY":305,"method":"rect","hitKind":null},"timestamp":1787926504564,"hypothesisId":"B","runId":"ipad-fix2"}
{"sessionId":"6c5c15","location":"pageInkDom.ts:resolvePageDomHit","message":"dom hit resolved","data":{"clientX":457,"clientY":295,"method":"rect","hitKind":null},"timestamp":1787926504572,"hypothesisId":"B","runId":"ipad-fix2"}
{"sessionId":"6c5c15","location":"pageInkDom.ts:resolvePageDomHit","message":"dom hit resolved","data":{"clientX":460.5,"clientY":286,"method":"rect","hitKind":null},"timestamp":1787926504581,"hypothesisId":"B","runId":"ipad-fix2"}
{"sessionId":"6c5c15","location":"pageInkDom.ts:resolvePageDomHit","message":"dom hit resolved","data":{"clientX":463,"clientY":277.5,"method":"rect","hitKind":null},"timestamp":1787926504589,"hypothesisId":"B","runId":"ipad-fix2"}
{"sessionId":"6c5c15","location":"pageInkDom.ts:resolvePageDomHit","message":"dom hit resolved","data":{"clientX":466,"clientY":269.5,"method":"rect","hitKind":null},"timestamp":1787926504597,"hypothesisId":"B","runId":"ipad-fix2"}
{"sessionId":"6c5c15","location":"pageInkDom.ts:resolvePageDomHit","message":"dom hit resolved","data":{"clientX":468,"clientY":262,"method":"rect","hitKind":null},"timestamp":1787926504606,"hypothesisId":"B","runId":"ipad-fix2"}
{"sessionId":"6c5c15","location":"pageInkDom.ts:resolvePageDomHit","message":"dom hit resolved","data":{"clientX":469.5,"clientY":255.5,"method":"rect","hitKind":null},"timestamp":1787926504614,"hypothesisId":"B","runId":"ipad-fix2"}
{"sessionId":"6c5c15","location":"pageInkDom.ts:resolvePageDomHit","message":"dom hit resolved","data":{"clientX":471,"clientY":250,"method":"rect","hitKind":null},"timestamp":1787926504622,"hypothesisId":"B","runId":"ipad-fix2"}
{"sessionId":"6c5c15","location":"pageInkDom.ts:resolvePageDomHit","message":"dom hit resolved","data":{"clientX":472,"clientY":245,"method":"rect","hitKind":null},"timestamp":1787926504631,"hypothesisId":"B","runId":"ipad-fix2"}
{"sessionId":"6c5c15","location":"pageInkDom.ts:resolvePageDomHit","message":"dom hit resolved","data":{"clientX":472.5,"clientY":240,"method":"rect","hitKind":null},"timestamp":1787926504639,"hypothesisId":"B","runId":"ipad-fix2"}
{"sessionId":"6c5c15","location":"pageInkDom.ts:resolvePageDomHit","message":"dom hit resolved","data":{"clientX":473.5,"clientY":236.5,"method":"rect","hitKind":null},"timestamp":1787926504647,"hypothesisId":"B","runId":"ipad-fix2"}
{"sessionId":"6c5c15","location":"pageInkDom.ts:resolvePageDomHit","message":"dom hit resolved","data":{"clientX":474.5,"clientY":232,"method":"rect","hitKind":null},"timestamp":1787926504656,"hypothesisId":"B","runId":"ipad-fix2"}
{"sessionId":"6c5c15","location":"pageInkDom.ts:resolvePageDomHit","message":"dom hit resolved","data":{"clientX":476.5,"clientY":229,"method":"rect","hitKind":null},"timestamp":1787926504664,"hypothesisId":"B","runId":"ipad-fix2"}
{"sessionId":"6c5c15","location":"pageInkDom.ts:resolvePageDomHit","message":"dom hit resolved","data":{"clientX":479,"clientY":225,"method":"rect","hitKind":null},"timestamp":1787926504672,"hypothesisId":"B","runId":"ipad-fix2"}
{"sessionId":"6c5c15","location":"pageInkDom.ts:resolvePageDomHit","message":"dom hit resolved","data":{"clientX":481,"clientY":222.5,"method":"rect","hitKind":null},"timestamp":1787926504681,"hypothesisId":"B","runId":"ipad-fix2"}
{"sessionId":"6c5c15","location":"pageInkDom.ts:resolvePageDomHit","message":"dom hit resolved","data":{"clientX":483,"clientY":219.5,"method":"rect","hitKind":null},"timestamp":1787926504689,"hypothesisId":"B","runId":"ipad-fix2"}
{"sessionId":"6c5c15","location":"pageInkDom.ts:resolvePageDomHit","message":"dom hit resolved","data":{"clientX":484.5,"clientY":217.5,"method":"rect","hitKind":null},"timestamp":1787926504697,"hypothesisId":"B","runId":"ipad-fix2"}
{"sessionId":"6c5c15","location":"pageInkDom.ts:resolvePageDomHit","message":"dom hit resolved","data":{"clientX":485.5,"clientY":216,"method":"rect","hitKind":null},"timestamp":1787926504706,"hypothesisId":"B","runId":"ipad-fix2"}
{"sessionId":"6c5c15","location":"pageInkDom.ts:resolvePageDomHit","message":"dom hit resolved","data":{"clientX":486,"clientY":215,"method":"rect","hitKind":null},"timestamp":1787926504714,"hypothesisId":"B","runId":"ipad-fix2"}
{"sessionId":"6c5c15","location":"pageInkDom.ts:resolvePageDomHit","message":"dom hit resolved","data":{"clientX":486.5,"clientY":214.5,"method":"rect","hitKind":null},"timestamp":1787926504722,"hypothesisId":"B","runId":"ipad-fix2"}
{"sessionId":"6c5c15","location":"pageInkDom.ts:resolvePageDomHit","message":"dom hit resolved","data":{"clientX":486.5,"clientY":214,"method":"rect","hitKind":null},"timestamp":1787926504731,"hypothesisId":"B","runId":"ipad-fix2"}
{"sessionId":"6c5c15","location":"pageInkDom.ts:resolvePageDomHit","message":"dom hit resolved","data":{"clientX":486.5,"clientY":213.5,"method":"rect","hitKind":null},"timestamp":1787926504739,"hypothesisId":"B","runId":"ipad-fix2"}
{"sessionId":"6c5c15","location":"pageInkDom.ts:resolvePageDomHit","message":"dom hit resolved","data":{"clientX":487,"clientY":213.5,"method":"rect","hitKind":null},"timestamp":1787926504748,"hypothesisId":"B","runId":"ipad-fix2"}
{"sessionId":"6c5c15","location":"pageInkDom.ts:resolvePageDomHit","message":"dom hit resolved","data":{"clientX":487,"clientY":214,"method":"rect","hitKind":null},"timestamp":1787926504898,"hypothesisId":"B","runId":"ipad-fix2"}
{"sessionId":"6c5c15","location":"pageInkDom.ts:resolvePageDomHit","message":"dom hit resolved","data":{"clientX":487,"clientY":214.5,"method":"rect","hitKind":null},"timestamp":1787926504906,"hypothesisId":"B","runId":"ipad-fix2"}
{"sessionId":"6c5c15","location":"pageInkDom.ts:resolvePageDomHit","message":"dom hit resolved","data":{"clientX":487,"clientY":217,"method":"rect","hitKind":null},"timestamp":1787926504915,"hypothesisId":"B","runId":"ipad-fix2"}
{"sessionId":"6c5c15","location":"pageInkDom.ts:resolvePageDomHit","message":"dom hit resolved","data":{"clientX":486.5,"clientY":219,"method":"rect","hitKind":null},"timestamp":1787926504923,"hypothesisId":"B","runId":"ipad-fix2"}
{"sessionId":"6c5c15","location":"pageInkDom.ts:resolvePageDomHit","message":"dom hit resolved","data":{"clientX":486,"clientY":219.5,"method":"rect","hitKind":null},"timestamp":1787926504931,"hypothesisId":"B","runId":"ipad-fix2"}
{"sessionId":"6c5c15","location":"pageInkDom.ts:resolvePageDomHit","message":"dom hit resolved","data":{"clientX":483,"clientY":224.5,"method":"rect","hitKind":null},"timestamp":1787926504939,"hypothesisId":"B","runId":"ipad-fix2"}
{"sessionId":"6c5c15","location":"pageInkDom.ts:resolvePageDomHit","message":"dom hit resolved","data":{"clientX":480,"clientY":230,"method":"rect","hitKind":null},"timestamp":1787926504948,"hypothesisId":"B","runId":"ipad-fix2"}
{"sessionId":"6c5c15","location":"pageInkDom.ts:resolvePageDomHit","message":"dom hit resolved","data":{"clientX":477,"clientY":235,"method":"rect","hitKind":null},"timestamp":1787926504956,"hypothesisId":"B","runId":"ipad-fix2"}
{"sessionId":"6c5c15","location":"pageInkDom.ts:resolvePageDomHit","message":"dom hit resolved","data":{"clientX":474,"clientY":242.5,"method":"rect","hitKind":null},"timestamp":1787926504964,"hypothesisId":"B","runId":"ipad-fix2"}
{"sessionId":"6c5c15","location":"pageInkDom.ts:resolvePageDomHit","message":"dom hit resolved","data":{"clientX":472,"clientY":247,"method":"rect","hitKind":null},"timestamp":1787926504973,"hypothesisId":"B","runId":"ipad-fix2"}
{"sessionId":"6c5c15","location":"pageInkDom.ts:resolvePageDomHit","message":"dom hit resolved","data":{"clientX":469,"clientY":253,"method":"rect","hitKind":null},"timestamp":1787926504981,"hypothesisId":"B","runId":"ipad-fix2"}
{"sessionId":"6c5c15","location":"pageInkDom.ts:resolvePageDomHit","message":"dom hit resolved","data":{"clientX":466.5,"clientY":258.5,"method":"rect","hitKind":null},"timestamp":1787926504989,"hypothesisId":"B","runId":"ipad-fix2"}
{"sessionId":"6c5c15","location":"pageInkDom.ts:resolvePageDomHit","message":"dom hit resolved","data":{"clientX":464.5,"clientY":265.5,"method":"rect","hitKind":null},"timestamp":1787926504998,"hypothesisId":"B","runId":"ipad-fix2"}
{"sessionId":"6c5c15","location":"pageInkDom.ts:resolvePageDomHit","message":"dom hit resolved","data":{"clientX":462.5,"clientY":269,"method":"rect","hitKind":null},"timestamp":1787926505006,"hypothesisId":"B","runId":"ipad-fix2"}
{"sessionId":"6c5c15","location":"pageInkDom.ts:resolvePageDomHit","message":"dom hit resolved","data":{"clientX":460,"clientY":275,"method":"rect","hitKind":null},"timestamp":1787926505014,"hypothesisId":"B","runId":"ipad-fix2"}
{"sessionId":"6c5c15","location":"pageInkDom.ts:resolvePageDomHit","message":"dom hit resolved","data":{"clientX":458.5,"clientY":278.5,"method":"rect","hitKind":null},"timestamp":1787926505023,"hypothesisId":"B","runId":"ipad-fix2"}
{"sessionId":"6c5c15","location":"pageInkDom.ts:resolvePageDomHit","message":"dom hit resolved","data":{"clientX":457.5,"clientY":284,"method":"rect","hitKind":null},"timestamp":1787926505031,"hypothesisId":"B","runId":"ipad-fix2"}
{"sessionId":"6c5c15","location":"pageInkDom.ts:resolvePageDomHit","message":"dom hit resolved","data":{"clientX":456,"clientY":287.5,"method":"rect","hitKind":null},"timestamp":1787926505039,"hypothesisId":"B","runId":"ipad-fix2"}
{"sessionId":"6c5c15","location":"pageInkDom.ts:resolvePageDomHit","message":"dom hit resolved","data":{"clientX":455,"clientY":291,"method":"rect","hitKind":null},"timestamp":1787926505048,"hypothesisId":"B","runId":"ipad-fix2"}
{"sessionId":"6c5c15","location":"pageInkDom.ts:resolvePageDomHit","message":"dom hit resolved","data":{"clientX":454.5,"clientY":293.5,"method":"rect","hitKind":null},"timestamp":1787926505056,"hypothesisId":"B","runId":"ipad-fix2"}
{"sessionId":"6c5c15","location":"pageInkDom.ts:resolvePageDomHit","message":"dom hit resolved","data":{"clientX":454,"clientY":296,"method":"rect","hitKind":null},"timestamp":1787926505064,"hypothesisId":"B","runId":"ipad-fix2"}
{"sessionId":"6c5c15","location":"pageInkDom.ts:resolvePageDomHit","message":"dom hit resolved","data":{"clientX":453.5,"clientY":297,"method":"rect","hitKind":null},"timestamp":1787926505073,"hypothesisId":"B","runId":"ipad-fix2"}
{"sessionId":"6c5c15","location":"pageInkDom.ts:resolvePageDomHit","message":"dom hit resolved","data":{"clientX":453.5,"clientY":299,"method":"rect","hitKind":null},"timestamp":1787926505081,"hypothesisId":"B","runId":"ipad-fix2"}
{"sessionId":"6c5c15","location":"pageInkDom.ts:resolvePageDomHit","message":"dom hit resolved","data":{"clientX":453.5,"clientY":299.5,"method":"rect","hitKind":null},"timestamp":1787926505089,"hypothesisId":"B","runId":"ipad-fix2"}
{"sessionId":"6c5c15","location":"pageInkDom.ts:resolvePageDomHit","message":"dom hit resolved","data":{"clientX":453.5,"clientY":300,"method":"rect","hitKind":null},"timestamp":1787926505098,"hypothesisId":"B","runId":"ipad-fix2"}
{"sessionId":"6c5c15","location":"pageInkDom.ts:resolvePageDomHit","message":"dom hit resolved","data":{"clientX":453.5,"clientY":301,"method":"rect","hitKind":null},"timestamp":1787926505114,"hypothesisId":"B","runId":"ipad-fix2"}
{"sessionId":"6c5c15","location":"pageInkDom.ts:resolvePageDomHit","message":"dom hit resolved","data":{"clientX":453.5,"clientY":300,"method":"rect","hitKind":null},"timestamp":1787926505215,"hypothesisId":"B","runId":"ipad-fix2"}
{"sessionId":"6c5c15","location":"pageInkDom.ts:resolvePageDomHit","message":"dom hit resolved","data":{"clientX":453.5,"clientY":299.5,"method":"rect","hitKind":null},"timestamp":1787926505231,"hypothesisId":"B","runId":"ipad-fix2"}
{"sessionId":"6c5c15","location":"pageInkDom.ts:resolvePageDomHit","message":"dom hit resolved","data":{"clientX":453.5,"clientY":298,"method":"rect","hitKind":null},"timestamp":1787926505248,"hypothesisId":"B","runId":"ipad-fix2"}
{"sessionId":"6c5c15","location":"pageInkDom.ts:resolvePageDomHit","message":"dom hit resolved","data":{"clientX":453,"clientY":297.5,"method":"rect","hitKind":null},"timestamp":1787926505256,"hypothesisId":"B","runId":"ipad-fix2"}
{"sessionId":"6c5c15","location":"pageInkDom.ts:resolvePageDomHit","message":"dom hit resolved","data":{"clientX":453,"clientY":297,"method":"rect","hitKind":null},"timestamp":1787926505273,"hypothesisId":"B","runId":"ipad-fix2"}
{"sessionId":"6c5c15","location":"pageInkDom.ts:resolvePageDomHit","message":"dom hit resolved","data":{"clientX":453,"clientY":296,"method":"rect","hitKind":null},"timestamp":1787926505290,"hypothesisId":"B","runId":"ipad-fix2"}
{"sessionId":"6c5c15","location":"useEditorController.tsx:textTapUp","message":"text tap up","data":{"pointerType":"touch","hasPending":false,"dist":454.03661746603655},"timestamp":1787926505323,"hypothesisId":"A,E","runId":"post-fix2"}
{"sessionId":"6c5c15","location":"pageInkDom.ts:resolvePageDomHit","message":"dom hit resolved","data":{"clientX":450.5,"clientY":296.5,"method":"rect","hitKind":null},"timestamp":1787926505324,"hypothesisId":"B","runId":"ipad-fix2"}
{"sessionId":"6c5c15","location":"useEditorController.tsx:textTapDown","message":"global pointerdown","data":{"pointerType":"touch","tracked":true},"timestamp":1787926505929,"hypothesisId":"A","runId":"post-fix"}
{"sessionId":"6c5c15","location":"pageInkDom.ts:resolvePageDomHit","message":"dom hit resolved","data":{"clientX":487,"clientY":728,"method":"rect","hitKind":null},"timestamp":1787926505931,"hypothesisId":"B","runId":"ipad-fix2"}
{"sessionId":"6c5c15","location":"pageInkDom.ts:resolvePageDomHit","message":"dom hit resolved","data":{"clientX":485,"clientY":720.5,"method":"rect","hitKind":null},"timestamp":1787926505982,"hypothesisId":"B","runId":"ipad-fix2"}
{"sessionId":"6c5c15","location":"pageInkDom.ts:resolvePageDomHit","message":"dom hit resolved","data":{"clientX":485,"clientY":720.5,"method":"rect","hitKind":null},"timestamp":1787926505984,"hypothesisId":"B","runId":"ipad-fix2"}
{"sessionId":"6c5c15","location":"pageInkDom.ts:resolvePageDomHit","message":"dom hit resolved","data":{"clientX":485,"clientY":718,"method":"rect","hitKind":null},"timestamp":1787926505999,"hypothesisId":"B","runId":"ipad-fix2"}
{"sessionId":"6c5c15","location":"pageInkDom.ts:resolvePageDomHit","message":"dom hit resolved","data":{"clientX":485,"clientY":715,"method":"rect","hitKind":null},"timestamp":1787926506007,"hypothesisId":"B","runId":"ipad-fix2"}
{"sessionId":"6c5c15","location":"pageInkDom.ts:resolvePageDomHit","message":"dom hit resolved","data":{"clientX":484.5,"clientY":710.5,"method":"rect","hitKind":null},"timestamp":1787926506008,"hypothesisId":"B","runId":"ipad-fix2"}
{"sessionId":"6c5c15","location":"pageInkDom.ts:resolvePageDomHit","message":"dom hit resolved","data":{"clientX":484,"clientY":700.5,"method":"rect","hitKind":null},"timestamp":1787926506023,"hypothesisId":"B","runId":"ipad-fix2"}
{"sessionId":"6c5c15","location":"pageInkDom.ts:resolvePageDomHit","message":"dom hit resolved","data":{"clientX":484,"clientY":694,"method":"rect","hitKind":null},"timestamp":1787926506045,"hypothesisId":"B","runId":"ipad-fix2"}
{"sessionId":"6c5c15","location":"pageInkDom.ts:resolvePageDomHit","message":"dom hit resolved","data":{"clientX":484,"clientY":680.5,"method":"rect","hitKind":null},"timestamp":1787926506051,"hypothesisId":"B","runId":"ipad-fix2"}
{"sessionId":"6c5c15","location":"pageInkDom.ts:resolvePageDomHit","message":"dom hit resolved","data":{"clientX":484,"clientY":673,"method":"rect","hitKind":null},"timestamp":1787926506058,"hypothesisId":"B","runId":"ipad-fix2"}
{"sessionId":"6c5c15","location":"pageInkDom.ts:resolvePageDomHit","message":"dom hit resolved","data":{"clientX":484.5,"clientY":658,"method":"rect","hitKind":null},"timestamp":1787926506073,"hypothesisId":"B","runId":"ipad-fix2"}
{"sessionId":"6c5c15","location":"pageInkDom.ts:resolvePageDomHit","message":"dom hit resolved","data":{"clientX":485,"clientY":642.5,"method":"rect","hitKind":null},"timestamp":1787926506090,"hypothesisId":"B","runId":"ipad-fix2"}
{"sessionId":"6c5c15","location":"pageInkDom.ts:resolvePageDomHit","message":"dom hit resolved","data":{"clientX":485,"clientY":626.5,"method":"rect","hitKind":null},"timestamp":1787926506107,"hypothesisId":"B","runId":"ipad-fix2"}
{"sessionId":"6c5c15","location":"pageInkDom.ts:resolvePageDomHit","message":"dom hit resolved","data":{"clientX":478.5,"clientY":610,"method":"rect","hitKind":null},"timestamp":1787926506123,"hypothesisId":"B","runId":"ipad-fix2"}
{"sessionId":"6c5c15","location":"pageInkDom.ts:resolvePageDomHit","message":"dom hit resolved","data":{"clientX":470.5,"clientY":595.5,"method":"rect","hitKind":null},"timestamp":1787926506140,"hypothesisId":"B","runId":"ipad-fix2"}
{"sessionId":"6c5c15","location":"pageInkDom.ts:resolvePageDomHit","message":"dom hit resolved","data":{"clientX":459,"clientY":580,"method":"rect","hitKind":null},"timestamp":1787926506157,"hypothesisId":"B","runId":"ipad-fix2"}
{"sessionId":"6c5c15","location":"pageInkDom.ts:resolvePageDomHit","message":"dom hit resolved","data":{"clientX":447.5,"clientY":566.5,"method":"rect","hitKind":null},"timestamp":1787926506173,"hypothesisId":"B","runId":"ipad-fix2"}
{"sessionId":"6c5c15","location":"pageInkDom.ts:resolvePageDomHit","message":"dom hit resolved","data":{"clientX":436,"clientY":554.5,"method":"rect","hitKind":null},"timestamp":1787926506190,"hypothesisId":"B","runId":"ipad-fix2"}
{"sessionId":"6c5c15","location":"pageInkDom.ts:resolvePageDomHit","message":"dom hit resolved","data":{"clientX":421.5,"clientY":543.5,"method":"rect","hitKind":null},"timestamp":1787926506207,"hypothesisId":"B","runId":"ipad-fix2"}
{"sessionId":"6c5c15","location":"pageInkDom.ts:resolvePageDomHit","message":"dom hit resolved","data":{"clientX":407,"clientY":534.5,"method":"rect","hitKind":null},"timestamp":1787926506223,"hypothesisId":"B","runId":"ipad-fix2"}
{"sessionId":"6c5c15","location":"pageInkDom.ts:resolvePageDomHit","message":"dom hit resolved","data":{"clientX":392.5,"clientY":527.5,"method":"rect","hitKind":null},"timestamp":1787926506240,"hypothesisId":"B","runId":"ipad-fix2"}
{"sessionId":"6c5c15","location":"pageInkDom.ts:resolvePageDomHit","message":"dom hit resolved","data":{"clientX":378,"clientY":521,"method":"rect","hitKind":null},"timestamp":1787926506257,"hypothesisId":"B","runId":"ipad-fix2"}
{"sessionId":"6c5c15","location":"pageInkDom.ts:resolvePageDomHit","message":"dom hit resolved","data":{"clientX":364,"clientY":515.5,"method":"rect","hitKind":null},"timestamp":1787926506274,"hypothesisId":"B","runId":"ipad-fix2"}
{"sessionId":"6c5c15","location":"pageInkDom.ts:resolvePageDomHit","message":"dom hit resolved","data":{"clientX":353,"clientY":509.5,"method":"rect","hitKind":null},"timestamp":1787926506290,"hypothesisId":"B","runId":"ipad-fix2"}
{"sessionId":"6c5c15","location":"pageInkDom.ts:resolvePageDomHit","message":"dom hit resolved","data":{"clientX":342.5,"clientY":502,"method":"rect","hitKind":null},"timestamp":1787926506307,"hypothesisId":"B","runId":"ipad-fix2"}
{"sessionId":"6c5c15","location":"pageInkDom.ts:resolvePageDomHit","message":"dom hit resolved","data":{"clientX":335,"clientY":493,"method":"rect","hitKind":null},"timestamp":1787926506323,"hypothesisId":"B","runId":"ipad-fix2"}
{"sessionId":"6c5c15","location":"pageInkDom.ts:resolvePageDomHit","message":"dom hit resolved","data":{"clientX":329,"clientY":484,"method":"rect","hitKind":null},"timestamp":1787926506340,"hypothesisId":"B","runId":"ipad-fix2"}
{"sessionId":"6c5c15","location":"pageInkDom.ts:resolvePageDomHit","message":"dom hit resolved","data":{"clientX":323.5,"clientY":475,"method":"rect","hitKind":null},"timestamp":1787926506357,"hypothesisId":"B","runId":"ipad-fix2"}
{"sessionId":"6c5c15","location":"pageInkDom.ts:resolvePageDomHit","message":"dom hit resolved","data":{"clientX":318.5,"clientY":468,"method":"rect","hitKind":null},"timestamp":1787926506373,"hypothesisId":"B","runId":"ipad-fix2"}
{"sessionId":"6c5c15","location":"pageInkDom.ts:resolvePageDomHit","message":"dom hit resolved","data":{"clientX":314.5,"clientY":463.5,"method":"rect","hitKind":null},"timestamp":1787926506390,"hypothesisId":"B","runId":"ipad-fix2"}
{"sessionId":"6c5c15","location":"pageInkDom.ts:resolvePageDomHit","message":"dom hit resolved","data":{"clientX":310,"clientY":461,"method":"rect","hitKind":null},"timestamp":1787926506407,"hypothesisId":"B","runId":"ipad-fix2"}
{"sessionId":"6c5c15","location":"pageInkDom.ts:resolvePageDomHit","message":"dom hit resolved","data":{"clientX":305.5,"clientY":460,"method":"rect","hitKind":null},"timestamp":1787926506423,"hypothesisId":"B","runId":"ipad-fix2"}
{"sessionId":"6c5c15","location":"pageInkDom.ts:resolvePageDomHit","message":"dom hit resolved","data":{"clientX":300.5,"clientY":459.5,"method":"rect","hitKind":null},"timestamp":1787926506440,"hypothesisId":"B","runId":"ipad-fix2"}
{"sessionId":"6c5c15","location":"pageInkDom.ts:resolvePageDomHit","message":"dom hit resolved","data":{"clientX":295.5,"clientY":459.5,"method":"rect","hitKind":null},"timestamp":1787926506457,"hypothesisId":"B","runId":"ipad-fix2"}
{"sessionId":"6c5c15","location":"pageInkDom.ts:resolvePageDomHit","message":"dom hit resolved","data":{"clientX":292,"clientY":459.5,"method":"rect","hitKind":null},"timestamp":1787926506473,"hypothesisId":"B","runId":"ipad-fix2"}
{"sessionId":"6c5c15","location":"pageInkDom.ts:resolvePageDomHit","message":"dom hit resolved","data":{"clientX":289.5,"clientY":460,"method":"rect","hitKind":null},"timestamp":1787926506490,"hypothesisId":"B","runId":"ipad-fix2"}
{"sessionId":"6c5c15","location":"pageInkDom.ts:resolvePageDomHit","message":"dom hit resolved","data":{"clientX":288.5,"clientY":461,"method":"rect","hitKind":null},"timestamp":1787926506499,"hypothesisId":"B","runId":"ipad-fix2"}
{"sessionId":"6c5c15","location":"pageInkDom.ts:resolvePageDomHit","message":"dom hit resolved","data":{"clientX":287.5,"clientY":461.5,"method":"rect","hitKind":null},"timestamp":1787926506507,"hypothesisId":"B","runId":"ipad-fix2"}
{"sessionId":"6c5c15","location":"pageInkDom.ts:resolvePageDomHit","message":"dom hit resolved","data":{"clientX":287,"clientY":462.5,"method":"rect","hitKind":null},"timestamp":1787926506515,"hypothesisId":"B","runId":"ipad-fix2"}
{"sessionId":"6c5c15","location":"pageInkDom.ts:resolvePageDomHit","message":"dom hit resolved","data":{"clientX":286,"clientY":464,"method":"rect","hitKind":null},"timestamp":1787926506524,"hypothesisId":"B","runId":"ipad-fix2"}
{"sessionId":"6c5c15","location":"pageInkDom.ts:resolvePageDomHit","message":"dom hit resolved","data":{"clientX":284.5,"clientY":465.5,"method":"rect","hitKind":null},"timestamp":1787926506532,"hypothesisId":"B","runId":"ipad-fix2"}
{"sessionId":"6c5c15","location":"pageInkDom.ts:resolvePageDomHit","message":"dom hit resolved","data":{"clientX":283.5,"clientY":467.5,"method":"rect","hitKind":null},"timestamp":1787926506540,"hypothesisId":"B","runId":"ipad-fix2"}
{"sessionId":"6c5c15","location":"pageInkDom.ts:resolvePageDomHit","message":"dom hit resolved","data":{"clientX":281,"clientY":472,"method":"rect","hitKind":null},"timestamp":1787926506549,"hypothesisId":"B","runId":"ipad-fix2"}
{"sessionId":"6c5c15","location":"pageInkDom.ts:resolvePageDomHit","message":"dom hit resolved","data":{"clientX":279,"clientY":475.5,"method":"rect","hitKind":null},"timestamp":1787926506557,"hypothesisId":"B","runId":"ipad-fix2"}
{"sessionId":"6c5c15","location":"pageInkDom.ts:resolvePageDomHit","message":"dom hit resolved","data":{"clientX":277,"clientY":480,"method":"rect","hitKind":null},"timestamp":1787926506565,"hypothesisId":"B","runId":"ipad-fix2"}
{"sessionId":"6c5c15","location":"pageInkDom.ts:resolvePageDomHit","message":"dom hit resolved","data":{"clientX":275,"clientY":484.5,"method":"rect","hitKind":null},"timestamp":1787926506574,"hypothesisId":"B","runId":"ipad-fix2"}
{"sessionId":"6c5c15","location":"pageInkDom.ts:resolvePageDomHit","message":"dom hit resolved","data":{"clientX":273,"clientY":489.5,"method":"rect","hitKind":null},"timestamp":1787926506582,"hypothesisId":"B","runId":"ipad-fix2"}
{"sessionId":"6c5c15","location":"pageInkDom.ts:resolvePageDomHit","message":"dom hit resolved","data":{"clientX":271.5,"clientY":494.5,"method":"rect","hitKind":null},"timestamp":1787926506590,"hypothesisId":"B","runId":"ipad-fix2"}
{"sessionId":"6c5c15","location":"pageInkDom.ts:resolvePageDomHit","message":"dom hit resolved","data":{"clientX":270,"clientY":499.5,"method":"rect","hitKind":null},"timestamp":1787926506599,"hypothesisId":"B","runId":"ipad-fix2"}
{"sessionId":"6c5c15","location":"pageInkDom.ts:resolvePageDomHit","message":"dom hit resolved","data":{"clientX":269.5,"clientY":504,"method":"rect","hitKind":null},"timestamp":1787926506607,"hypothesisId":"B","runId":"ipad-fix2"}
{"sessionId":"6c5c15","location":"pageInkDom.ts:resolvePageDomHit","message":"dom hit resolved","data":{"clientX":269,"clientY":509.5,"method":"rect","hitKind":null},"timestamp":1787926506615,"hypothesisId":"B","runId":"ipad-fix2"}
{"sessionId":"6c5c15","location":"pageInkDom.ts:resolvePageDomHit","message":"dom hit resolved","data":{"clientX":268,"clientY":513.5,"method":"rect","hitKind":null},"timestamp":1787926506623,"hypothesisId":"B","runId":"ipad-fix2"}
{"sessionId":"6c5c15","location":"pageInkDom.ts:resolvePageDomHit","message":"dom hit resolved","data":{"clientX":268,"clientY":518,"method":"rect","hitKind":null},"timestamp":1787926506632,"hypothesisId":"B","runId":"ipad-fix2"}
{"sessionId":"6c5c15","location":"pageInkDom.ts:resolvePageDomHit","message":"dom hit resolved","data":{"clientX":268,"clientY":520.5,"method":"rect","hitKind":null},"timestamp":1787926506640,"hypothesisId":"B","runId":"ipad-fix2"}
{"sessionId":"6c5c15","location":"pageInkDom.ts:resolvePageDomHit","message":"dom hit resolved","data":{"clientX":268,"clientY":522.5,"method":"rect","hitKind":null},"timestamp":1787926506649,"hypothesisId":"B","runId":"ipad-fix2"}
{"sessionId":"6c5c15","location":"pageInkDom.ts:resolvePageDomHit","message":"dom hit resolved","data":{"clientX":268,"clientY":523.5,"method":"rect","hitKind":null},"timestamp":1787926506657,"hypothesisId":"B","runId":"ipad-fix2"}
{"sessionId":"6c5c15","location":"pageInkDom.ts:resolvePageDomHit","message":"dom hit resolved","data":{"clientX":268,"clientY":524.5,"method":"rect","hitKind":null},"timestamp":1787926506665,"hypothesisId":"B","runId":"ipad-fix2"}
{"sessionId":"6c5c15","location":"pageInkDom.ts:resolvePageDomHit","message":"dom hit resolved","data":{"clientX":268,"clientY":525,"method":"rect","hitKind":null},"timestamp":1787926506682,"hypothesisId":"B","runId":"ipad-fix2"}
{"sessionId":"6c5c15","location":"pageInkDom.ts:resolvePageDomHit","message":"dom hit resolved","data":{"clientX":268.5,"clientY":525,"method":"rect","hitKind":null},"timestamp":1787926506757,"hypothesisId":"B","runId":"ipad-fix2"}
{"sessionId":"6c5c15","location":"useEditorController.tsx:textTapUp","message":"text tap up","data":{"pointerType":"touch","hasPending":false,"dist":294.98559286853316},"timestamp":1787926506765,"hypothesisId":"A,E","runId":"post-fix2"}
{"sessionId":"6c5c15","location":"pageInkDom.ts:resolvePageDomHit","message":"dom hit resolved","data":{"clientX":272.5,"clientY":525.5,"method":"rect","hitKind":null},"timestamp":1787926506766,"hypothesisId":"B","runId":"ipad-fix2"}
{"sessionId":"6c5c15","location":"useEditorController.tsx:textTapDown","message":"global pointerdown","data":{"pointerType":"touch","tracked":true},"timestamp":1787926507263,"hypothesisId":"A","runId":"post-fix"}
{"sessionId":"6c5c15","location":"pageInkDom.ts:resolvePageDomHit","message":"dom hit resolved","data":{"clientX":277.5,"clientY":526.5,"method":"rect","hitKind":null},"timestamp":1787926507265,"hypothesisId":"B","runId":"ipad-fix2"}
{"sessionId":"6c5c15","location":"useEditorController.tsx:textTapUp","message":"text tap up","data":{"pointerType":"touch","hasPending":false,"dist":0},"timestamp":1787926507342,"hypothesisId":"A,E","runId":"post-fix2"}
{"sessionId":"6c5c15","location":"pageInkDom.ts:resolvePageDomHit","message":"dom hit resolved","data":{"clientX":277.5,"clientY":526.5,"method":"rect","hitKind":null},"timestamp":1787926507344,"hypothesisId":"B","runId":"ipad-fix2"}
{"sessionId":"6c5c15","location":"workspaceFsm.tsx:fingerTapUp","message":"finger tap up","data":{"tool":"text","downHitKind":"empty","upHitKind":"empty","usedHitKind":"empty","effectTypes":[],"clientX":277.5,"clientY":526.5},"timestamp":1787926507345,"hypothesisId":"A,D,F","runId":"ipad-fix3"}
{"sessionId":"6c5c15","location":"useEditorController.tsx:textTapDown","message":"global pointerdown","data":{"pointerType":"touch","tracked":true},"timestamp":1787926507986,"hypothesisId":"A","runId":"post-fix"}
{"sessionId":"6c5c15","location":"pageInkDom.ts:resolvePageDomHit","message":"dom hit resolved","data":{"clientX":320.5,"clientY":478.5,"method":"rect","hitKind":null},"timestamp":1787926507988,"hypothesisId":"B","runId":"ipad-fix2"}
{"sessionId":"6c5c15","location":"useEditorController.tsx:textTapDown","message":"global pointerdown","data":{"pointerType":"touch","tracked":true},"timestamp":1787926508030,"hypothesisId":"A","runId":"post-fix"}
{"sessionId":"6c5c15","location":"pageInkDom.ts:resolvePageDomHit","message":"dom hit resolved","data":{"clientX":237.5,"clientY":594,"method":"rect","hitKind":null},"timestamp":1787926508031,"hypothesisId":"B","runId":"ipad-fix2"}
{"sessionId":"6c5c15","location":"pageInkDom.ts:resolvePageDomHit","message":"dom hit resolved","data":{"clientX":320.5,"clientY":478.5,"method":"rect","hitKind":null},"timestamp":1787926508032,"hypothesisId":"B","runId":"ipad-fix2"}
{"sessionId":"6c5c15","location":"pageInkDom.ts:resolvePageDomHit","message":"dom hit resolved","data":{"clientX":234,"clientY":600.5,"method":"rect","hitKind":null},"timestamp":1787926508035,"hypothesisId":"B","runId":"ipad-fix2"}
{"sessionId":"6c5c15","location":"pageInkDom.ts:resolvePageDomHit","message":"dom hit resolved","data":{"clientX":234,"clientY":600.5,"method":"rect","hitKind":null},"timestamp":1787926508036,"hypothesisId":"B","runId":"ipad-fix2"}
{"sessionId":"6c5c15","location":"pageInkDom.ts:resolvePageDomHit","message":"dom hit resolved","data":{"clientX":232.5,"clientY":605,"method":"rect","hitKind":null},"timestamp":1787926508042,"hypothesisId":"B","runId":"ipad-fix2"}
{"sessionId":"6c5c15","location":"pageInkDom.ts:resolvePageDomHit","message":"dom hit resolved","data":{"clientX":230.5,"clientY":608.5,"method":"rect","hitKind":null},"timestamp":1787926508050,"hypothesisId":"B","runId":"ipad-fix2"}
{"sessionId":"6c5c15","location":"pageInkDom.ts:resolvePageDomHit","message":"dom hit resolved","data":{"clientX":229,"clientY":612.5,"method":"rect","hitKind":null},"timestamp":1787926508058,"hypothesisId":"B","runId":"ipad-fix2"}
{"sessionId":"6c5c15","location":"pageInkDom.ts:resolvePageDomHit","message":"dom hit resolved","data":{"clientX":227,"clientY":615.5,"method":"rect","hitKind":null},"timestamp":1787926508066,"hypothesisId":"B","runId":"ipad-fix2"}
{"sessionId":"6c5c15","location":"pageInkDom.ts:resolvePageDomHit","message":"dom hit resolved","data":{"clientX":226,"clientY":618,"method":"rect","hitKind":null},"timestamp":1787926508074,"hypothesisId":"B","runId":"ipad-fix2"}
{"sessionId":"6c5c15","location":"pageInkDom.ts:resolvePageDomHit","message":"dom hit resolved","data":{"clientX":224.5,"clientY":620.5,"method":"rect","hitKind":null},"timestamp":1787926508083,"hypothesisId":"B","runId":"ipad-fix2"}
{"sessionId":"6c5c15","location":"pageInkDom.ts:resolvePageDomHit","message":"dom hit resolved","data":{"clientX":328,"clientY":471,"method":"rect","hitKind":null},"timestamp":1787926508091,"hypothesisId":"B","runId":"ipad-fix2"}
{"sessionId":"6c5c15","location":"pageInkDom.ts:resolvePageDomHit","message":"dom hit resolved","data":{"clientX":223.5,"clientY":623,"method":"rect","hitKind":null},"timestamp":1787926508092,"hypothesisId":"B","runId":"ipad-fix2"}
{"sessionId":"6c5c15","location":"pageInkDom.ts:resolvePageDomHit","message":"dom hit resolved","data":{"clientX":330,"clientY":470,"method":"rect","hitKind":null},"timestamp":1787926508099,"hypothesisId":"B","runId":"ipad-fix2"}
{"sessionId":"6c5c15","location":"pageInkDom.ts:resolvePageDomHit","message":"dom hit resolved","data":{"clientX":222.5,"clientY":626,"method":"rect","hitKind":null},"timestamp":1787926508100,"hypothesisId":"B","runId":"ipad-fix2"}
{"sessionId":"6c5c15","location":"pageInkDom.ts:resolvePageDomHit","message":"dom hit resolved","data":{"clientX":333,"clientY":468,"method":"rect","hitKind":null},"timestamp":1787926508108,"hypothesisId":"B","runId":"ipad-fix2"}
{"sessionId":"6c5c15","location":"pageInkDom.ts:resolvePageDomHit","message":"dom hit resolved","data":{"clientX":222,"clientY":628,"method":"rect","hitKind":null},"timestamp":1787926508108,"hypothesisId":"B","runId":"ipad-fix2"}
{"sessionId":"6c5c15","location":"pageInkDom.ts:resolvePageDomHit","message":"dom hit resolved","data":{"clientX":336.5,"clientY":467,"method":"rect","hitKind":null},"timestamp":1787926508116,"hypothesisId":"B","runId":"ipad-fix2"}
{"sessionId":"6c5c15","location":"pageInkDom.ts:resolvePageDomHit","message":"dom hit resolved","data":{"clientX":221.5,"clientY":630.5,"method":"rect","hitKind":null},"timestamp":1787926508117,"hypothesisId":"B","runId":"ipad-fix2"}
{"sessionId":"6c5c15","location":"pageInkDom.ts:resolvePageDomHit","message":"dom hit resolved","data":{"clientX":340,"clientY":465,"method":"rect","hitKind":null},"timestamp":1787926508124,"hypothesisId":"B","runId":"ipad-fix2"}
{"sessionId":"6c5c15","location":"pageInkDom.ts:resolvePageDomHit","message":"dom hit resolved","data":{"clientX":221.5,"clientY":632.5,"method":"rect","hitKind":null},"timestamp":1787926508125,"hypothesisId":"B","runId":"ipad-fix2"}
{"sessionId":"6c5c15","location":"pageInkDom.ts:resolvePageDomHit","message":"dom hit resolved","data":{"clientX":343.5,"clientY":464,"method":"rect","hitKind":null},"timestamp":1787926508133,"hypothesisId":"B","runId":"ipad-fix2"}
{"sessionId":"6c5c15","location":"pageInkDom.ts:resolvePageDomHit","message":"dom hit resolved","data":{"clientX":221.5,"clientY":635.5,"method":"rect","hitKind":null},"timestamp":1787926508133,"hypothesisId":"B","runId":"ipad-fix2"}
{"sessionId":"6c5c15","location":"pageInkDom.ts:resolvePageDomHit","message":"dom hit resolved","data":{"clientX":346.5,"clientY":462.5,"method":"rect","hitKind":null},"timestamp":1787926508141,"hypothesisId":"B","runId":"ipad-fix2"}
{"sessionId":"6c5c15","location":"pageInkDom.ts:resolvePageDomHit","message":"dom hit resolved","data":{"clientX":221,"clientY":639,"method":"rect","hitKind":null},"timestamp":1787926508142,"hypothesisId":"B","runId":"ipad-fix2"}
{"sessionId":"6c5c15","location":"pageInkDom.ts:resolvePageDomHit","message":"dom hit resolved","data":{"clientX":349.5,"clientY":462,"method":"rect","hitKind":null},"timestamp":1787926508149,"hypothesisId":"B","runId":"ipad-fix2"}
{"sessionId":"6c5c15","location":"pageInkDom.ts:resolvePageDomHit","message":"dom hit resolved","data":{"clientX":219.5,"clientY":644.5,"method":"rect","hitKind":null},"timestamp":1787926508150,"hypothesisId":"B","runId":"ipad-fix2"}
{"sessionId":"6c5c15","location":"pageInkDom.ts:resolvePageDomHit","message":"dom hit resolved","data":{"clientX":352,"clientY":461.5,"method":"rect","hitKind":null},"timestamp":1787926508158,"hypothesisId":"B","runId":"ipad-fix2"}
{"sessionId":"6c5c15","location":"pageInkDom.ts:resolvePageDomHit","message":"dom hit resolved","data":{"clientX":217.5,"clientY":651,"method":"rect","hitKind":null},"timestamp":1787926508158,"hypothesisId":"B","runId":"ipad-fix2"}
{"sessionId":"6c5c15","location":"pageInkDom.ts:resolvePageDomHit","message":"dom hit resolved","data":{"clientX":354.5,"clientY":461,"method":"rect","hitKind":null},"timestamp":1787926508166,"hypothesisId":"B","runId":"ipad-fix2"}
{"sessionId":"6c5c15","location":"pageInkDom.ts:resolvePageDomHit","message":"dom hit resolved","data":{"clientX":215.5,"clientY":659,"method":"rect","hitKind":null},"timestamp":1787926508167,"hypothesisId":"B","runId":"ipad-fix2"}
{"sessionId":"6c5c15","location":"pageInkDom.ts:resolvePageDomHit","message":"dom hit resolved","data":{"clientX":356.5,"clientY":460.5,"method":"rect","hitKind":null},"timestamp":1787926508175,"hypothesisId":"B","runId":"ipad-fix2"}
{"sessionId":"6c5c15","location":"pageInkDom.ts:resolvePageDomHit","message":"dom hit resolved","data":{"clientX":213,"clientY":666.5,"method":"rect","hitKind":null},"timestamp":1787926508175,"hypothesisId":"B","runId":"ipad-fix2"}
{"sessionId":"6c5c15","location":"pageInkDom.ts:resolvePageDomHit","message":"dom hit resolved","data":{"clientX":358,"clientY":460.5,"method":"rect","hitKind":null},"timestamp":1787926508183,"hypothesisId":"B","runId":"ipad-fix2"}
{"sessionId":"6c5c15","location":"pageInkDom.ts:resolvePageDomHit","message":"dom hit resolved","data":{"clientX":211,"clientY":674.5,"method":"rect","hitKind":null},"timestamp":1787926508184,"hypothesisId":"B","runId":"ipad-fix2"}
{"sessionId":"6c5c15","location":"pageInkDom.ts:resolvePageDomHit","message":"dom hit resolved","data":{"clientX":359.5,"clientY":460.5,"method":"rect","hitKind":null},"timestamp":1787926508191,"hypothesisId":"B","runId":"ipad-fix2"}
{"sessionId":"6c5c15","location":"pageInkDom.ts:resolvePageDomHit","message":"dom hit resolved","data":{"clientX":209.5,"clientY":680.5,"method":"rect","hitKind":null},"timestamp":1787926508192,"hypothesisId":"B","runId":"ipad-fix2"}
{"sessionId":"6c5c15","location":"pageInkDom.ts:resolvePageDomHit","message":"dom hit resolved","data":{"clientX":361.5,"clientY":460.5,"method":"rect","hitKind":null},"timestamp":1787926508199,"hypothesisId":"B","runId":"ipad-fix2"}
{"sessionId":"6c5c15","location":"pageInkDom.ts:resolvePageDomHit","message":"dom hit resolved","data":{"clientX":207.5,"clientY":687.5,"method":"rect","hitKind":null},"timestamp":1787926508200,"hypothesisId":"B","runId":"ipad-fix2"}
{"sessionId":"6c5c15","location":"pageInkDom.ts:resolvePageDomHit","message":"dom hit resolved","data":{"clientX":362.5,"clientY":460.5,"method":"rect","hitKind":null},"timestamp":1787926508208,"hypothesisId":"B","runId":"ipad-fix2"}
{"sessionId":"6c5c15","location":"pageInkDom.ts:resolvePageDomHit","message":"dom hit resolved","data":{"clientX":206,"clientY":692,"method":"rect","hitKind":null},"timestamp":1787926508208,"hypothesisId":"B","runId":"ipad-fix2"}
{"sessionId":"6c5c15","location":"pageInkDom.ts:resolvePageDomHit","message":"dom hit resolved","data":{"clientX":364,"clientY":460.5,"method":"rect","hitKind":null},"timestamp":1787926508216,"hypothesisId":"B","runId":"ipad-fix2"}
{"sessionId":"6c5c15","location":"pageInkDom.ts:resolvePageDomHit","message":"dom hit resolved","data":{"clientX":205,"clientY":698,"method":"rect","hitKind":null},"timestamp":1787926508217,"hypothesisId":"B","runId":"ipad-fix2"}
{"sessionId":"6c5c15","location":"pageInkDom.ts:resolvePageDomHit","message":"dom hit resolved","data":{"clientX":365.5,"clientY":460.5,"method":"rect","hitKind":null},"timestamp":1787926508224,"hypothesisId":"B","runId":"ipad-fix2"}
{"sessionId":"6c5c15","location":"pageInkDom.ts:resolvePageDomHit","message":"dom hit resolved","data":{"clientX":203.5,"clientY":702,"method":"rect","hitKind":null},"timestamp":1787926508225,"hypothesisId":"B","runId":"ipad-fix2"}
{"sessionId":"6c5c15","location":"pageInkDom.ts:resolvePageDomHit","message":"dom hit resolved","data":{"clientX":366.5,"clientY":460.5,"method":"rect","hitKind":null},"timestamp":1787926508233,"hypothesisId":"B","runId":"ipad-fix2"}
{"sessionId":"6c5c15","location":"pageInkDom.ts:resolvePageDomHit","message":"dom hit resolved","data":{"clientX":202.5,"clientY":707.5,"method":"rect","hitKind":null},"timestamp":1787926508233,"hypothesisId":"B","runId":"ipad-fix2"}
{"sessionId":"6c5c15","location":"pageInkDom.ts:resolvePageDomHit","message":"dom hit resolved","data":{"clientX":367.5,"clientY":460.5,"method":"rect","hitKind":null},"timestamp":1787926508241,"hypothesisId":"B","runId":"ipad-fix2"}
{"sessionId":"6c5c15","location":"pageInkDom.ts:resolvePageDomHit","message":"dom hit resolved","data":{"clientX":201,"clientY":711,"method":"rect","hitKind":null},"timestamp":1787926508242,"hypothesisId":"B","runId":"ipad-fix2"}
{"sessionId":"6c5c15","location":"pageInkDom.ts:resolvePageDomHit","message":"dom hit resolved","data":{"clientX":369,"clientY":460.5,"method":"rect","hitKind":null},"timestamp":1787926508250,"hypothesisId":"B","runId":"ipad-fix2"}
{"sessionId":"6c5c15","location":"pageInkDom.ts:resolvePageDomHit","message":"dom hit resolved","data":{"clientX":200,"clientY":716,"method":"rect","hitKind":null},"timestamp":1787926508250,"hypothesisId":"B","runId":"ipad-fix2"}
{"sessionId":"6c5c15","location":"pageInkDom.ts:resolvePageDomHit","message":"dom hit resolved","data":{"clientX":370.5,"clientY":460.5,"method":"rect","hitKind":null},"timestamp":1787926508258,"hypothesisId":"B","runId":"ipad-fix2"}
{"sessionId":"6c5c15","location":"pageInkDom.ts:resolvePageDomHit","message":"dom hit resolved","data":{"clientX":198,"clientY":720,"method":"rect","hitKind":null},"timestamp":1787926508258,"hypothesisId":"B","runId":"ipad-fix2"}
{"sessionId":"6c5c15","location":"pageInkDom.ts:resolvePageDomHit","message":"dom hit resolved","data":{"clientX":372.5,"clientY":460.5,"method":"rect","hitKind":null},"timestamp":1787926508266,"hypothesisId":"B","runId":"ipad-fix2"}
{"sessionId":"6c5c15","location":"pageInkDom.ts:resolvePageDomHit","message":"dom hit resolved","data":{"clientX":197,"clientY":726,"method":"rect","hitKind":null},"timestamp":1787926508267,"hypothesisId":"B","runId":"ipad-fix2"}
{"sessionId":"6c5c15","location":"pageInkDom.ts:resolvePageDomHit","message":"dom hit resolved","data":{"clientX":374.5,"clientY":460,"method":"rect","hitKind":null},"timestamp":1787926508275,"hypothesisId":"B","runId":"ipad-fix2"}
{"sessionId":"6c5c15","location":"pageInkDom.ts:resolvePageDomHit","message":"dom hit resolved","data":{"clientX":195,"clientY":731,"method":"rect","hitKind":null},"timestamp":1787926508275,"hypothesisId":"B","runId":"ipad-fix2"}
{"sessionId":"6c5c15","location":"pageInkDom.ts:resolvePageDomHit","message":"dom hit resolved","data":{"clientX":377,"clientY":459.5,"method":"rect","hitKind":null},"timestamp":1787926508283,"hypothesisId":"B","runId":"ipad-fix2"}
{"sessionId":"6c5c15","location":"pageInkDom.ts:resolvePageDomHit","message":"dom hit resolved","data":{"clientX":193.5,"clientY":737,"method":"rect","hitKind":null},"timestamp":1787926508284,"hypothesisId":"B","runId":"ipad-fix2"}
{"sessionId":"6c5c15","location":"pageInkDom.ts:resolvePageDomHit","message":"dom hit resolved","data":{"clientX":191.5,"clientY":740,"method":"rect","hitKind":null},"timestamp":1787926508292,"hypothesisId":"B","runId":"ipad-fix2"}
{"sessionId":"6c5c15","location":"pageInkDom.ts:resolvePageDomHit","message":"dom hit resolved","data":{"clientX":379,"clientY":458.5,"method":"rect","hitKind":null},"timestamp":1787926508291,"hypothesisId":"B","runId":"ipad-fix2"}
{"sessionId":"6c5c15","location":"pageInkDom.ts:resolvePageDomHit","message":"dom hit resolved","data":{"clientX":381,"clientY":457.5,"method":"rect","hitKind":null},"timestamp":1787926508300,"hypothesisId":"B","runId":"ipad-fix2"}
{"sessionId":"6c5c15","location":"pageInkDom.ts:resolvePageDomHit","message":"dom hit resolved","data":{"clientX":190.5,"clientY":744.5,"method":"rect","hitKind":null},"timestamp":1787926508300,"hypothesisId":"B","runId":"ipad-fix2"}
{"sessionId":"6c5c15","location":"pageInkDom.ts:resolvePageDomHit","message":"dom hit resolved","data":{"clientX":383,"clientY":457.5,"method":"rect","hitKind":null},"timestamp":1787926508308,"hypothesisId":"B","runId":"ipad-fix2"}
{"sessionId":"6c5c15","location":"pageInkDom.ts:resolvePageDomHit","message":"dom hit resolved","data":{"clientX":189,"clientY":747,"method":"rect","hitKind":null},"timestamp":1787926508309,"hypothesisId":"B","runId":"ipad-fix2"}
{"sessionId":"6c5c15","location":"pageInkDom.ts:resolvePageDomHit","message":"dom hit resolved","data":{"clientX":384.5,"clientY":457,"method":"rect","hitKind":null},"timestamp":1787926508316,"hypothesisId":"B","runId":"ipad-fix2"}
{"sessionId":"6c5c15","location":"pageInkDom.ts:resolvePageDomHit","message":"dom hit resolved","data":{"clientX":188.5,"clientY":750,"method":"rect","hitKind":null},"timestamp":1787926508317,"hypothesisId":"B","runId":"ipad-fix2"}
{"sessionId":"6c5c15","location":"pageInkDom.ts:resolvePageDomHit","message":"dom hit resolved","data":{"clientX":385.5,"clientY":456.5,"method":"rect","hitKind":null},"timestamp":1787926508325,"hypothesisId":"B","runId":"ipad-fix2"}
{"sessionId":"6c5c15","location":"pageInkDom.ts:resolvePageDomHit","message":"dom hit resolved","data":{"clientX":187.5,"clientY":751.5,"method":"rect","hitKind":null},"timestamp":1787926508325,"hypothesisId":"B","runId":"ipad-fix2"}
{"sessionId":"6c5c15","location":"pageInkDom.ts:resolvePageDomHit","message":"dom hit resolved","data":{"clientX":386.5,"clientY":456.5,"method":"rect","hitKind":null},"timestamp":1787926508333,"hypothesisId":"B","runId":"ipad-fix2"}
{"sessionId":"6c5c15","location":"pageInkDom.ts:resolvePageDomHit","message":"dom hit resolved","data":{"clientX":187,"clientY":754,"method":"rect","hitKind":null},"timestamp":1787926508334,"hypothesisId":"B","runId":"ipad-fix2"}
{"sessionId":"6c5c15","location":"pageInkDom.ts:resolvePageDomHit","message":"dom hit resolved","data":{"clientX":387,"clientY":456.5,"method":"rect","hitKind":null},"timestamp":1787926508341,"hypothesisId":"B","runId":"ipad-fix2"}
{"sessionId":"6c5c15","location":"pageInkDom.ts:resolvePageDomHit","message":"dom hit resolved","data":{"clientX":186,"clientY":754.5,"method":"rect","hitKind":null},"timestamp":1787926508342,"hypothesisId":"B","runId":"ipad-fix2"}
{"sessionId":"6c5c15","location":"pageInkDom.ts:resolvePageDomHit","message":"dom hit resolved","data":{"clientX":388,"clientY":456.5,"method":"rect","hitKind":null},"timestamp":1787926508350,"hypothesisId":"B","runId":"ipad-fix2"}
{"sessionId":"6c5c15","location":"pageInkDom.ts:resolvePageDomHit","message":"dom hit resolved","data":{"clientX":186,"clientY":756.5,"method":"rect","hitKind":null},"timestamp":1787926508350,"hypothesisId":"B","runId":"ipad-fix2"}
{"sessionId":"6c5c15","location":"pageInkDom.ts:resolvePageDomHit","message":"dom hit resolved","data":{"clientX":388.5,"clientY":456.5,"method":"rect","hitKind":null},"timestamp":1787926508358,"hypothesisId":"B","runId":"ipad-fix2"}
{"sessionId":"6c5c15","location":"pageInkDom.ts:resolvePageDomHit","message":"dom hit resolved","data":{"clientX":185,"clientY":757.5,"method":"rect","hitKind":null},"timestamp":1787926508359,"hypothesisId":"B","runId":"ipad-fix2"}
{"sessionId":"6c5c15","location":"pageInkDom.ts:resolvePageDomHit","message":"dom hit resolved","data":{"clientX":389.5,"clientY":456,"method":"rect","hitKind":null},"timestamp":1787926508366,"hypothesisId":"B","runId":"ipad-fix2"}
{"sessionId":"6c5c15","location":"pageInkDom.ts:resolvePageDomHit","message":"dom hit resolved","data":{"clientX":184.5,"clientY":760.5,"method":"rect","hitKind":null},"timestamp":1787926508367,"hypothesisId":"B","runId":"ipad-fix2"}
{"sessionId":"6c5c15","location":"pageInkDom.ts:resolvePageDomHit","message":"dom hit resolved","data":{"clientX":390.5,"clientY":455.5,"method":"rect","hitKind":null},"timestamp":1787926508375,"hypothesisId":"B","runId":"ipad-fix2"}
{"sessionId":"6c5c15","location":"pageInkDom.ts:resolvePageDomHit","message":"dom hit resolved","data":{"clientX":183,"clientY":762.5,"method":"rect","hitKind":null},"timestamp":1787926508375,"hypothesisId":"B","runId":"ipad-fix2"}
{"sessionId":"6c5c15","location":"pageInkDom.ts:resolvePageDomHit","message":"dom hit resolved","data":{"clientX":391,"clientY":455,"method":"rect","hitKind":null},"timestamp":1787926508383,"hypothesisId":"B","runId":"ipad-fix2"}
{"sessionId":"6c5c15","location":"pageInkDom.ts:resolvePageDomHit","message":"dom hit resolved","data":{"clientX":182,"clientY":766,"method":"rect","hitKind":null},"timestamp":1787926508384,"hypothesisId":"B","runId":"ipad-fix2"}
{"sessionId":"6c5c15","location":"pageInkDom.ts:resolvePageDomHit","message":"dom hit resolved","data":{"clientX":391.5,"clientY":455,"method":"rect","hitKind":null},"timestamp":1787926508391,"hypothesisId":"B","runId":"ipad-fix2"}
{"sessionId":"6c5c15","location":"pageInkDom.ts:resolvePageDomHit","message":"dom hit resolved","data":{"clientX":180.5,"clientY":769,"method":"rect","hitKind":null},"timestamp":1787926508392,"hypothesisId":"B","runId":"ipad-fix2"}
{"sessionId":"6c5c15","location":"pageInkDom.ts:resolvePageDomHit","message":"dom hit resolved","data":{"clientX":392.5,"clientY":454.5,"method":"rect","hitKind":null},"timestamp":1787926508400,"hypothesisId":"B","runId":"ipad-fix2"}
{"sessionId":"6c5c15","location":"pageInkDom.ts:resolvePageDomHit","message":"dom hit resolved","data":{"clientX":179,"clientY":773,"method":"rect","hitKind":null},"timestamp":1787926508400,"hypothesisId":"B","runId":"ipad-fix2"}
{"sessionId":"6c5c15","location":"pageInkDom.ts:resolvePageDomHit","message":"dom hit resolved","data":{"clientX":392.5,"clientY":454,"method":"rect","hitKind":null},"timestamp":1787926508408,"hypothesisId":"B","runId":"ipad-fix2"}
{"sessionId":"6c5c15","location":"pageInkDom.ts:resolvePageDomHit","message":"dom hit resolved","data":{"clientX":177.5,"clientY":775.5,"method":"rect","hitKind":null},"timestamp":1787926508409,"hypothesisId":"B","runId":"ipad-fix2"}
{"sessionId":"6c5c15","location":"pageInkDom.ts:resolvePageDomHit","message":"dom hit resolved","data":{"clientX":393,"clientY":454,"method":"rect","hitKind":null},"timestamp":1787926508416,"hypothesisId":"B","runId":"ipad-fix2"}
{"sessionId":"6c5c15","location":"pageInkDom.ts:resolvePageDomHit","message":"dom hit resolved","data":{"clientX":176.5,"clientY":778.5,"method":"rect","hitKind":null},"timestamp":1787926508417,"hypothesisId":"B","runId":"ipad-fix2"}
{"sessionId":"6c5c15","location":"pageInkDom.ts:resolvePageDomHit","message":"dom hit resolved","data":{"clientX":393,"clientY":453.5,"method":"rect","hitKind":null},"timestamp":1787926508425,"hypothesisId":"B","runId":"ipad-fix2"}
{"sessionId":"6c5c15","location":"pageInkDom.ts:resolvePageDomHit","message":"dom hit resolved","data":{"clientX":174,"clientY":785,"method":"rect","hitKind":null},"timestamp":1787926508433,"hypothesisId":"B","runId":"ipad-fix2"}
{"sessionId":"6c5c15","location":"pageInkDom.ts:resolvePageDomHit","message":"dom hit resolved","data":{"clientX":174.5,"clientY":781,"method":"rect","hitKind":null},"timestamp":1787926508425,"hypothesisId":"B","runId":"ipad-fix2"}
{"sessionId":"6c5c15","location":"pageInkDom.ts:resolvePageDomHit","message":"dom hit resolved","data":{"clientX":172,"clientY":788,"method":"rect","hitKind":null},"timestamp":1787926508441,"hypothesisId":"B","runId":"ipad-fix2"}
{"sessionId":"6c5c15","location":"pageInkDom.ts:resolvePageDomHit","message":"dom hit resolved","data":{"clientX":171.5,"clientY":792,"method":"rect","hitKind":null},"timestamp":1787926508450,"hypothesisId":"B","runId":"ipad-fix2"}
{"sessionId":"6c5c15","location":"pageInkDom.ts:resolvePageDomHit","message":"dom hit resolved","data":{"clientX":170,"clientY":795.5,"method":"rect","hitKind":null},"timestamp":1787926508458,"hypothesisId":"B","runId":"ipad-fix2"}
{"sessionId":"6c5c15","location":"pageInkDom.ts:resolvePageDomHit","message":"dom hit resolved","data":{"clientX":169.5,"clientY":799,"method":"rect","hitKind":null},"timestamp":1787926508466,"hypothesisId":"B","runId":"ipad-fix2"}
{"sessionId":"6c5c15","location":"pageInkDom.ts:resolvePageDomHit","message":"dom hit resolved","data":{"clientX":168.5,"clientY":802,"method":"rect","hitKind":null},"timestamp":1787926508475,"hypothesisId":"B","runId":"ipad-fix2"}
{"sessionId":"6c5c15","location":"pageInkDom.ts:resolvePageDomHit","message":"dom hit resolved","data":{"clientX":168,"clientY":804.5,"method":"rect","hitKind":null},"timestamp":1787926508483,"hypothesisId":"B","runId":"ipad-fix2"}
{"sessionId":"6c5c15","location":"pageInkDom.ts:resolvePageDomHit","message":"dom hit resolved","data":{"clientX":167,"clientY":806,"method":"rect","hitKind":null},"timestamp":1787926508491,"hypothesisId":"B","runId":"ipad-fix2"}
{"sessionId":"6c5c15","location":"pageInkDom.ts:resolvePageDomHit","message":"dom hit resolved","data":{"clientX":393.5,"clientY":453.5,"method":"rect","hitKind":null},"timestamp":1787926508500,"hypothesisId":"B","runId":"ipad-fix2"}
{"sessionId":"6c5c15","location":"pageInkDom.ts:resolvePageDomHit","message":"dom hit resolved","data":{"clientX":167,"clientY":807.5,"method":"rect","hitKind":null},"timestamp":1787926508500,"hypothesisId":"B","runId":"ipad-fix2"}
{"sessionId":"6c5c15","location":"pageInkDom.ts:resolvePageDomHit","message":"dom hit resolved","data":{"clientX":166.5,"clientY":808.5,"method":"rect","hitKind":null},"timestamp":1787926508508,"hypothesisId":"B","runId":"ipad-fix2"}
{"sessionId":"6c5c15","location":"pageInkDom.ts:resolvePageDomHit","message":"dom hit resolved","data":{"clientX":394,"clientY":453.5,"method":"rect","hitKind":null},"timestamp":1787926508516,"hypothesisId":"B","runId":"ipad-fix2"}
{"sessionId":"6c5c15","location":"pageInkDom.ts:resolvePageDomHit","message":"dom hit resolved","data":{"clientX":166.5,"clientY":810,"method":"rect","hitKind":null},"timestamp":1787926508517,"hypothesisId":"B","runId":"ipad-fix2"}
{"sessionId":"6c5c15","location":"pageInkDom.ts:resolvePageDomHit","message":"dom hit resolved","data":{"clientX":165.5,"clientY":810,"method":"rect","hitKind":null},"timestamp":1787926508524,"hypothesisId":"B","runId":"ipad-fix2"}
{"sessionId":"6c5c15","location":"pageInkDom.ts:resolvePageDomHit","message":"dom hit resolved","data":{"clientX":165.5,"clientY":811.5,"method":"rect","hitKind":null},"timestamp":1787926508533,"hypothesisId":"B","runId":"ipad-fix2"}
{"sessionId":"6c5c15","location":"pageInkDom.ts:resolvePageDomHit","message":"dom hit resolved","data":{"clientX":164.5,"clientY":812.5,"method":"rect","hitKind":null},"timestamp":1787926508541,"hypothesisId":"B","runId":"ipad-fix2"}
{"sessionId":"6c5c15","location":"pageInkDom.ts:resolvePageDomHit","message":"dom hit resolved","data":{"clientX":164,"clientY":815,"method":"rect","hitKind":null},"timestamp":1787926508550,"hypothesisId":"B","runId":"ipad-fix2"}
{"sessionId":"6c5c15","location":"pageInkDom.ts:resolvePageDomHit","message":"dom hit resolved","data":{"clientX":162.5,"clientY":817.5,"method":"rect","hitKind":null},"timestamp":1787926508558,"hypothesisId":"B","runId":"ipad-fix2"}
{"sessionId":"6c5c15","location":"pageInkDom.ts:resolvePageDomHit","message":"dom hit resolved","data":{"clientX":162,"clientY":821.5,"method":"rect","hitKind":null},"timestamp":1787926508566,"hypothesisId":"B","runId":"ipad-fix2"}
{"sessionId":"6c5c15","location":"pageInkDom.ts:resolvePageDomHit","message":"dom hit resolved","data":{"clientX":161,"clientY":824.5,"method":"rect","hitKind":null},"timestamp":1787926508575,"hypothesisId":"B","runId":"ipad-fix2"}
{"sessionId":"6c5c15","location":"pageInkDom.ts:resolvePageDomHit","message":"dom hit resolved","data":{"clientX":161,"clientY":829.5,"method":"rect","hitKind":null},"timestamp":1787926508583,"hypothesisId":"B","runId":"ipad-fix2"}
{"sessionId":"6c5c15","location":"useEditorController.tsx:textTapUp","message":"text tap up","data":{"pointerType":"touch","hasPending":false,"dist":252.98221281347034},"timestamp":1787926508591,"hypothesisId":"A,E","runId":"post-fix2"}
{"sessionId":"6c5c15","location":"pageInkDom.ts:resolvePageDomHit","message":"dom hit resolved","data":{"clientX":157.5,"clientY":834,"method":"rect","hitKind":null},"timestamp":1787926508592,"hypothesisId":"B","runId":"ipad-fix2"}
{"sessionId":"6c5c15","location":"pageInkDom.ts:resolvePageDomHit","message":"dom hit resolved","data":{"clientX":393.5,"clientY":453.5,"method":"rect","hitKind":null},"timestamp":1787926508592,"hypothesisId":"B","runId":"ipad-fix2"}
{"sessionId":"6c5c15","location":"pageInkDom.ts:resolvePageDomHit","message":"dom hit resolved","data":{"clientX":390,"clientY":453,"method":"rect","hitKind":null},"timestamp":1787926508600,"hypothesisId":"B","runId":"ipad-fix2"}
{"sessionId":"6c5c15","location":"useEditorController.tsx:textTapDown","message":"global pointerdown","data":{"pointerType":"touch","tracked":true},"timestamp":1787926508969,"hypothesisId":"A","runId":"post-fix"}
{"sessionId":"6c5c15","location":"pageInkDom.ts:resolvePageDomHit","message":"dom hit resolved","data":{"clientX":263,"clientY":462,"method":"rect","hitKind":null},"timestamp":1787926508970,"hypothesisId":"B","runId":"ipad-fix2"}
{"sessionId":"6c5c15","location":"useEditorController.tsx:textTapUp","message":"text tap up","data":{"pointerType":"touch","hasPending":false,"dist":0},"timestamp":1787926509060,"hypothesisId":"A,E","runId":"post-fix2"}
{"sessionId":"6c5c15","location":"pageInkDom.ts:resolvePageDomHit","message":"dom hit resolved","data":{"clientX":263,"clientY":462,"method":"rect","hitKind":null},"timestamp":1787926509061,"hypothesisId":"B","runId":"ipad-fix2"}
{"sessionId":"6c5c15","location":"workspaceFsm.tsx:fingerTapUp","message":"finger tap up","data":{"tool":"text","downHitKind":"page","upHitKind":"page","usedHitKind":"page","effectTypes":["createText"],"createX":1187.2300331576168,"createY":1700,"domLocalX":1187.2300331576168,"domLocalY":1700,"clientX":263,"clientY":462},"timestamp":1787926509062,"hypothesisId":"A,D,F","runId":"ipad-fix3"}
{"sessionId":"6c5c15","location":"useEditorController.tsx:createTextEffect","message":"createText effect","data":{"pageId":"c1caf8b6-38cd-4d92-90f7-50f9baee7d01","x":1187.2300331576168,"y":1700,"hasTrack":false,"tool":"text","pointerType":"unknown"},"timestamp":1787926509062,"hypothesisId":"A,E","runId":"ipad-fix"}
{"sessionId":"6c5c15","location":"useEditorController.tsx:textTapDown","message":"global pointerdown","data":{"pointerType":"touch","tracked":true},"timestamp":1787926509613,"hypothesisId":"A","runId":"post-fix"}
{"sessionId":"6c5c15","location":"pageInkDom.ts:resolvePageDomHit","message":"dom hit resolved","data":{"clientX":259.5,"clientY":453.5,"method":"rect","hitKind":null},"timestamp":1787926509617,"hypothesisId":"B","runId":"ipad-fix2"}
{"sessionId":"6c5c15","location":"pageInkDom.ts:resolvePageDomHit","message":"dom hit resolved","data":{"clientX":258,"clientY":446,"method":"rect","hitKind":null},"timestamp":1787926509720,"hypothesisId":"B","runId":"ipad-fix2"}
{"sessionId":"6c5c15","location":"pageInkDom.ts:resolvePageDomHit","message":"dom hit resolved","data":{"clientX":258,"clientY":446,"method":"rect","hitKind":null},"timestamp":1787926509722,"hypothesisId":"B","runId":"ipad-fix2"}
{"sessionId":"6c5c15","location":"pageInkDom.ts:resolvePageDomHit","message":"dom hit resolved","data":{"clientX":258,"clientY":443,"method":"rect","hitKind":null},"timestamp":1787926509727,"hypothesisId":"B","runId":"ipad-fix2"}
{"sessionId":"6c5c15","location":"pageInkDom.ts:resolvePageDomHit","message":"dom hit resolved","data":{"clientX":258,"clientY":440,"method":"rect","hitKind":null},"timestamp":1787926509739,"hypothesisId":"B","runId":"ipad-fix2"}
{"sessionId":"6c5c15","location":"pageInkDom.ts:resolvePageDomHit","message":"dom hit resolved","data":{"clientX":259,"clientY":436.5,"method":"rect","hitKind":null},"timestamp":1787926509749,"hypothesisId":"B","runId":"ipad-fix2"}
{"sessionId":"6c5c15","location":"pageInkDom.ts:resolvePageDomHit","message":"dom hit resolved","data":{"clientX":260.5,"clientY":433,"method":"rect","hitKind":null},"timestamp":1787926509751,"hypothesisId":"B","runId":"ipad-fix2"}
{"sessionId":"6c5c15","location":"pageInkDom.ts:resolvePageDomHit","message":"dom hit resolved","data":{"clientX":263,"clientY":429,"method":"rect","hitKind":null},"timestamp":1787926509763,"hypothesisId":"B","runId":"ipad-fix2"}
{"sessionId":"6c5c15","location":"pageInkDom.ts:resolvePageDomHit","message":"dom hit resolved","data":{"clientX":265.5,"clientY":425,"method":"rect","hitKind":null},"timestamp":1787926509770,"hypothesisId":"B","runId":"ipad-fix2"}
{"sessionId":"6c5c15","location":"pageInkDom.ts:resolvePageDomHit","message":"dom hit resolved","data":{"clientX":268,"clientY":421,"method":"rect","hitKind":null},"timestamp":1787926509776,"hypothesisId":"B","runId":"ipad-fix2"}
{"sessionId":"6c5c15","location":"pageInkDom.ts:resolvePageDomHit","message":"dom hit resolved","data":{"clientX":270,"clientY":416,"method":"rect","hitKind":null},"timestamp":1787926509784,"hypothesisId":"B","runId":"ipad-fix2"}
{"sessionId":"6c5c15","location":"pageInkDom.ts:resolvePageDomHit","message":"dom hit resolved","data":{"clientX":272.5,"clientY":411.5,"method":"rect","hitKind":null},"timestamp":1787926509792,"hypothesisId":"B","runId":"ipad-fix2"}
{"sessionId":"6c5c15","location":"pageInkDom.ts:resolvePageDomHit","message":"dom hit resolved","data":{"clientX":274,"clientY":406.5,"method":"rect","hitKind":null},"timestamp":1787926509800,"hypothesisId":"B","runId":"ipad-fix2"}
{"sessionId":"6c5c15","location":"pageInkDom.ts:resolvePageDomHit","message":"dom hit resolved","data":{"clientX":275,"clientY":401.5,"method":"rect","hitKind":null},"timestamp":1787926509809,"hypothesisId":"B","runId":"ipad-fix2"}
{"sessionId":"6c5c15","location":"pageInkDom.ts:resolvePageDomHit","message":"dom hit resolved","data":{"clientX":276.5,"clientY":397.5,"method":"rect","hitKind":null},"timestamp":1787926509817,"hypothesisId":"B","runId":"ipad-fix2"}
{"sessionId":"6c5c15","location":"pageInkDom.ts:resolvePageDomHit","message":"dom hit resolved","data":{"clientX":277.5,"clientY":393,"method":"rect","hitKind":null},"timestamp":1787926509825,"hypothesisId":"B","runId":"ipad-fix2"}
{"sessionId":"6c5c15","location":"pageInkDom.ts:resolvePageDomHit","message":"dom hit resolved","data":{"clientX":277.5,"clientY":388.5,"method":"rect","hitKind":null},"timestamp":1787926509834,"hypothesisId":"B","runId":"ipad-fix2"}
{"sessionId":"6c5c15","location":"pageInkDom.ts:resolvePageDomHit","message":"dom hit resolved","data":{"clientX":278,"clientY":384.5,"method":"rect","hitKind":null},"timestamp":1787926509842,"hypothesisId":"B","runId":"ipad-fix2"}
{"sessionId":"6c5c15","location":"pageInkDom.ts:resolvePageDomHit","message":"dom hit resolved","data":{"clientX":278.5,"clientY":380,"method":"rect","hitKind":null},"timestamp":1787926509850,"hypothesisId":"B","runId":"ipad-fix2"}
{"sessionId":"6c5c15","location":"pageInkDom.ts:resolvePageDomHit","message":"dom hit resolved","data":{"clientX":279,"clientY":375.5,"method":"rect","hitKind":null},"timestamp":1787926509859,"hypothesisId":"B","runId":"ipad-fix2"}
{"sessionId":"6c5c15","location":"pageInkDom.ts:resolvePageDomHit","message":"dom hit resolved","data":{"clientX":279.5,"clientY":371.5,"method":"rect","hitKind":null},"timestamp":1787926509867,"hypothesisId":"B","runId":"ipad-fix2"}
{"sessionId":"6c5c15","location":"pageInkDom.ts:resolvePageDomHit","message":"dom hit resolved","data":{"clientX":279.5,"clientY":366.5,"method":"rect","hitKind":null},"timestamp":1787926509875,"hypothesisId":"B","runId":"ipad-fix2"}
{"sessionId":"6c5c15","location":"pageInkDom.ts:resolvePageDomHit","message":"dom hit resolved","data":{"clientX":280,"clientY":362,"method":"rect","hitKind":null},"timestamp":1787926509884,"hypothesisId":"B","runId":"ipad-fix2"}
{"sessionId":"6c5c15","location":"pageInkDom.ts:resolvePageDomHit","message":"dom hit resolved","data":{"clientX":280,"clientY":357,"method":"rect","hitKind":null},"timestamp":1787926509892,"hypothesisId":"B","runId":"ipad-fix2"}
{"sessionId":"6c5c15","location":"pageInkDom.ts:resolvePageDomHit","message":"dom hit resolved","data":{"clientX":280,"clientY":351.5,"method":"rect","hitKind":null},"timestamp":1787926509900,"hypothesisId":"B","runId":"ipad-fix2"}
{"sessionId":"6c5c15","location":"pageInkDom.ts:resolvePageDomHit","message":"dom hit resolved","data":{"clientX":280,"clientY":346,"method":"rect","hitKind":null},"timestamp":1787926509909,"hypothesisId":"B","runId":"ipad-fix2"}
{"sessionId":"6c5c15","location":"pageInkDom.ts:resolvePageDomHit","message":"dom hit resolved","data":{"clientX":280,"clientY":340.5,"method":"rect","hitKind":null},"timestamp":1787926509917,"hypothesisId":"B","runId":"ipad-fix2"}
{"sessionId":"6c5c15","location":"pageInkDom.ts:resolvePageDomHit","message":"dom hit resolved","data":{"clientX":280,"clientY":334.5,"method":"rect","hitKind":null},"timestamp":1787926509925,"hypothesisId":"B","runId":"ipad-fix2"}
{"sessionId":"6c5c15","location":"pageInkDom.ts:resolvePageDomHit","message":"dom hit resolved","data":{"clientX":280,"clientY":328.5,"method":"rect","hitKind":null},"timestamp":1787926509934,"hypothesisId":"B","runId":"ipad-fix2"}
{"sessionId":"6c5c15","location":"pageInkDom.ts:resolvePageDomHit","message":"dom hit resolved","data":{"clientX":280,"clientY":323,"method":"rect","hitKind":null},"timestamp":1787926509942,"hypothesisId":"B","runId":"ipad-fix2"}
{"sessionId":"6c5c15","location":"pageInkDom.ts:resolvePageDomHit","message":"dom hit resolved","data":{"clientX":280,"clientY":316.5,"method":"rect","hitKind":null},"timestamp":1787926509951,"hypothesisId":"B","runId":"ipad-fix2"}
{"sessionId":"6c5c15","location":"pageInkDom.ts:resolvePageDomHit","message":"dom hit resolved","data":{"clientX":280,"clientY":311.5,"method":"rect","hitKind":null},"timestamp":1787926509959,"hypothesisId":"B","runId":"ipad-fix2"}
{"sessionId":"6c5c15","location":"pageInkDom.ts:resolvePageDomHit","message":"dom hit resolved","data":{"clientX":280,"clientY":305.5,"method":"rect","hitKind":null},"timestamp":1787926509967,"hypothesisId":"B","runId":"ipad-fix2"}
{"sessionId":"6c5c15","location":"pageInkDom.ts:resolvePageDomHit","message":"dom hit resolved","data":{"clientX":280,"clientY":299.5,"method":"rect","hitKind":null},"timestamp":1787926509976,"hypothesisId":"B","runId":"ipad-fix2"}
{"sessionId":"6c5c15","location":"pageInkDom.ts:resolvePageDomHit","message":"dom hit resolved","data":{"clientX":280,"clientY":292.5,"method":"rect","hitKind":null},"timestamp":1787926509984,"hypothesisId":"B","runId":"ipad-fix2"}
{"sessionId":"6c5c15","location":"pageInkDom.ts:resolvePageDomHit","message":"dom hit resolved","data":{"clientX":280,"clientY":287.5,"method":"rect","hitKind":null},"timestamp":1787926509992,"hypothesisId":"B","runId":"ipad-fix2"}
{"sessionId":"6c5c15","location":"pageInkDom.ts:resolvePageDomHit","message":"dom hit resolved","data":{"clientX":280,"clientY":280.5,"method":"rect","hitKind":null},"timestamp":1787926510001,"hypothesisId":"B","runId":"ipad-fix2"}
{"sessionId":"6c5c15","location":"pageInkDom.ts:resolvePageDomHit","message":"dom hit resolved","data":{"clientX":280,"clientY":274.5,"method":"rect","hitKind":null},"timestamp":1787926510009,"hypothesisId":"B","runId":"ipad-fix2"}
{"sessionId":"6c5c15","location":"pageInkDom.ts:resolvePageDomHit","message":"dom hit resolved","data":{"clientX":280,"clientY":269,"method":"rect","hitKind":null},"timestamp":1787926510017,"hypothesisId":"B","runId":"ipad-fix2"}
{"sessionId":"6c5c15","location":"pageInkDom.ts:resolvePageDomHit","message":"dom hit resolved","data":{"clientX":280,"clientY":262,"method":"rect","hitKind":null},"timestamp":1787926510025,"hypothesisId":"B","runId":"ipad-fix2"}
{"sessionId":"6c5c15","location":"pageInkDom.ts:resolvePageDomHit","message":"dom hit resolved","data":{"clientX":280,"clientY":255.5,"method":"rect","hitKind":null},"timestamp":1787926510034,"hypothesisId":"B","runId":"ipad-fix2"}
{"sessionId":"6c5c15","location":"pageInkDom.ts:resolvePageDomHit","message":"dom hit resolved","data":{"clientX":280,"clientY":248,"method":"rect","hitKind":null},"timestamp":1787926510042,"hypothesisId":"B","runId":"ipad-fix2"}
{"sessionId":"6c5c15","location":"pageInkDom.ts:resolvePageDomHit","message":"dom hit resolved","data":{"clientX":280.5,"clientY":241,"method":"rect","hitKind":null},"timestamp":1787926510051,"hypothesisId":"B","runId":"ipad-fix2"}
{"sessionId":"6c5c15","location":"pageInkDom.ts:resolvePageDomHit","message":"dom hit resolved","data":{"clientX":281,"clientY":233,"method":"rect","hitKind":null},"timestamp":1787926510059,"hypothesisId":"B","runId":"ipad-fix2"}
{"sessionId":"6c5c15","location":"pageInkDom.ts:resolvePageDomHit","message":"dom hit resolved","data":{"clientX":281.5,"clientY":224.5,"method":"rect","hitKind":null},"timestamp":1787926510067,"hypothesisId":"B","runId":"ipad-fix2"}
{"sessionId":"6c5c15","location":"pageInkDom.ts:resolvePageDomHit","message":"dom hit resolved","data":{"clientX":282,"clientY":216.5,"method":"rect","hitKind":null},"timestamp":1787926510076,"hypothesisId":"B","runId":"ipad-fix2"}
{"sessionId":"6c5c15","location":"pageInkDom.ts:resolvePageDomHit","message":"dom hit resolved","data":{"clientX":282,"clientY":207,"method":"rect","hitKind":null},"timestamp":1787926510084,"hypothesisId":"B","runId":"ipad-fix2"}
{"sessionId":"6c5c15","location":"pageInkDom.ts:resolvePageDomHit","message":"dom hit resolved","data":{"clientX":282.5,"clientY":199.5,"method":"rect","hitKind":null},"timestamp":1787926510092,"hypothesisId":"B","runId":"ipad-fix2"}
{"sessionId":"6c5c15","location":"pageInkDom.ts:resolvePageDomHit","message":"dom hit resolved","data":{"clientX":283,"clientY":190,"method":"rect","hitKind":null},"timestamp":1787926510101,"hypothesisId":"B","runId":"ipad-fix2"}
{"sessionId":"6c5c15","location":"pageInkDom.ts:resolvePageDomHit","message":"dom hit resolved","data":{"clientX":283.5,"clientY":183.5,"method":"rect","hitKind":null},"timestamp":1787926510109,"hypothesisId":"B","runId":"ipad-fix2"}
{"sessionId":"6c5c15","location":"pageInkDom.ts:resolvePageDomHit","message":"dom hit resolved","data":{"clientX":283.5,"clientY":177,"method":"rect","hitKind":null},"timestamp":1787926510117,"hypothesisId":"B","runId":"ipad-fix2"}
{"sessionId":"6c5c15","location":"pageInkDom.ts:resolvePageDomHit","message":"dom hit resolved","data":{"clientX":283.5,"clientY":170,"method":"rect","hitKind":null},"timestamp":1787926510126,"hypothesisId":"B","runId":"ipad-fix2"}
{"sessionId":"6c5c15","location":"pageInkDom.ts:resolvePageDomHit","message":"dom hit resolved","data":{"clientX":283.5,"clientY":165,"method":"rect","hitKind":null},"timestamp":1787926510134,"hypothesisId":"B","runId":"ipad-fix2"}
{"sessionId":"6c5c15","location":"pageInkDom.ts:resolvePageDomHit","message":"dom hit resolved","data":{"clientX":283.5,"clientY":158.5,"method":"rect","hitKind":null},"timestamp":1787926510142,"hypothesisId":"B","runId":"ipad-fix2"}
{"sessionId":"6c5c15","location":"pageInkDom.ts:resolvePageDomHit","message":"dom hit resolved","data":{"clientX":283.5,"clientY":152.5,"method":"rect","hitKind":null},"timestamp":1787926510151,"hypothesisId":"B","runId":"ipad-fix2"}
{"sessionId":"6c5c15","location":"pageInkDom.ts:resolvePageDomHit","message":"dom hit resolved","data":{"clientX":283.5,"clientY":147,"method":"rect","hitKind":null},"timestamp":1787926510159,"hypothesisId":"B","runId":"ipad-fix2"}
{"sessionId":"6c5c15","location":"pageInkDom.ts:resolvePageDomHit","message":"dom hit resolved","data":{"clientX":283.5,"clientY":140.5,"method":"rect","hitKind":null},"timestamp":1787926510167,"hypothesisId":"B","runId":"ipad-fix2"}
{"sessionId":"6c5c15","location":"pageInkDom.ts:resolvePageDomHit","message":"dom hit resolved","data":{"clientX":283.5,"clientY":135.5,"method":"rect","hitKind":null},"timestamp":1787926510176,"hypothesisId":"B","runId":"ipad-fix2"}
{"sessionId":"6c5c15","location":"pageInkDom.ts:resolvePageDomHit","message":"dom hit resolved","data":{"clientX":283.5,"clientY":130,"method":"rect","hitKind":null},"timestamp":1787926510184,"hypothesisId":"B","runId":"ipad-fix2"}
{"sessionId":"6c5c15","location":"pageInkDom.ts:resolvePageDomHit","message":"dom hit resolved","data":{"clientX":283.5,"clientY":123,"method":"rect","hitKind":null},"timestamp":1787926510192,"hypothesisId":"B","runId":"ipad-fix2"}
{"sessionId":"6c5c15","location":"useEditorController.tsx:textTapUp","message":"text tap up","data":{"pointerType":"touch","hasPending":false,"dist":339.9205789592622},"timestamp":1787926510201,"hypothesisId":"A,E","runId":"post-fix2"}
{"sessionId":"6c5c15","location":"pageInkDom.ts:resolvePageDomHit","message":"dom hit resolved","data":{"clientX":284.5,"clientY":114.5,"method":"rect","hitKind":null},"timestamp":1787926510201,"hypothesisId":"B","runId":"ipad-fix2"}
{"sessionId":"6c5c15","location":"useEditorController.tsx:textTapDown","message":"global pointerdown","data":{"pointerType":"touch","tracked":true},"timestamp":1787926510295,"hypothesisId":"A","runId":"post-fix"}
{"sessionId":"6c5c15","location":"pageInkDom.ts:resolvePageDomHit","message":"dom hit resolved","data":{"clientX":272.5,"clientY":96,"method":"rect","hitKind":null},"timestamp":1787926510296,"hypothesisId":"B","runId":"ipad-fix2"}
{"sessionId":"6c5c15","location":"pageInkDom.ts:resolvePageDomHit","message":"dom hit resolved","data":{"clientX":272.5,"clientY":96,"method":"rect","hitKind":null},"timestamp":1787926510360,"hypothesisId":"B","runId":"ipad-fix2"}
{"sessionId":"6c5c15","location":"useEditorController.tsx:textTapUp","message":"text tap up","data":{"pointerType":"touch","hasPending":false,"dist":0},"timestamp":1787926510359,"hypothesisId":"A,E","runId":"post-fix2"}
{"sessionId":"6c5c15","location":"workspaceFsm.tsx:fingerTapUp","message":"finger tap up","data":{"tool":"text","downHitKind":"empty","upHitKind":"empty","usedHitKind":"empty","effectTypes":[],"clientX":272.5,"clientY":96},"timestamp":1787926510360,"hypothesisId":"A,D,F","runId":"ipad-fix3"}
{"sessionId":"6c5c15","location":"TextEditBar.tsx:handleBlur","message":"textarea blur","data":{"textId":"3fd5502f-bdcc-4890-91fa-ccf7bfd1cc06","draftLen":0,"textareaLen":0,"draftEmpty":true,"textareaEmpty":true},"timestamp":1787926510395,"hypothesisId":"B","runId":"post-fix"}
{"sessionId":"6c5c15","location":"TextEditBar.tsx:runExplicitCommit","message":"commit plan","data":{"textId":"3fd5502f-bdcc-4890-91fa-ccf7bfd1cc06","draftLen":0,"textareaLen":0,"draftMatchTextarea":true,"savedLen":0,"composing":false,"forceOnExplicit":false,"planKind":"skip","planReason":"unchanged"},"timestamp":1787926510395,"hypothesisId":"B,C","runId":"post-fix"}
{"sessionId":"6c5c15","location":"useEditorController.tsx:textTapDown","message":"global pointerdown","data":{"pointerType":"touch","tracked":true},"timestamp":1787926510815,"hypothesisId":"A","runId":"post-fix"}
{"sessionId":"6c5c15","location":"pageInkDom.ts:resolvePageDomHit","message":"dom hit resolved","data":{"clientX":402.5,"clientY":206.5,"method":"rect","hitKind":null},"timestamp":1787926510817,"hypothesisId":"B","runId":"ipad-fix2"}
{"sessionId":"6c5c15","location":"pageInkDom.ts:resolvePageDomHit","message":"dom hit resolved","data":{"clientX":402.5,"clientY":219.5,"method":"rect","hitKind":null},"timestamp":1787926510839,"hypothesisId":"B","runId":"ipad-fix2"}
{"sessionId":"6c5c15","location":"pageInkDom.ts:resolvePageDomHit","message":"dom hit resolved","data":{"clientX":402.5,"clientY":219.5,"method":"rect","hitKind":null},"timestamp":1787926510840,"hypothesisId":"B","runId":"ipad-fix2"}
{"sessionId":"6c5c15","location":"pageInkDom.ts:resolvePageDomHit","message":"dom hit resolved","data":{"clientX":402.5,"clientY":226,"method":"rect","hitKind":null},"timestamp":1787926510845,"hypothesisId":"B","runId":"ipad-fix2"}
{"sessionId":"6c5c15","location":"pageInkDom.ts:resolvePageDomHit","message":"dom hit resolved","data":{"clientX":402.5,"clientY":233.5,"method":"rect","hitKind":null},"timestamp":1787926510852,"hypothesisId":"B","runId":"ipad-fix2"}
{"sessionId":"6c5c15","location":"pageInkDom.ts:resolvePageDomHit","message":"dom hit resolved","data":{"clientX":402.5,"clientY":241.5,"method":"rect","hitKind":null},"timestamp":1787926510859,"hypothesisId":"B","runId":"ipad-fix2"}
{"sessionId":"6c5c15","location":"pageInkDom.ts:resolvePageDomHit","message":"dom hit resolved","data":{"clientX":401.5,"clientY":251,"method":"rect","hitKind":null},"timestamp":1787926510868,"hypothesisId":"B","runId":"ipad-fix2"}
{"sessionId":"6c5c15","location":"pageInkDom.ts:resolvePageDomHit","message":"dom hit resolved","data":{"clientX":401.5,"clientY":261,"method":"rect","hitKind":null},"timestamp":1787926510876,"hypothesisId":"B","runId":"ipad-fix2"}
{"sessionId":"6c5c15","location":"pageInkDom.ts:resolvePageDomHit","message":"dom hit resolved","data":{"clientX":401.5,"clientY":274,"method":"rect","hitKind":null},"timestamp":1787926510884,"hypothesisId":"B","runId":"ipad-fix2"}
{"sessionId":"6c5c15","location":"pageInkDom.ts:resolvePageDomHit","message":"dom hit resolved","data":{"clientX":401.5,"clientY":287.5,"method":"rect","hitKind":null},"timestamp":1787926510893,"hypothesisId":"B","runId":"ipad-fix2"}
{"sessionId":"6c5c15","location":"pageInkDom.ts:resolvePageDomHit","message":"dom hit resolved","data":{"clientX":401.5,"clientY":304,"method":"rect","hitKind":null},"timestamp":1787926510901,"hypothesisId":"B","runId":"ipad-fix2"}
{"sessionId":"6c5c15","location":"pageInkDom.ts:resolvePageDomHit","message":"dom hit resolved","data":{"clientX":401.5,"clientY":324.5,"method":"rect","hitKind":null},"timestamp":1787926510909,"hypothesisId":"B","runId":"ipad-fix2"}
{"sessionId":"6c5c15","location":"pageInkDom.ts:resolvePageDomHit","message":"dom hit resolved","data":{"clientX":402,"clientY":347,"method":"rect","hitKind":null},"timestamp":1787926510918,"hypothesisId":"B","runId":"ipad-fix2"}
{"sessionId":"6c5c15","location":"pageInkDom.ts:resolvePageDomHit","message":"dom hit resolved","data":{"clientX":403,"clientY":370,"method":"rect","hitKind":null},"timestamp":1787926510926,"hypothesisId":"B","runId":"ipad-fix2"}
{"sessionId":"6c5c15","location":"pageInkDom.ts:resolvePageDomHit","message":"dom hit resolved","data":{"clientX":404.5,"clientY":398,"method":"rect","hitKind":null},"timestamp":1787926510934,"hypothesisId":"B","runId":"ipad-fix2"}
{"sessionId":"6c5c15","location":"pageInkDom.ts:resolvePageDomHit","message":"dom hit resolved","data":{"clientX":405,"clientY":426.5,"method":"rect","hitKind":null},"timestamp":1787926510943,"hypothesisId":"B","runId":"ipad-fix2"}
{"sessionId":"6c5c15","location":"pageInkDom.ts:resolvePageDomHit","message":"dom hit resolved","data":{"clientX":406.5,"clientY":451.5,"method":"rect","hitKind":null},"timestamp":1787926510951,"hypothesisId":"B","runId":"ipad-fix2"}
{"sessionId":"6c5c15","location":"pageInkDom.ts:resolvePageDomHit","message":"dom hit resolved","data":{"clientX":407,"clientY":480,"method":"rect","hitKind":null},"timestamp":1787926510959,"hypothesisId":"B","runId":"ipad-fix2"}
{"sessionId":"6c5c15","location":"pageInkDom.ts:resolvePageDomHit","message":"dom hit resolved","data":{"clientX":407.5,"clientY":506,"method":"rect","hitKind":null},"timestamp":1787926510968,"hypothesisId":"B","runId":"ipad-fix2"}
{"sessionId":"6c5c15","location":"pageInkDom.ts:resolvePageDomHit","message":"dom hit resolved","data":{"clientX":408,"clientY":527.5,"method":"rect","hitKind":null},"timestamp":1787926510976,"hypothesisId":"B","runId":"ipad-fix2"}
{"sessionId":"6c5c15","location":"pageInkDom.ts:resolvePageDomHit","message":"dom hit resolved","data":{"clientX":408.5,"clientY":549.5,"method":"rect","hitKind":null},"timestamp":1787926510984,"hypothesisId":"B","runId":"ipad-fix2"}
{"sessionId":"6c5c15","location":"pageInkDom.ts:resolvePageDomHit","message":"dom hit resolved","data":{"clientX":408.5,"clientY":568.5,"method":"rect","hitKind":null},"timestamp":1787926510993,"hypothesisId":"B","runId":"ipad-fix2"}
{"sessionId":"6c5c15","location":"pageInkDom.ts:resolvePageDomHit","message":"dom hit resolved","data":{"clientX":408.5,"clientY":588.5,"method":"rect","hitKind":null},"timestamp":1787926511001,"hypothesisId":"B","runId":"ipad-fix2"}
{"sessionId":"6c5c15","location":"pageInkDom.ts:resolvePageDomHit","message":"dom hit resolved","data":{"clientX":408.5,"clientY":606,"method":"rect","hitKind":null},"timestamp":1787926511009,"hypothesisId":"B","runId":"ipad-fix2"}
{"sessionId":"6c5c15","location":"pageInkDom.ts:resolvePageDomHit","message":"dom hit resolved","data":{"clientX":407,"clientY":623.5,"method":"rect","hitKind":null},"timestamp":1787926511018,"hypothesisId":"B","runId":"ipad-fix2"}
{"sessionId":"6c5c15","location":"pageInkDom.ts:resolvePageDomHit","message":"dom hit resolved","data":{"clientX":406.5,"clientY":636.5,"method":"rect","hitKind":null},"timestamp":1787926511026,"hypothesisId":"B","runId":"ipad-fix2"}
{"sessionId":"6c5c15","location":"pageInkDom.ts:resolvePageDomHit","message":"dom hit resolved","data":{"clientX":405.5,"clientY":649.5,"method":"rect","hitKind":null},"timestamp":1787926511034,"hypothesisId":"B","runId":"ipad-fix2"}
{"sessionId":"6c5c15","location":"pageInkDom.ts:resolvePageDomHit","message":"dom hit resolved","data":{"clientX":404.5,"clientY":659,"method":"rect","hitKind":null},"timestamp":1787926511043,"hypothesisId":"B","runId":"ipad-fix2"}
{"sessionId":"6c5c15","location":"pageInkDom.ts:resolvePageDomHit","message":"dom hit resolved","data":{"clientX":404.5,"clientY":669,"method":"rect","hitKind":null},"timestamp":1787926511051,"hypothesisId":"B","runId":"ipad-fix2"}
{"sessionId":"6c5c15","location":"pageInkDom.ts:resolvePageDomHit","message":"dom hit resolved","data":{"clientX":404,"clientY":676.5,"method":"rect","hitKind":null},"timestamp":1787926511059,"hypothesisId":"B","runId":"ipad-fix2"}
{"sessionId":"6c5c15","location":"pageInkDom.ts:resolvePageDomHit","message":"dom hit resolved","data":{"clientX":404,"clientY":685,"method":"rect","hitKind":null},"timestamp":1787926511068,"hypothesisId":"B","runId":"ipad-fix2"}
{"sessionId":"6c5c15","location":"pageInkDom.ts:resolvePageDomHit","message":"dom hit resolved","data":{"clientX":403,"clientY":689.5,"method":"rect","hitKind":null},"timestamp":1787926511076,"hypothesisId":"B","runId":"ipad-fix2"}
{"sessionId":"6c5c15","location":"pageInkDom.ts:resolvePageDomHit","message":"dom hit resolved","data":{"clientX":403,"clientY":695,"method":"rect","hitKind":null},"timestamp":1787926511084,"hypothesisId":"B","runId":"ipad-fix2"}
{"sessionId":"6c5c15","location":"pageInkDom.ts:resolvePageDomHit","message":"dom hit resolved","data":{"clientX":402.5,"clientY":698,"method":"rect","hitKind":null},"timestamp":1787926511093,"hypothesisId":"B","runId":"ipad-fix2"}
{"sessionId":"6c5c15","location":"pageInkDom.ts:resolvePageDomHit","message":"dom hit resolved","data":{"clientX":402.5,"clientY":701,"method":"rect","hitKind":null},"timestamp":1787926511101,"hypothesisId":"B","runId":"ipad-fix2"}
{"sessionId":"6c5c15","location":"useEditorController.tsx:textTapUp","message":"text tap up","data":{"pointerType":"touch","hasPending":false,"dist":494.0063258704285},"timestamp":1787926511109,"hypothesisId":"A,E","runId":"post-fix2"}
{"sessionId":"6c5c15","location":"pageInkDom.ts:resolvePageDomHit","message":"dom hit resolved","data":{"clientX":400,"clientY":700.5,"method":"rect","hitKind":null},"timestamp":1787926511110,"hypothesisId":"B","runId":"ipad-fix2"}
{"sessionId":"6c5c15","location":"useEditorController.tsx:textTapDown","message":"global pointerdown","data":{"pointerType":"touch","tracked":true},"timestamp":1787926511315,"hypothesisId":"A","runId":"post-fix"}
{"sessionId":"6c5c15","location":"pageInkDom.ts:resolvePageDomHit","message":"dom hit resolved","data":{"clientX":431.5,"clientY":394,"method":"rect","hitKind":null},"timestamp":1787926511316,"hypothesisId":"B","runId":"ipad-fix2"}
{"sessionId":"6c5c15","location":"pageInkDom.ts:resolvePageDomHit","message":"dom hit resolved","data":{"clientX":428.5,"clientY":407.5,"method":"rect","hitKind":null},"timestamp":1787926511324,"hypothesisId":"B","runId":"ipad-fix2"}
{"sessionId":"6c5c15","location":"pageInkDom.ts:resolvePageDomHit","message":"dom hit resolved","data":{"clientX":428.5,"clientY":407.5,"method":"rect","hitKind":null},"timestamp":1787926511325,"hypothesisId":"B","runId":"ipad-fix2"}
{"sessionId":"6c5c15","location":"pageInkDom.ts:resolvePageDomHit","message":"dom hit resolved","data":{"clientX":425.5,"clientY":425.5,"method":"rect","hitKind":null},"timestamp":1787926511328,"hypothesisId":"B","runId":"ipad-fix2"}
{"sessionId":"6c5c15","location":"pageInkDom.ts:resolvePageDomHit","message":"dom hit resolved","data":{"clientX":420.5,"clientY":445.5,"method":"rect","hitKind":null},"timestamp":1787926511334,"hypothesisId":"B","runId":"ipad-fix2"}
{"sessionId":"6c5c15","location":"pageInkDom.ts:resolvePageDomHit","message":"dom hit resolved","data":{"clientX":416.5,"clientY":468,"method":"rect","hitKind":null},"timestamp":1787926511343,"hypothesisId":"B","runId":"ipad-fix2"}
{"sessionId":"6c5c15","location":"pageInkDom.ts:resolvePageDomHit","message":"dom hit resolved","data":{"clientX":412.5,"clientY":496.5,"method":"rect","hitKind":null},"timestamp":1787926511351,"hypothesisId":"B","runId":"ipad-fix2"}
{"sessionId":"6c5c15","location":"pageInkDom.ts:resolvePageDomHit","message":"dom hit resolved","data":{"clientX":412,"clientY":523.5,"method":"rect","hitKind":null},"timestamp":1787926511359,"hypothesisId":"B","runId":"ipad-fix2"}
{"sessionId":"6c5c15","location":"pageInkDom.ts:resolvePageDomHit","message":"dom hit resolved","data":{"clientX":412,"clientY":547,"method":"rect","hitKind":null},"timestamp":1787926511368,"hypothesisId":"B","runId":"ipad-fix2"}
{"sessionId":"6c5c15","location":"pageInkDom.ts:resolvePageDomHit","message":"dom hit resolved","data":{"clientX":412,"clientY":575.5,"method":"rect","hitKind":null},"timestamp":1787926511376,"hypothesisId":"B","runId":"ipad-fix2"}
{"sessionId":"6c5c15","location":"pageInkDom.ts:resolvePageDomHit","message":"dom hit resolved","data":{"clientX":412.5,"clientY":605,"method":"rect","hitKind":null},"timestamp":1787926511385,"hypothesisId":"B","runId":"ipad-fix2"}
{"sessionId":"6c5c15","location":"pageInkDom.ts:resolvePageDomHit","message":"dom hit resolved","data":{"clientX":414.5,"clientY":635.5,"method":"rect","hitKind":null},"timestamp":1787926511393,"hypothesisId":"B","runId":"ipad-fix2"}
{"sessionId":"6c5c15","location":"pageInkDom.ts:resolvePageDomHit","message":"dom hit resolved","data":{"clientX":417,"clientY":671,"method":"rect","hitKind":null},"timestamp":1787926511401,"hypothesisId":"B","runId":"ipad-fix2"}
{"sessionId":"6c5c15","location":"useEditorController.tsx:textTapUp","message":"text tap up","data":{"pointerType":"touch","hasPending":false,"dist":312.1297807002722},"timestamp":1787926511410,"hypothesisId":"A,E","runId":"post-fix2"}
{"sessionId":"6c5c15","location":"pageInkDom.ts:resolvePageDomHit","message":"dom hit resolved","data":{"clientX":422.5,"clientY":706,"method":"rect","hitKind":null},"timestamp":1787926511410,"hypothesisId":"B","runId":"ipad-fix2"}
{"sessionId":"6c5c15","location":"useEditorController.tsx:textTapDown","message":"global pointerdown","data":{"pointerType":"touch","tracked":true},"timestamp":1787926511640,"hypothesisId":"A","runId":"post-fix"}
{"sessionId":"6c5c15","location":"pageInkDom.ts:resolvePageDomHit","message":"dom hit resolved","data":{"clientX":438,"clientY":439.5,"method":"rect","hitKind":null},"timestamp":1787926511642,"hypothesisId":"B","runId":"ipad-fix2"}
{"sessionId":"6c5c15","location":"pageInkDom.ts:resolvePageDomHit","message":"dom hit resolved","data":{"clientX":437.5,"clientY":449.5,"method":"rect","hitKind":null},"timestamp":1787926511656,"hypothesisId":"B","runId":"ipad-fix2"}
{"sessionId":"6c5c15","location":"pageInkDom.ts:resolvePageDomHit","message":"dom hit resolved","data":{"clientX":437.5,"clientY":449.5,"method":"rect","hitKind":null},"timestamp":1787926511656,"hypothesisId":"B","runId":"ipad-fix2"}
{"sessionId":"6c5c15","location":"pageInkDom.ts:resolvePageDomHit","message":"dom hit resolved","data":{"clientX":436,"clientY":457,"method":"rect","hitKind":null},"timestamp":1787926511660,"hypothesisId":"B","runId":"ipad-fix2"}
{"sessionId":"6c5c15","location":"pageInkDom.ts:resolvePageDomHit","message":"dom hit resolved","data":{"clientX":433.5,"clientY":465.5,"method":"rect","hitKind":null},"timestamp":1787926511668,"hypothesisId":"B","runId":"ipad-fix2"}
{"sessionId":"6c5c15","location":"pageInkDom.ts:resolvePageDomHit","message":"dom hit resolved","data":{"clientX":429,"clientY":478,"method":"rect","hitKind":null},"timestamp":1787926511676,"hypothesisId":"B","runId":"ipad-fix2"}
{"sessionId":"6c5c15","location":"pageInkDom.ts:resolvePageDomHit","message":"dom hit resolved","data":{"clientX":424,"clientY":497,"method":"rect","hitKind":null},"timestamp":1787926511685,"hypothesisId":"B","runId":"ipad-fix2"}
{"sessionId":"6c5c15","location":"pageInkDom.ts:resolvePageDomHit","message":"dom hit resolved","data":{"clientX":418.5,"clientY":520,"method":"rect","hitKind":null},"timestamp":1787926511693,"hypothesisId":"B","runId":"ipad-fix2"}
{"sessionId":"6c5c15","location":"pageInkDom.ts:resolvePageDomHit","message":"dom hit resolved","data":{"clientX":413.5,"clientY":548,"method":"rect","hitKind":null},"timestamp":1787926511701,"hypothesisId":"B","runId":"ipad-fix2"}
{"sessionId":"6c5c15","location":"pageInkDom.ts:resolvePageDomHit","message":"dom hit resolved","data":{"clientX":410.5,"clientY":575,"method":"rect","hitKind":null},"timestamp":1787926511710,"hypothesisId":"B","runId":"ipad-fix2"}
{"sessionId":"6c5c15","location":"pageInkDom.ts:resolvePageDomHit","message":"dom hit resolved","data":{"clientX":409.5,"clientY":605,"method":"rect","hitKind":null},"timestamp":1787926511718,"hypothesisId":"B","runId":"ipad-fix2"}
{"sessionId":"6c5c15","location":"pageInkDom.ts:resolvePageDomHit","message":"dom hit resolved","data":{"clientX":409.5,"clientY":634,"method":"rect","hitKind":null},"timestamp":1787926511726,"hypothesisId":"B","runId":"ipad-fix2"}
{"sessionId":"6c5c15","location":"pageInkDom.ts:resolvePageDomHit","message":"dom hit resolved","data":{"clientX":409.5,"clientY":662.5,"method":"rect","hitKind":null},"timestamp":1787926511735,"hypothesisId":"B","runId":"ipad-fix2"}
{"sessionId":"6c5c15","location":"pageInkDom.ts:resolvePageDomHit","message":"dom hit resolved","data":{"clientX":411.5,"clientY":688,"method":"rect","hitKind":null},"timestamp":1787926511743,"hypothesisId":"B","runId":"ipad-fix2"}
{"sessionId":"6c5c15","location":"pageInkDom.ts:resolvePageDomHit","message":"dom hit resolved","data":{"clientX":414,"clientY":716.5,"method":"rect","hitKind":null},"timestamp":1787926511751,"hypothesisId":"B","runId":"ipad-fix2"}
{"sessionId":"6c5c15","location":"pageInkDom.ts:resolvePageDomHit","message":"dom hit resolved","data":{"clientX":415.5,"clientY":738.5,"method":"rect","hitKind":null},"timestamp":1787926511760,"hypothesisId":"B","runId":"ipad-fix2"}
{"sessionId":"6c5c15","location":"useEditorController.tsx:textTapUp","message":"text tap up","data":{"pointerType":"touch","hasPending":false,"dist":301.23288333115295},"timestamp":1787926511768,"hypothesisId":"A,E","runId":"post-fix2"}
{"sessionId":"6c5c15","location":"pageInkDom.ts:resolvePageDomHit","message":"dom hit resolved","data":{"clientX":417,"clientY":740,"method":"rect","hitKind":null},"timestamp":1787926511768,"hypothesisId":"B","runId":"ipad-fix2"}
{"sessionId":"6c5c15","location":"useEditorController.tsx:textTapDown","message":"global pointerdown","data":{"pointerType":"touch","tracked":true},"timestamp":1787926511932,"hypothesisId":"A","runId":"post-fix"}
{"sessionId":"6c5c15","location":"pageInkDom.ts:resolvePageDomHit","message":"dom hit resolved","data":{"clientX":400,"clientY":515,"method":"rect","hitKind":null},"timestamp":1787926511932,"hypothesisId":"B","runId":"ipad-fix2"}
{"sessionId":"6c5c15","location":"pageInkDom.ts:resolvePageDomHit","message":"dom hit resolved","data":{"clientX":400,"clientY":518,"method":"rect","hitKind":null},"timestamp":1787926511962,"hypothesisId":"B","runId":"ipad-fix2"}
{"sessionId":"6c5c15","location":"pageInkDom.ts:resolvePageDomHit","message":"dom hit resolved","data":{"clientX":400,"clientY":518,"method":"rect","hitKind":null},"timestamp":1787926511963,"hypothesisId":"B","runId":"ipad-fix2"}
{"sessionId":"6c5c15","location":"pageInkDom.ts:resolvePageDomHit","message":"dom hit resolved","data":{"clientX":400,"clientY":522,"method":"rect","hitKind":null},"timestamp":1787926511968,"hypothesisId":"B","runId":"ipad-fix2"}
{"sessionId":"6c5c15","location":"pageInkDom.ts:resolvePageDomHit","message":"dom hit resolved","data":{"clientX":400,"clientY":526.5,"method":"rect","hitKind":null},"timestamp":1787926511977,"hypothesisId":"B","runId":"ipad-fix2"}
{"sessionId":"6c5c15","location":"pageInkDom.ts:resolvePageDomHit","message":"dom hit resolved","data":{"clientX":400.5,"clientY":531,"method":"rect","hitKind":null},"timestamp":1787926511985,"hypothesisId":"B","runId":"ipad-fix2"}
{"sessionId":"6c5c15","location":"pageInkDom.ts:resolvePageDomHit","message":"dom hit resolved","data":{"clientX":402,"clientY":536,"method":"rect","hitKind":null},"timestamp":1787926511993,"hypothesisId":"B","runId":"ipad-fix2"}
{"sessionId":"6c5c15","location":"pageInkDom.ts:resolvePageDomHit","message":"dom hit resolved","data":{"clientX":402.5,"clientY":543,"method":"rect","hitKind":null},"timestamp":1787926512002,"hypothesisId":"B","runId":"ipad-fix2"}
{"sessionId":"6c5c15","location":"pageInkDom.ts:resolvePageDomHit","message":"dom hit resolved","data":{"clientX":403,"clientY":548.5,"method":"rect","hitKind":null},"timestamp":1787926512010,"hypothesisId":"B","runId":"ipad-fix2"}
{"sessionId":"6c5c15","location":"useEditorController.tsx:textTapUp","message":"text tap up","data":{"pointerType":"touch","hasPending":false,"dist":48.093658625644196},"timestamp":1787926512018,"hypothesisId":"A,E","runId":"post-fix2"}
{"sessionId":"6c5c15","location":"pageInkDom.ts:resolvePageDomHit","message":"dom hit resolved","data":{"clientX":403,"clientY":563,"method":"rect","hitKind":null},"timestamp":1787926512019,"hypothesisId":"B","runId":"ipad-fix2"}
{"sessionId":"6c5c15","location":"pageInkDom.ts:resolvePageDomHit","message":"dom hit resolved","data":{"clientX":704.3333740234375,"clientY":747.3333740234375,"method":"rect","hitKind":null},"timestamp":1787926512955,"hypothesisId":"B","runId":"ipad-fix2"}
{"sessionId":"6c5c15","location":"pageInkDom.ts:resolvePageDomHit","message":"dom hit resolved","data":{"clientX":701.6666870117188,"clientY":749.3333740234375,"method":"rect","hitKind":null},"timestamp":1787926512956,"hypothesisId":"B","runId":"ipad-fix2"}
{"sessionId":"6c5c15","location":"pageInkDom.ts:resolvePageDomHit","message":"dom hit resolved","data":{"clientX":698.3333740234375,"clientY":751.3333740234375,"method":"rect","hitKind":null},"timestamp":1787926512957,"hypothesisId":"B","runId":"ipad-fix2"}
{"sessionId":"6c5c15","location":"useEditorController.tsx:textTapDown","message":"global pointerdown","data":{"pointerType":"mouse","tracked":true},"timestamp":1787926513199,"hypothesisId":"A","runId":"post-fix"}
{"sessionId":"6c5c15","location":"TextEditBar.tsx:handleBlur","message":"textarea blur","data":{"textId":"7022aab8-22c5-4ee6-bfd6-7ebecaf0ef34","draftLen":7,"textareaLen":7,"draftEmpty":false,"textareaEmpty":false},"timestamp":1787926513199,"hypothesisId":"B","runId":"post-fix"}
{"sessionId":"6c5c15","location":"TextEditBar.tsx:runExplicitCommit","message":"commit plan","data":{"textId":"7022aab8-22c5-4ee6-bfd6-7ebecaf0ef34","draftLen":7,"textareaLen":7,"draftMatchTextarea":true,"savedLen":7,"composing":false,"forceOnExplicit":false,"planKind":"skip","planReason":"unchanged"},"timestamp":1787926513200,"hypothesisId":"B,C","runId":"post-fix"}
{"sessionId":"6c5c15","location":"useEditorController.tsx:textTapUp","message":"text tap up","data":{"pointerType":"mouse","hasPending":false,"dist":0},"timestamp":1787926513247,"hypothesisId":"A,E","runId":"post-fix2"}
{"sessionId":"6c5c15","location":"useEditorController.tsx:textTapDown","message":"global pointerdown","data":{"pointerType":"touch","tracked":true},"timestamp":1787926517578,"hypothesisId":"A","runId":"post-fix"}
{"sessionId":"6c5c15","location":"useEditorController.tsx:textTapUp","message":"text tap up","data":{"pointerType":"touch","hasPending":false,"dist":0},"timestamp":1787926517593,"hypothesisId":"A,E","runId":"post-fix2"}
{"sessionId":"6c5c15","location":"pageInkDom.ts:resolvePageDomHit","message":"dom hit resolved","data":{"clientX":446.3333435058594,"clientY":632.6666870117188,"method":"rect","hitKind":null},"timestamp":1787926524872,"hypothesisId":"B","runId":"ipad-fix2"}
{"sessionId":"6c5c15","location":"pageInkDom.ts:resolvePageDomHit","message":"dom hit resolved","data":{"clientX":448.3333435058594,"clientY":612.6666870117188,"method":"rect","hitKind":null},"timestamp":1787926524873,"hypothesisId":"B","runId":"ipad-fix2"}
{"sessionId":"6c5c15","location":"pageInkDom.ts:resolvePageDomHit","message":"dom hit resolved","data":{"clientX":450.3333435058594,"clientY":601.3333740234375,"method":"rect","hitKind":null},"timestamp":1787926524874,"hypothesisId":"B","runId":"ipad-fix2"}
{"sessionId":"6c5c15","location":"pageInkDom.ts:resolvePageDomHit","message":"dom hit resolved","data":{"clientX":450.3333435058594,"clientY":590.6666870117188,"method":"rect","hitKind":null},"timestamp":1787926524875,"hypothesisId":"B","runId":"ipad-fix2"}
{"sessionId":"6c5c15","location":"pageInkDom.ts:resolvePageDomHit","message":"dom hit resolved","data":{"clientX":451,"clientY":580.6666870117188,"method":"rect","hitKind":null},"timestamp":1787926524879,"hypothesisId":"B","runId":"ipad-fix2"}
{"sessionId":"6c5c15","location":"pageInkDom.ts:resolvePageDomHit","message":"dom hit resolved","data":{"clientX":454.3333435058594,"clientY":557.3333740234375,"method":"rect","hitKind":null},"timestamp":1787926524881,"hypothesisId":"B","runId":"ipad-fix2"}
{"sessionId":"6c5c15","location":"pageInkDom.ts:resolvePageDomHit","message":"dom hit resolved","data":{"clientX":453,"clientY":569.3333740234375,"method":"rect","hitKind":null},"timestamp":1787926524880,"hypothesisId":"B","runId":"ipad-fix2"}
{"sessionId":"6c5c15","location":"pageInkDom.ts:resolvePageDomHit","message":"dom hit resolved","data":{"clientX":456.3333435058594,"clientY":533.3333740234375,"method":"rect","hitKind":null},"timestamp":1787926524883,"hypothesisId":"B","runId":"ipad-fix2"}
{"sessionId":"6c5c15","location":"pageInkDom.ts:resolvePageDomHit","message":"dom hit resolved","data":{"clientX":457,"clientY":521.3333740234375,"method":"rect","hitKind":null},"timestamp":1787926524885,"hypothesisId":"B","runId":"ipad-fix2"}
{"sessionId":"6c5c15","location":"pageInkDom.ts:resolvePageDomHit","message":"dom hit resolved","data":{"clientX":460.3333435058594,"clientY":496.66668701171875,"method":"rect","hitKind":null},"timestamp":1787926524887,"hypothesisId":"B","runId":"ipad-fix2"}
{"sessionId":"6c5c15","location":"pageInkDom.ts:resolvePageDomHit","message":"dom hit resolved","data":{"clientX":462.3333435058594,"clientY":470.66668701171875,"method":"rect","hitKind":null},"timestamp":1787926524888,"hypothesisId":"B","runId":"ipad-fix2"}
{"sessionId":"6c5c15","location":"pageInkDom.ts:resolvePageDomHit","message":"dom hit resolved","data":{"clientX":466.3333435058594,"clientY":429.3333435058594,"method":"rect","hitKind":null},"timestamp":1787926524892,"hypothesisId":"B","runId":"ipad-fix2"}
{"sessionId":"6c5c15","location":"pageInkDom.ts:resolvePageDomHit","message":"dom hit resolved","data":{"clientX":467,"clientY":414.66668701171875,"method":"rect","hitKind":null},"timestamp":1787926524895,"hypothesisId":"B","runId":"ipad-fix2"}
{"sessionId":"6c5c15","location":"pageInkDom.ts:resolvePageDomHit","message":"dom hit resolved","data":{"clientX":471,"clientY":355.3333435058594,"method":"rect","hitKind":null},"timestamp":1787926524897,"hypothesisId":"B","runId":"ipad-fix2"}
{"sessionId":"6c5c15","location":"pageInkDom.ts:resolvePageDomHit","message":"dom hit resolved","data":{"clientX":475,"clientY":307.3333435058594,"method":"rect","hitKind":null},"timestamp":1787926524898,"hypothesisId":"B","runId":"ipad-fix2"}
{"sessionId":"6c5c15","location":"pageInkDom.ts:resolvePageDomHit","message":"dom hit resolved","data":{"clientX":480.3333435058594,"clientY":241.33334350585938,"method":"rect","hitKind":null},"timestamp":1787926524901,"hypothesisId":"B","runId":"ipad-fix2"}
{"sessionId":"6c5c15","location":"pageInkDom.ts:resolvePageDomHit","message":"dom hit resolved","data":{"clientX":481,"clientY":224.6666717529297,"method":"rect","hitKind":null},"timestamp":1787926524904,"hypothesisId":"B","runId":"ipad-fix2"}
{"sessionId":"6c5c15","location":"pageInkDom.ts:resolvePageDomHit","message":"dom hit resolved","data":{"clientX":483,"clientY":188.6666717529297,"method":"rect","hitKind":null},"timestamp":1787926524905,"hypothesisId":"B","runId":"ipad-fix2"}
{"sessionId":"6c5c15","location":"pageInkDom.ts:resolvePageDomHit","message":"dom hit resolved","data":{"clientX":297,"clientY":149.33334350585938,"method":"rect","hitKind":"pageNumber","pageId":"ebb5e579-4721-457d-9fb2-6d540ebdae8c"},"timestamp":1787926525056,"hypothesisId":"B","runId":"ipad-fix2"}
{"sessionId":"6c5c15","location":"pageInkDom.ts:resolvePageDomHit","message":"dom hit resolved","data":{"clientX":284.3333435058594,"clientY":167.33334350585938,"method":"rect","hitKind":"pageNumber","pageId":"ebb5e579-4721-457d-9fb2-6d540ebdae8c"},"timestamp":1787926525057,"hypothesisId":"B","runId":"ipad-fix2"}
{"sessionId":"6c5c15","location":"pageInkDom.ts:resolvePageDomHit","message":"dom hit resolved","data":{"clientX":277,"clientY":177.33334350585938,"method":"rect","hitKind":null},"timestamp":1787926525058,"hypothesisId":"B","runId":"ipad-fix2"}
{"sessionId":"6c5c15","location":"pageInkDom.ts:resolvePageDomHit","message":"dom hit resolved","data":{"clientX":271,"clientY":186,"method":"rect","hitKind":null},"timestamp":1787926525058,"hypothesisId":"B","runId":"ipad-fix2"}
{"sessionId":"6c5c15","location":"pageInkDom.ts:resolvePageDomHit","message":"dom hit resolved","data":{"clientX":265,"clientY":196,"method":"rect","hitKind":null},"timestamp":1787926525059,"hypothesisId":"B","runId":"ipad-fix2"}
{"sessionId":"6c5c15","location":"pageInkDom.ts:resolvePageDomHit","message":"dom hit resolved","data":{"clientX":252.33334350585938,"clientY":216,"method":"rect","hitKind":null},"timestamp":1787926525060,"hypothesisId":"B","runId":"ipad-fix2"}
{"sessionId":"6c5c15","location":"pageInkDom.ts:resolvePageDomHit","message":"dom hit resolved","data":{"clientX":245,"clientY":225.33334350585938,"method":"rect","hitKind":null},"timestamp":1787926525062,"hypothesisId":"B","runId":"ipad-fix2"}
{"sessionId":"6c5c15","location":"pageInkDom.ts:resolvePageDomHit","message":"dom hit resolved","data":{"clientX":238.33334350585938,"clientY":236,"method":"rect","hitKind":null},"timestamp":1787926525062,"hypothesisId":"B","runId":"ipad-fix2"}
{"sessionId":"6c5c15","location":"pageInkDom.ts:resolvePageDomHit","message":"dom hit resolved","data":{"clientX":232.33334350585938,"clientY":246,"method":"rect","hitKind":null},"timestamp":1787926525064,"hypothesisId":"B","runId":"ipad-fix2"}
{"sessionId":"6c5c15","location":"pageInkDom.ts:resolvePageDomHit","message":"dom hit resolved","data":{"clientX":225,"clientY":256,"method":"rect","hitKind":null},"timestamp":1787926525064,"hypothesisId":"B","runId":"ipad-fix2"}
{"sessionId":"6c5c15","location":"pageInkDom.ts:resolvePageDomHit","message":"dom hit resolved","data":{"clientX":219,"clientY":266,"method":"rect","hitKind":null},"timestamp":1787926525065,"hypothesisId":"B","runId":"ipad-fix2"}
{"sessionId":"6c5c15","location":"pageInkDom.ts:resolvePageDomHit","message":"dom hit resolved","data":{"clientX":213,"clientY":277.3333435058594,"method":"rect","hitKind":null},"timestamp":1787926525067,"hypothesisId":"B","runId":"ipad-fix2"}
{"sessionId":"6c5c15","location":"pageInkDom.ts:resolvePageDomHit","message":"dom hit resolved","data":{"clientX":207,"clientY":287.3333435058594,"method":"rect","hitKind":null},"timestamp":1787926525068,"hypothesisId":"B","runId":"ipad-fix2"}
{"sessionId":"6c5c15","location":"pageInkDom.ts:resolvePageDomHit","message":"dom hit resolved","data":{"clientX":195,"clientY":308,"method":"rect","hitKind":null},"timestamp":1787926525068,"hypothesisId":"B","runId":"ipad-fix2"}
{"sessionId":"6c5c15","location":"pageInkDom.ts:resolvePageDomHit","message":"dom hit resolved","data":{"clientX":187,"clientY":319.3333435058594,"method":"rect","hitKind":null},"timestamp":1787926525070,"hypothesisId":"B","runId":"ipad-fix2"}
{"sessionId":"6c5c15","location":"pageInkDom.ts:resolvePageDomHit","message":"dom hit resolved","data":{"clientX":180.33334350585938,"clientY":330,"method":"rect","hitKind":null},"timestamp":1787926525070,"hypothesisId":"B","runId":"ipad-fix2"}
{"sessionId":"6c5c15","location":"pageInkDom.ts:resolvePageDomHit","message":"dom hit resolved","data":{"clientX":173,"clientY":341.3333435058594,"method":"rect","hitKind":null},"timestamp":1787926525071,"hypothesisId":"B","runId":"ipad-fix2"}
{"sessionId":"6c5c15","location":"pageInkDom.ts:resolvePageDomHit","message":"dom hit resolved","data":{"clientX":167,"clientY":352,"method":"rect","hitKind":null},"timestamp":1787926525072,"hypothesisId":"B","runId":"ipad-fix2"}
{"sessionId":"6c5c15","location":"pageInkDom.ts:resolvePageDomHit","message":"dom hit resolved","data":{"clientX":161,"clientY":362,"method":"rect","hitKind":null},"timestamp":1787926525075,"hypothesisId":"B","runId":"ipad-fix2"}
{"sessionId":"6c5c15","location":"pageInkDom.ts:resolvePageDomHit","message":"dom hit resolved","data":{"clientX":156.33334350585938,"clientY":373.3333435058594,"method":"rect","hitKind":null},"timestamp":1787926525075,"hypothesisId":"B","runId":"ipad-fix2"}
{"sessionId":"6c5c15","location":"pageInkDom.ts:resolvePageDomHit","message":"dom hit resolved","data":{"clientX":144.33334350585938,"clientY":394,"method":"rect","hitKind":null},"timestamp":1787926525076,"hypothesisId":"B","runId":"ipad-fix2"}
{"sessionId":"6c5c15","location":"pageInkDom.ts:resolvePageDomHit","message":"dom hit resolved","data":{"clientX":138.33334350585938,"clientY":405.3333435058594,"method":"rect","hitKind":null},"timestamp":1787926525076,"hypothesisId":"B","runId":"ipad-fix2"}
{"sessionId":"6c5c15","location":"pageInkDom.ts:resolvePageDomHit","message":"dom hit resolved","data":{"clientX":133,"clientY":416,"method":"rect","hitKind":null},"timestamp":1787926525079,"hypothesisId":"B","runId":"ipad-fix2"}
{"sessionId":"6c5c15","location":"pageInkDom.ts:resolvePageDomHit","message":"dom hit resolved","data":{"clientX":127,"clientY":427.3333435058594,"method":"rect","hitKind":null},"timestamp":1787926525080,"hypothesisId":"B","runId":"ipad-fix2"}
{"sessionId":"6c5c15","location":"pageInkDom.ts:resolvePageDomHit","message":"dom hit resolved","data":{"clientX":122.33333587646484,"clientY":437.3333435058594,"method":"rect","hitKind":null},"timestamp":1787926525082,"hypothesisId":"B","runId":"ipad-fix2"}
{"sessionId":"6c5c15","location":"pageInkDom.ts:resolvePageDomHit","message":"dom hit resolved","data":{"clientX":116.33333587646484,"clientY":448,"method":"rect","hitKind":null},"timestamp":1787926525083,"hypothesisId":"B","runId":"ipad-fix2"}
{"sessionId":"6c5c15","location":"pageInkDom.ts:resolvePageDomHit","message":"dom hit resolved","data":{"clientX":110.33333587646484,"clientY":459.3333435058594,"method":"rect","hitKind":null},"timestamp":1787926525084,"hypothesisId":"B","runId":"ipad-fix2"}
{"sessionId":"6c5c15","location":"pageInkDom.ts:resolvePageDomHit","message":"dom hit resolved","data":{"clientX":105,"clientY":469.3333435058594,"method":"rect","hitKind":null},"timestamp":1787926525084,"hypothesisId":"B","runId":"ipad-fix2"}
{"sessionId":"6c5c15","location":"pageInkDom.ts:resolvePageDomHit","message":"dom hit resolved","data":{"clientX":89,"clientY":500,"method":"rect","hitKind":null},"timestamp":1787926525084,"hypothesisId":"B","runId":"ipad-fix2"}
{"sessionId":"6c5c15","location":"pageInkDom.ts:resolvePageDomHit","message":"dom hit resolved","data":{"clientX":84.33333587646484,"clientY":511.3333435058594,"method":"rect","hitKind":null},"timestamp":1787926525085,"hypothesisId":"B","runId":"ipad-fix2"}
{"sessionId":"6c5c15","location":"pageInkDom.ts:resolvePageDomHit","message":"dom hit resolved","data":{"clientX":80.33333587646484,"clientY":521.3333740234375,"method":"rect","hitKind":null},"timestamp":1787926525086,"hypothesisId":"B","runId":"ipad-fix2"}
{"sessionId":"6c5c15","location":"pageInkDom.ts:resolvePageDomHit","message":"dom hit resolved","data":{"clientX":74.33333587646484,"clientY":531.3333740234375,"method":"rect","hitKind":null},"timestamp":1787926525087,"hypothesisId":"B","runId":"ipad-fix2"}
{"sessionId":"6c5c15","location":"pageInkDom.ts:resolvePageDomHit","message":"dom hit resolved","data":{"clientX":68.33333587646484,"clientY":542,"method":"rect","hitKind":null},"timestamp":1787926525088,"hypothesisId":"B","runId":"ipad-fix2"}
{"sessionId":"6c5c15","location":"pageInkDom.ts:resolvePageDomHit","message":"dom hit resolved","data":{"clientX":63,"clientY":551.3333740234375,"method":"rect","hitKind":null},"timestamp":1787926525090,"hypothesisId":"B","runId":"ipad-fix2"}
{"sessionId":"6c5c15","location":"pageInkDom.ts:resolvePageDomHit","message":"dom hit resolved","data":{"clientX":58.333335876464844,"clientY":561.3333740234375,"method":"rect","hitKind":null},"timestamp":1787926525091,"hypothesisId":"B","runId":"ipad-fix2"}
{"sessionId":"6c5c15","location":"pageInkDom.ts:resolvePageDomHit","message":"dom hit resolved","data":{"clientX":50.333335876464844,"clientY":582,"method":"rect","hitKind":null},"timestamp":1787926525092,"hypothesisId":"B","runId":"ipad-fix2"}
{"sessionId":"6c5c15","location":"pageInkDom.ts:resolvePageDomHit","message":"dom hit resolved","data":{"clientX":45,"clientY":591.3333740234375,"method":"rect","hitKind":null},"timestamp":1787926525094,"hypothesisId":"B","runId":"ipad-fix2"}
{"sessionId":"6c5c15","location":"pageInkDom.ts:resolvePageDomHit","message":"dom hit resolved","data":{"clientX":41,"clientY":601.3333740234375,"method":"rect","hitKind":null},"timestamp":1787926525095,"hypothesisId":"B","runId":"ipad-fix2"}
{"sessionId":"6c5c15","location":"pageInkDom.ts:resolvePageDomHit","message":"dom hit resolved","data":{"clientX":36.333335876464844,"clientY":610,"method":"rect","hitKind":null},"timestamp":1787926525095,"hypothesisId":"B","runId":"ipad-fix2"}
{"sessionId":"6c5c15","location":"pageInkDom.ts:resolvePageDomHit","message":"dom hit resolved","data":{"clientX":32.333335876464844,"clientY":620,"method":"rect","hitKind":null},"timestamp":1787926525095,"hypothesisId":"B","runId":"ipad-fix2"}
{"sessionId":"6c5c15","location":"pageInkDom.ts:resolvePageDomHit","message":"dom hit resolved","data":{"clientX":17.666667938232422,"clientY":632.6666870117188,"method":"rect","hitKind":null},"timestamp":1787926526012,"hypothesisId":"B","runId":"ipad-fix2"}
{"sessionId":"6c5c15","location":"pageInkDom.ts:resolvePageDomHit","message":"dom hit resolved","data":{"clientX":19,"clientY":628.6666870117188,"method":"rect","hitKind":null},"timestamp":1787926526013,"hypothesisId":"B","runId":"ipad-fix2"}
{"sessionId":"6c5c15","location":"pageInkDom.ts:resolvePageDomHit","message":"dom hit resolved","data":{"clientX":19.666667938232422,"clientY":623.3333740234375,"method":"rect","hitKind":null},"timestamp":1787926526014,"hypothesisId":"B","runId":"ipad-fix2"}
{"sessionId":"6c5c15","location":"pageInkDom.ts:resolvePageDomHit","message":"dom hit resolved","data":{"clientX":19.666667938232422,"clientY":619.3333740234375,"method":"rect","hitKind":null},"timestamp":1787926526015,"hypothesisId":"B","runId":"ipad-fix2"}
{"sessionId":"6c5c15","location":"pageInkDom.ts:resolvePageDomHit","message":"dom hit resolved","data":{"clientX":21,"clientY":614.6666870117188,"method":"rect","hitKind":null},"timestamp":1787926526016,"hypothesisId":"B","runId":"ipad-fix2"}
{"sessionId":"6c5c15","location":"pageInkDom.ts:resolvePageDomHit","message":"dom hit resolved","data":{"clientX":21,"clientY":610.6666870117188,"method":"rect","hitKind":null},"timestamp":1787926526017,"hypothesisId":"B","runId":"ipad-fix2"}
{"sessionId":"6c5c15","location":"pageInkDom.ts:resolvePageDomHit","message":"dom hit resolved","data":{"clientX":21,"clientY":606.6666870117188,"method":"rect","hitKind":null},"timestamp":1787926526020,"hypothesisId":"B","runId":"ipad-fix2"}
{"sessionId":"6c5c15","location":"pageInkDom.ts:resolvePageDomHit","message":"dom hit resolved","data":{"clientX":21.666667938232422,"clientY":598.6666870117188,"method":"rect","hitKind":null},"timestamp":1787926526021,"hypothesisId":"B","runId":"ipad-fix2"}
{"sessionId":"6c5c15","location":"pageInkDom.ts:resolvePageDomHit","message":"dom hit resolved","data":{"clientX":23,"clientY":594.6666870117188,"method":"rect","hitKind":null},"timestamp":1787926526022,"hypothesisId":"B","runId":"ipad-fix2"}
{"sessionId":"6c5c15","location":"pageInkDom.ts:resolvePageDomHit","message":"dom hit resolved","data":{"clientX":23.666667938232422,"clientY":590.6666870117188,"method":"rect","hitKind":null},"timestamp":1787926526022,"hypothesisId":"B","runId":"ipad-fix2"}
{"sessionId":"6c5c15","location":"pageInkDom.ts:resolvePageDomHit","message":"dom hit resolved","data":{"clientX":25,"clientY":585.3333740234375,"method":"rect","hitKind":null},"timestamp":1787926526023,"hypothesisId":"B","runId":"ipad-fix2"}
{"sessionId":"6c5c15","location":"pageInkDom.ts:resolvePageDomHit","message":"dom hit resolved","data":{"clientX":25,"clientY":582.6666870117188,"method":"rect","hitKind":null},"timestamp":1787926526024,"hypothesisId":"B","runId":"ipad-fix2"}
{"sessionId":"6c5c15","location":"pageInkDom.ts:resolvePageDomHit","message":"dom hit resolved","data":{"clientX":25.666667938232422,"clientY":578.6666870117188,"method":"rect","hitKind":null},"timestamp":1787926526024,"hypothesisId":"B","runId":"ipad-fix2"}
{"sessionId":"6c5c15","location":"pageInkDom.ts:resolvePageDomHit","message":"dom hit resolved","data":{"clientX":25.666667938232422,"clientY":575.3333740234375,"method":"rect","hitKind":null},"timestamp":1787926526026,"hypothesisId":"B","runId":"ipad-fix2"}
{"sessionId":"6c5c15","location":"pageInkDom.ts:resolvePageDomHit","message":"dom hit resolved","data":{"clientX":25.666667938232422,"clientY":567.3333740234375,"method":"rect","hitKind":null},"timestamp":1787926526027,"hypothesisId":"B","runId":"ipad-fix2"}
{"sessionId":"6c5c15","location":"pageInkDom.ts:resolvePageDomHit","message":"dom hit resolved","data":{"clientX":27,"clientY":564.6666870117188,"method":"rect","hitKind":null},"timestamp":1787926526027,"hypothesisId":"B","runId":"ipad-fix2"}
{"sessionId":"6c5c15","location":"pageInkDom.ts:resolvePageDomHit","message":"dom hit resolved","data":{"clientX":27,"clientY":560.6666870117188,"method":"rect","hitKind":null},"timestamp":1787926526029,"hypothesisId":"B","runId":"ipad-fix2"}
{"sessionId":"6c5c15","location":"pageInkDom.ts:resolvePageDomHit","message":"dom hit resolved","data":{"clientX":27,"clientY":557.3333740234375,"method":"rect","hitKind":null},"timestamp":1787926526029,"hypothesisId":"B","runId":"ipad-fix2"}
{"sessionId":"6c5c15","location":"pageInkDom.ts:resolvePageDomHit","message":"dom hit resolved","data":{"clientX":27,"clientY":553.3333740234375,"method":"rect","hitKind":null},"timestamp":1787926526031,"hypothesisId":"B","runId":"ipad-fix2"}
{"sessionId":"6c5c15","location":"pageInkDom.ts:resolvePageDomHit","message":"dom hit resolved","data":{"clientX":27,"clientY":550.6666870117188,"method":"rect","hitKind":null},"timestamp":1787926526033,"hypothesisId":"B","runId":"ipad-fix2"}
{"sessionId":"6c5c15","location":"pageInkDom.ts:resolvePageDomHit","message":"dom hit resolved","data":{"clientX":27.666667938232422,"clientY":547.3333740234375,"method":"rect","hitKind":null},"timestamp":1787926526034,"hypothesisId":"B","runId":"ipad-fix2"}
{"sessionId":"6c5c15","location":"pageInkDom.ts:resolvePageDomHit","message":"dom hit resolved","data":{"clientX":27.666667938232422,"clientY":544.6666870117188,"method":"rect","hitKind":null},"timestamp":1787926526035,"hypothesisId":"B","runId":"ipad-fix2"}
{"sessionId":"6c5c15","location":"pageInkDom.ts:resolvePageDomHit","message":"dom hit resolved","data":{"clientX":29,"clientY":538.6666870117188,"method":"rect","hitKind":null},"timestamp":1787926526040,"hypothesisId":"B","runId":"ipad-fix2"}
{"sessionId":"6c5c15","location":"pageInkDom.ts:resolvePageDomHit","message":"dom hit resolved","data":{"clientX":29,"clientY":529.3333740234375,"method":"rect","hitKind":null},"timestamp":1787926526041,"hypothesisId":"B","runId":"ipad-fix2"}
{"sessionId":"6c5c15","location":"pageInkDom.ts:resolvePageDomHit","message":"dom hit resolved","data":{"clientX":29.666667938232422,"clientY":524.6666870117188,"method":"rect","hitKind":null},"timestamp":1787926526041,"hypothesisId":"B","runId":"ipad-fix2"}
{"sessionId":"6c5c15","location":"pageInkDom.ts:resolvePageDomHit","message":"dom hit resolved","data":{"clientX":29.666667938232422,"clientY":521.3333740234375,"method":"rect","hitKind":null},"timestamp":1787926526042,"hypothesisId":"B","runId":"ipad-fix2"}
{"sessionId":"6c5c15","location":"pageInkDom.ts:resolvePageDomHit","message":"dom hit resolved","data":{"clientX":29.666667938232422,"clientY":517.3333740234375,"method":"rect","hitKind":null},"timestamp":1787926526042,"hypothesisId":"B","runId":"ipad-fix2"}
{"sessionId":"6c5c15","location":"pageInkDom.ts:resolvePageDomHit","message":"dom hit resolved","data":{"clientX":29.666667938232422,"clientY":515.3333740234375,"method":"rect","hitKind":null},"timestamp":1787926526043,"hypothesisId":"B","runId":"ipad-fix2"}
{"sessionId":"6c5c15","location":"pageInkDom.ts:resolvePageDomHit","message":"dom hit resolved","data":{"clientX":31,"clientY":513.3333740234375,"method":"rect","hitKind":null},"timestamp":1787926526044,"hypothesisId":"B","runId":"ipad-fix2"}
{"sessionId":"6c5c15","location":"pageInkDom.ts:resolvePageDomHit","message":"dom hit resolved","data":{"clientX":31,"clientY":512.6666870117188,"method":"rect","hitKind":null},"timestamp":1787926526047,"hypothesisId":"B","runId":"ipad-fix2"}
{"sessionId":"6c5c15","location":"pageInkDom.ts:resolvePageDomHit","message":"dom hit resolved","data":{"clientX":31,"clientY":510.66668701171875,"method":"rect","hitKind":null},"timestamp":1787926526047,"hypothesisId":"B","runId":"ipad-fix2"}
{"sessionId":"6c5c15","location":"pageInkDom.ts:resolvePageDomHit","message":"dom hit resolved","data":{"clientX":31,"clientY":509.3333435058594,"method":"rect","hitKind":null},"timestamp":1787926526049,"hypothesisId":"B","runId":"ipad-fix2"}
{"sessionId":"6c5c15","location":"pageInkDom.ts:resolvePageDomHit","message":"dom hit resolved","data":{"clientX":31,"clientY":507.3333435058594,"method":"rect","hitKind":null},"timestamp":1787926526049,"hypothesisId":"B","runId":"ipad-fix2"}
{"sessionId":"6c5c15","location":"pageInkDom.ts:resolvePageDomHit","message":"dom hit resolved","data":{"clientX":31,"clientY":505.3333435058594,"method":"rect","hitKind":null},"timestamp":1787926526050,"hypothesisId":"B","runId":"ipad-fix2"}
{"sessionId":"6c5c15","location":"pageInkDom.ts:resolvePageDomHit","message":"dom hit resolved","data":{"clientX":31,"clientY":502.66668701171875,"method":"rect","hitKind":null},"timestamp":1787926526050,"hypothesisId":"B","runId":"ipad-fix2"}
{"sessionId":"6c5c15","location":"pageInkDom.ts:resolvePageDomHit","message":"dom hit resolved","data":{"clientX":31,"clientY":501.3333435058594,"method":"rect","hitKind":null},"timestamp":1787926526051,"hypothesisId":"B","runId":"ipad-fix2"}
{"sessionId":"6c5c15","location":"pageInkDom.ts:resolvePageDomHit","message":"dom hit resolved","data":{"clientX":31,"clientY":500.66668701171875,"method":"rect","hitKind":null},"timestamp":1787926526052,"hypothesisId":"B","runId":"ipad-fix2"}
{"sessionId":"6c5c15","location":"pageInkDom.ts:resolvePageDomHit","message":"dom hit resolved","data":{"clientX":31.666667938232422,"clientY":498.66668701171875,"method":"rect","hitKind":null},"timestamp":1787926526053,"hypothesisId":"B","runId":"ipad-fix2"}
{"sessionId":"6c5c15","location":"pageInkDom.ts:resolvePageDomHit","message":"dom hit resolved","data":{"clientX":31.666667938232422,"clientY":497.3333435058594,"method":"rect","hitKind":null},"timestamp":1787926526054,"hypothesisId":"B","runId":"ipad-fix2"}
{"sessionId":"6c5c15","location":"pageInkDom.ts:resolvePageDomHit","message":"dom hit resolved","data":{"clientX":31.666667938232422,"clientY":496.66668701171875,"method":"rect","hitKind":null},"timestamp":1787926526055,"hypothesisId":"B","runId":"ipad-fix2"}
{"sessionId":"6c5c15","location":"pageInkDom.ts:resolvePageDomHit","message":"dom hit resolved","data":{"clientX":31.666667938232422,"clientY":495.3333435058594,"method":"rect","hitKind":null},"timestamp":1787926526056,"hypothesisId":"B","runId":"ipad-fix2"}
{"sessionId":"6c5c15","location":"pageInkDom.ts:resolvePageDomHit","message":"dom hit resolved","data":{"clientX":31.666667938232422,"clientY":493.3333435058594,"method":"rect","hitKind":null},"timestamp":1787926526058,"hypothesisId":"B","runId":"ipad-fix2"}
{"sessionId":"6c5c15","location":"pageInkDom.ts:resolvePageDomHit","message":"dom hit resolved","data":{"clientX":31.666667938232422,"clientY":492.66668701171875,"method":"rect","hitKind":null},"timestamp":1787926526060,"hypothesisId":"B","runId":"ipad-fix2"}
{"sessionId":"6c5c15","location":"pageInkDom.ts:resolvePageDomHit","message":"dom hit resolved","data":{"clientX":31.666667938232422,"clientY":491.3333435058594,"method":"rect","hitKind":null},"timestamp":1787926526061,"hypothesisId":"B","runId":"ipad-fix2"}
{"sessionId":"6c5c15","location":"pageInkDom.ts:resolvePageDomHit","message":"dom hit resolved","data":{"clientX":31.666667938232422,"clientY":490.66668701171875,"method":"rect","hitKind":null},"timestamp":1787926526061,"hypothesisId":"B","runId":"ipad-fix2"}
{"sessionId":"6c5c15","location":"pageInkDom.ts:resolvePageDomHit","message":"dom hit resolved","data":{"clientX":33,"clientY":489.3333435058594,"method":"rect","hitKind":null},"timestamp":1787926526061,"hypothesisId":"B","runId":"ipad-fix2"}
{"sessionId":"6c5c15","location":"pageInkDom.ts:resolvePageDomHit","message":"dom hit resolved","data":{"clientX":33,"clientY":488.66668701171875,"method":"rect","hitKind":null},"timestamp":1787926526066,"hypothesisId":"B","runId":"ipad-fix2"}
{"sessionId":"6c5c15","location":"pageInkDom.ts:resolvePageDomHit","message":"dom hit resolved","data":{"clientX":33,"clientY":487.3333435058594,"method":"rect","hitKind":null},"timestamp":1787926526067,"hypothesisId":"B","runId":"ipad-fix2"}
{"sessionId":"6c5c15","location":"pageInkDom.ts:resolvePageDomHit","message":"dom hit resolved","data":{"clientX":33,"clientY":486.66668701171875,"method":"rect","hitKind":null},"timestamp":1787926526067,"hypothesisId":"B","runId":"ipad-fix2"}
{"sessionId":"6c5c15","location":"pageInkDom.ts:resolvePageDomHit","message":"dom hit resolved","data":{"clientX":33,"clientY":485.3333435058594,"method":"rect","hitKind":null},"timestamp":1787926526068,"hypothesisId":"B","runId":"ipad-fix2"}
{"sessionId":"6c5c15","location":"pageInkDom.ts:resolvePageDomHit","message":"dom hit resolved","data":{"clientX":33,"clientY":484.66668701171875,"method":"rect","hitKind":null},"timestamp":1787926526069,"hypothesisId":"B","runId":"ipad-fix2"}
{"sessionId":"6c5c15","location":"pageInkDom.ts:resolvePageDomHit","message":"dom hit resolved","data":{"clientX":33,"clientY":483.3333435058594,"method":"rect","hitKind":null},"timestamp":1787926526071,"hypothesisId":"B","runId":"ipad-fix2"}
{"sessionId":"6c5c15","location":"pageInkDom.ts:resolvePageDomHit","message":"dom hit resolved","data":{"clientX":33,"clientY":482.66668701171875,"method":"rect","hitKind":null},"timestamp":1787926526072,"hypothesisId":"B","runId":"ipad-fix2"}
{"sessionId":"6c5c15","location":"pageInkDom.ts:resolvePageDomHit","message":"dom hit resolved","data":{"clientX":33.66666793823242,"clientY":481.3333435058594,"method":"rect","hitKind":null},"timestamp":1787926526075,"hypothesisId":"B","runId":"ipad-fix2"}
{"sessionId":"6c5c15","location":"pageInkDom.ts:resolvePageDomHit","message":"dom hit resolved","data":{"clientX":33.66666793823242,"clientY":480.66668701171875,"method":"rect","hitKind":null},"timestamp":1787926526079,"hypothesisId":"B","runId":"ipad-fix2"}
{"sessionId":"6c5c15","location":"pageInkDom.ts:resolvePageDomHit","message":"dom hit resolved","data":{"clientX":33.66666793823242,"clientY":479.3333435058594,"method":"rect","hitKind":null},"timestamp":1787926526085,"hypothesisId":"B","runId":"ipad-fix2"}
{"sessionId":"6c5c15","location":"pageInkDom.ts:resolvePageDomHit","message":"dom hit resolved","data":{"clientX":33.66666793823242,"clientY":478.66668701171875,"method":"rect","hitKind":null},"timestamp":1787926526176,"hypothesisId":"B","runId":"ipad-fix2"}
{"sessionId":"6c5c15","location":"pageInkDom.ts:resolvePageDomHit","message":"dom hit resolved","data":{"clientX":33.66666793823242,"clientY":479.3333435058594,"method":"rect","hitKind":null},"timestamp":1787926526254,"hypothesisId":"B","runId":"ipad-fix2"}
{"sessionId":"6c5c15","location":"pageInkDom.ts:resolvePageDomHit","message":"dom hit resolved","data":{"clientX":33.66666793823242,"clientY":480,"method":"rect","hitKind":null},"timestamp":1787926526261,"hypothesisId":"B","runId":"ipad-fix2"}
{"sessionId":"6c5c15","location":"pageInkDom.ts:resolvePageDomHit","message":"dom hit resolved","data":{"clientX":33.66666793823242,"clientY":481.3333435058594,"method":"rect","hitKind":null},"timestamp":1787926526264,"hypothesisId":"B","runId":"ipad-fix2"}
{"sessionId":"6c5c15","location":"pageInkDom.ts:resolvePageDomHit","message":"dom hit resolved","data":{"clientX":33.66666793823242,"clientY":482,"method":"rect","hitKind":null},"timestamp":1787926526265,"hypothesisId":"B","runId":"ipad-fix2"}
{"sessionId":"6c5c15","location":"pageInkDom.ts:resolvePageDomHit","message":"dom hit resolved","data":{"clientX":33,"clientY":484,"method":"rect","hitKind":null},"timestamp":1787926526267,"hypothesisId":"B","runId":"ipad-fix2"}
{"sessionId":"6c5c15","location":"pageInkDom.ts:resolvePageDomHit","message":"dom hit resolved","data":{"clientX":33,"clientY":485.3333435058594,"method":"rect","hitKind":null},"timestamp":1787926526270,"hypothesisId":"B","runId":"ipad-fix2"}
{"sessionId":"6c5c15","location":"pageInkDom.ts:resolvePageDomHit","message":"dom hit resolved","data":{"clientX":33,"clientY":486,"method":"rect","hitKind":null},"timestamp":1787926526271,"hypothesisId":"B","runId":"ipad-fix2"}
{"sessionId":"6c5c15","location":"pageInkDom.ts:resolvePageDomHit","message":"dom hit resolved","data":{"clientX":33,"clientY":487.3333435058594,"method":"rect","hitKind":null},"timestamp":1787926526272,"hypothesisId":"B","runId":"ipad-fix2"}
{"sessionId":"6c5c15","location":"pageInkDom.ts:resolvePageDomHit","message":"dom hit resolved","data":{"clientX":32.333335876464844,"clientY":488,"method":"rect","hitKind":null},"timestamp":1787926526274,"hypothesisId":"B","runId":"ipad-fix2"}
{"sessionId":"6c5c15","location":"pageInkDom.ts:resolvePageDomHit","message":"dom hit resolved","data":{"clientX":32.333335876464844,"clientY":489.3333435058594,"method":"rect","hitKind":null},"timestamp":1787926526275,"hypothesisId":"B","runId":"ipad-fix2"}
{"sessionId":"6c5c15","location":"pageInkDom.ts:resolvePageDomHit","message":"dom hit resolved","data":{"clientX":32.333335876464844,"clientY":490,"method":"rect","hitKind":null},"timestamp":1787926526276,"hypothesisId":"B","runId":"ipad-fix2"}
{"sessionId":"6c5c15","location":"pageInkDom.ts:resolvePageDomHit","message":"dom hit resolved","data":{"clientX":32.333335876464844,"clientY":491.3333435058594,"method":"rect","hitKind":null},"timestamp":1787926526277,"hypothesisId":"B","runId":"ipad-fix2"}
{"sessionId":"6c5c15","location":"pageInkDom.ts:resolvePageDomHit","message":"dom hit resolved","data":{"clientX":32.333335876464844,"clientY":492,"method":"rect","hitKind":null},"timestamp":1787926526278,"hypothesisId":"B","runId":"ipad-fix2"}
{"sessionId":"6c5c15","location":"pageInkDom.ts:resolvePageDomHit","message":"dom hit resolved","data":{"clientX":32.333335876464844,"clientY":493.3333435058594,"method":"rect","hitKind":null},"timestamp":1787926526280,"hypothesisId":"B","runId":"ipad-fix2"}
{"sessionId":"6c5c15","location":"pageInkDom.ts:resolvePageDomHit","message":"dom hit resolved","data":{"clientX":32.333335876464844,"clientY":495.3333435058594,"method":"rect","hitKind":null},"timestamp":1787926526281,"hypothesisId":"B","runId":"ipad-fix2"}
{"sessionId":"6c5c15","location":"pageInkDom.ts:resolvePageDomHit","message":"dom hit resolved","data":{"clientX":32.333335876464844,"clientY":496,"method":"rect","hitKind":null},"timestamp":1787926526283,"hypothesisId":"B","runId":"ipad-fix2"}
{"sessionId":"6c5c15","location":"pageInkDom.ts:resolvePageDomHit","message":"dom hit resolved","data":{"clientX":31,"clientY":500,"method":"rect","hitKind":null},"timestamp":1787926526284,"hypothesisId":"B","runId":"ipad-fix2"}
{"sessionId":"6c5c15","location":"pageInkDom.ts:resolvePageDomHit","message":"dom hit resolved","data":{"clientX":31,"clientY":501.3333435058594,"method":"rect","hitKind":null},"timestamp":1787926526284,"hypothesisId":"B","runId":"ipad-fix2"}
{"sessionId":"6c5c15","location":"pageInkDom.ts:resolvePageDomHit","message":"dom hit resolved","data":{"clientX":31,"clientY":502,"method":"rect","hitKind":null},"timestamp":1787926526285,"hypothesisId":"B","runId":"ipad-fix2"}
{"sessionId":"6c5c15","location":"pageInkDom.ts:resolvePageDomHit","message":"dom hit resolved","data":{"clientX":31,"clientY":504,"method":"rect","hitKind":null},"timestamp":1787926526286,"hypothesisId":"B","runId":"ipad-fix2"}
{"sessionId":"6c5c15","location":"pageInkDom.ts:resolvePageDomHit","message":"dom hit resolved","data":{"clientX":31,"clientY":505.3333435058594,"method":"rect","hitKind":null},"timestamp":1787926526287,"hypothesisId":"B","runId":"ipad-fix2"}
{"sessionId":"6c5c15","location":"pageInkDom.ts:resolvePageDomHit","message":"dom hit resolved","data":{"clientX":31,"clientY":506,"method":"rect","hitKind":null},"timestamp":1787926526298,"hypothesisId":"B","runId":"ipad-fix2"}
{"sessionId":"6c5c15","location":"pageInkDom.ts:resolvePageDomHit","message":"dom hit resolved","data":{"clientX":31,"clientY":520,"method":"rect","hitKind":null},"timestamp":1787926526299,"hypothesisId":"B","runId":"ipad-fix2"}
{"sessionId":"6c5c15","location":"pageInkDom.ts:resolvePageDomHit","message":"dom hit resolved","data":{"clientX":31,"clientY":523.3333740234375,"method":"rect","hitKind":null},"timestamp":1787926526299,"hypothesisId":"B","runId":"ipad-fix2"}
{"sessionId":"6c5c15","location":"pageInkDom.ts:resolvePageDomHit","message":"dom hit resolved","data":{"clientX":31,"clientY":525.3333740234375,"method":"rect","hitKind":null},"timestamp":1787926526301,"hypothesisId":"B","runId":"ipad-fix2"}
{"sessionId":"6c5c15","location":"pageInkDom.ts:resolvePageDomHit","message":"dom hit resolved","data":{"clientX":31,"clientY":527.3333740234375,"method":"rect","hitKind":null},"timestamp":1787926526302,"hypothesisId":"B","runId":"ipad-fix2"}
{"sessionId":"6c5c15","location":"pageInkDom.ts:resolvePageDomHit","message":"dom hit resolved","data":{"clientX":31,"clientY":529.3333740234375,"method":"rect","hitKind":null},"timestamp":1787926526303,"hypothesisId":"B","runId":"ipad-fix2"}
{"sessionId":"6c5c15","location":"pageInkDom.ts:resolvePageDomHit","message":"dom hit resolved","data":{"clientX":31,"clientY":530,"method":"rect","hitKind":null},"timestamp":1787926526304,"hypothesisId":"B","runId":"ipad-fix2"}
{"sessionId":"6c5c15","location":"pageInkDom.ts:resolvePageDomHit","message":"dom hit resolved","data":{"clientX":31,"clientY":532,"method":"rect","hitKind":null},"timestamp":1787926526304,"hypothesisId":"B","runId":"ipad-fix2"}
{"sessionId":"6c5c15","location":"pageInkDom.ts:resolvePageDomHit","message":"dom hit resolved","data":{"clientX":31,"clientY":534,"method":"rect","hitKind":null},"timestamp":1787926526304,"hypothesisId":"B","runId":"ipad-fix2"}
{"sessionId":"6c5c15","location":"pageInkDom.ts:resolvePageDomHit","message":"dom hit resolved","data":{"clientX":31,"clientY":537.3333740234375,"method":"rect","hitKind":null},"timestamp":1787926526319,"hypothesisId":"B","runId":"ipad-fix2"}
{"sessionId":"6c5c15","location":"pageInkDom.ts:resolvePageDomHit","message":"dom hit resolved","data":{"clientX":33,"clientY":562,"method":"rect","hitKind":null},"timestamp":1787926526321,"hypothesisId":"B","runId":"ipad-fix2"}
{"sessionId":"6c5c15","location":"pageInkDom.ts:resolvePageDomHit","message":"dom hit resolved","data":{"clientX":33.66666793823242,"clientY":566,"method":"rect","hitKind":null},"timestamp":1787926526322,"hypothesisId":"B","runId":"ipad-fix2"}
{"sessionId":"6c5c15","location":"pageInkDom.ts:resolvePageDomHit","message":"dom hit resolved","data":{"clientX":35,"clientY":575.3333740234375,"method":"rect","hitKind":null},"timestamp":1787926526324,"hypothesisId":"B","runId":"ipad-fix2"}
{"sessionId":"6c5c15","location":"pageInkDom.ts:resolvePageDomHit","message":"dom hit resolved","data":{"clientX":35,"clientY":578,"method":"rect","hitKind":null},"timestamp":1787926526326,"hypothesisId":"B","runId":"ipad-fix2"}
{"sessionId":"6c5c15","location":"pageInkDom.ts:resolvePageDomHit","message":"dom hit resolved","data":{"clientX":37,"clientY":583.3333740234375,"method":"rect","hitKind":null},"timestamp":1787926526327,"hypothesisId":"B","runId":"ipad-fix2"}
{"sessionId":"6c5c15","location":"pageInkDom.ts:resolvePageDomHit","message":"dom hit resolved","data":{"clientX":37.66666793823242,"clientY":588,"method":"rect","hitKind":null},"timestamp":1787926526328,"hypothesisId":"B","runId":"ipad-fix2"}
{"sessionId":"6c5c15","location":"pageInkDom.ts:resolvePageDomHit","message":"dom hit resolved","data":{"clientX":37.66666793823242,"clientY":591.3333740234375,"method":"rect","hitKind":null},"timestamp":1787926526329,"hypothesisId":"B","runId":"ipad-fix2"}
{"sessionId":"6c5c15","location":"pageInkDom.ts:resolvePageDomHit","message":"dom hit resolved","data":{"clientX":39,"clientY":594,"method":"rect","hitKind":null},"timestamp":1787926526330,"hypothesisId":"B","runId":"ipad-fix2"}
{"sessionId":"6c5c15","location":"pageInkDom.ts:resolvePageDomHit","message":"dom hit resolved","data":{"clientX":39.66666793823242,"clientY":599.3333740234375,"method":"rect","hitKind":null},"timestamp":1787926526334,"hypothesisId":"B","runId":"ipad-fix2"}
{"sessionId":"6c5c15","location":"pageInkDom.ts:resolvePageDomHit","message":"dom hit resolved","data":{"clientX":39.66666793823242,"clientY":602,"method":"rect","hitKind":null},"timestamp":1787926526336,"hypothesisId":"B","runId":"ipad-fix2"}
{"sessionId":"6c5c15","location":"pageInkDom.ts:resolvePageDomHit","message":"dom hit resolved","data":{"clientX":39.66666793823242,"clientY":605.3333740234375,"method":"rect","hitKind":null},"timestamp":1787926526341,"hypothesisId":"B","runId":"ipad-fix2"}
{"sessionId":"6c5c15","location":"pageInkDom.ts:resolvePageDomHit","message":"dom hit resolved","data":{"clientX":43,"clientY":617.3333740234375,"method":"rect","hitKind":null},"timestamp":1787926526344,"hypothesisId":"B","runId":"ipad-fix2"}
{"sessionId":"6c5c15","location":"pageInkDom.ts:resolvePageDomHit","message":"dom hit resolved","data":{"clientX":47,"clientY":632,"method":"rect","hitKind":null},"timestamp":1787926526348,"hypothesisId":"B","runId":"ipad-fix2"}
{"sessionId":"6c5c15","location":"pageInkDom.ts:resolvePageDomHit","message":"dom hit resolved","data":{"clientX":659,"clientY":625.3333740234375,"method":"rect","hitKind":null},"timestamp":1787926527097,"hypothesisId":"B","runId":"ipad-fix2"}
{"sessionId":"6c5c15","location":"pageInkDom.ts:resolvePageDomHit","message":"dom hit resolved","data":{"clientX":656.3333740234375,"clientY":617.3333740234375,"method":"rect","hitKind":null},"timestamp":1787926527098,"hypothesisId":"B","runId":"ipad-fix2"}
{"sessionId":"6c5c15","location":"pageInkDom.ts:resolvePageDomHit","message":"dom hit resolved","data":{"clientX":655,"clientY":609.3333740234375,"method":"rect","hitKind":null},"timestamp":1787926527099,"hypothesisId":"B","runId":"ipad-fix2"}
{"sessionId":"6c5c15","location":"pageInkDom.ts:resolvePageDomHit","message":"dom hit resolved","data":{"clientX":653,"clientY":600.6666870117188,"method":"rect","hitKind":null},"timestamp":1787926527101,"hypothesisId":"B","runId":"ipad-fix2"}
{"sessionId":"6c5c15","location":"pageInkDom.ts:resolvePageDomHit","message":"dom hit resolved","data":{"clientX":650.3333740234375,"clientY":584.6666870117188,"method":"rect","hitKind":null},"timestamp":1787926527103,"hypothesisId":"B","runId":"ipad-fix2"}
{"sessionId":"6c5c15","location":"pageInkDom.ts:resolvePageDomHit","message":"dom hit resolved","data":{"clientX":648.3333740234375,"clientY":576.6666870117188,"method":"rect","hitKind":null},"timestamp":1787926527104,"hypothesisId":"B","runId":"ipad-fix2"}
{"sessionId":"6c5c15","location":"pageInkDom.ts:resolvePageDomHit","message":"dom hit resolved","data":{"clientX":646.3333740234375,"clientY":568.6666870117188,"method":"rect","hitKind":null},"timestamp":1787926527104,"hypothesisId":"B","runId":"ipad-fix2"}
{"sessionId":"6c5c15","location":"pageInkDom.ts:resolvePageDomHit","message":"dom hit resolved","data":{"clientX":643,"clientY":560.6666870117188,"method":"rect","hitKind":null},"timestamp":1787926527105,"hypothesisId":"B","runId":"ipad-fix2"}
{"sessionId":"6c5c15","location":"pageInkDom.ts:resolvePageDomHit","message":"dom hit resolved","data":{"clientX":642.3333740234375,"clientY":552.6666870117188,"method":"rect","hitKind":null},"timestamp":1787926527105,"hypothesisId":"B","runId":"ipad-fix2"}
{"sessionId":"6c5c15","location":"pageInkDom.ts:resolvePageDomHit","message":"dom hit resolved","data":{"clientX":640.3333740234375,"clientY":544.6666870117188,"method":"rect","hitKind":null},"timestamp":1787926527106,"hypothesisId":"B","runId":"ipad-fix2"}
{"sessionId":"6c5c15","location":"pageInkDom.ts:resolvePageDomHit","message":"dom hit resolved","data":{"clientX":638.3333740234375,"clientY":536.6666870117188,"method":"rect","hitKind":null},"timestamp":1787926527107,"hypothesisId":"B","runId":"ipad-fix2"}
{"sessionId":"6c5c15","location":"pageInkDom.ts:resolvePageDomHit","message":"dom hit resolved","data":{"clientX":634.3333740234375,"clientY":521.3333740234375,"method":"rect","hitKind":null},"timestamp":1787926527108,"hypothesisId":"B","runId":"ipad-fix2"}
{"sessionId":"6c5c15","location":"pageInkDom.ts:resolvePageDomHit","message":"dom hit resolved","data":{"clientX":632.3333740234375,"clientY":514.6666870117188,"method":"rect","hitKind":null},"timestamp":1787926527109,"hypothesisId":"B","runId":"ipad-fix2"}
{"sessionId":"6c5c15","location":"pageInkDom.ts:resolvePageDomHit","message":"dom hit resolved","data":{"clientX":630.3333740234375,"clientY":506.66668701171875,"method":"rect","hitKind":null},"timestamp":1787926527110,"hypothesisId":"B","runId":"ipad-fix2"}
{"sessionId":"6c5c15","location":"pageInkDom.ts:resolvePageDomHit","message":"dom hit resolved","data":{"clientX":629,"clientY":499.3333435058594,"method":"rect","hitKind":null},"timestamp":1787926527111,"hypothesisId":"B","runId":"ipad-fix2"}
{"sessionId":"6c5c15","location":"pageInkDom.ts:resolvePageDomHit","message":"dom hit resolved","data":{"clientX":627,"clientY":492.66668701171875,"method":"rect","hitKind":null},"timestamp":1787926527112,"hypothesisId":"B","runId":"ipad-fix2"}
{"sessionId":"6c5c15","location":"pageInkDom.ts:resolvePageDomHit","message":"dom hit resolved","data":{"clientX":626.3333740234375,"clientY":485.3333435058594,"method":"rect","hitKind":null},"timestamp":1787926527113,"hypothesisId":"B","runId":"ipad-fix2"}
{"sessionId":"6c5c15","location":"pageInkDom.ts:resolvePageDomHit","message":"dom hit resolved","data":{"clientX":625,"clientY":478.66668701171875,"method":"rect","hitKind":null},"timestamp":1787926527114,"hypothesisId":"B","runId":"ipad-fix2"}
{"sessionId":"6c5c15","location":"pageInkDom.ts:resolvePageDomHit","message":"dom hit resolved","data":{"clientX":624.3333740234375,"clientY":471.3333435058594,"method":"rect","hitKind":null},"timestamp":1787926527115,"hypothesisId":"B","runId":"ipad-fix2"}
{"sessionId":"6c5c15","location":"pageInkDom.ts:resolvePageDomHit","message":"dom hit resolved","data":{"clientX":621,"clientY":456.66668701171875,"method":"rect","hitKind":null},"timestamp":1787926527116,"hypothesisId":"B","runId":"ipad-fix2"}
{"sessionId":"6c5c15","location":"pageInkDom.ts:resolvePageDomHit","message":"dom hit resolved","data":{"clientX":619,"clientY":449.3333435058594,"method":"rect","hitKind":null},"timestamp":1787926527117,"hypothesisId":"B","runId":"ipad-fix2"}
{"sessionId":"6c5c15","location":"pageInkDom.ts:resolvePageDomHit","message":"dom hit resolved","data":{"clientX":618.3333740234375,"clientY":443.3333435058594,"method":"rect","hitKind":null},"timestamp":1787926527118,"hypothesisId":"B","runId":"ipad-fix2"}
{"sessionId":"6c5c15","location":"pageInkDom.ts:resolvePageDomHit","message":"dom hit resolved","data":{"clientX":617,"clientY":437.3333435058594,"method":"rect","hitKind":null},"timestamp":1787926527119,"hypothesisId":"B","runId":"ipad-fix2"}
{"sessionId":"6c5c15","location":"pageInkDom.ts:resolvePageDomHit","message":"dom hit resolved","data":{"clientX":615,"clientY":430.66668701171875,"method":"rect","hitKind":null},"timestamp":1787926527120,"hypothesisId":"B","runId":"ipad-fix2"}
{"sessionId":"6c5c15","location":"pageInkDom.ts:resolvePageDomHit","message":"dom hit resolved","data":{"clientX":614.3333740234375,"clientY":424.66668701171875,"method":"rect","hitKind":null},"timestamp":1787926527122,"hypothesisId":"B","runId":"ipad-fix2"}
{"sessionId":"6c5c15","location":"pageInkDom.ts:resolvePageDomHit","message":"dom hit resolved","data":{"clientX":613,"clientY":418.66668701171875,"method":"rect","hitKind":null},"timestamp":1787926527123,"hypothesisId":"B","runId":"ipad-fix2"}
{"sessionId":"6c5c15","location":"pageInkDom.ts:resolvePageDomHit","message":"dom hit resolved","data":{"clientX":611,"clientY":411.3333435058594,"method":"rect","hitKind":null},"timestamp":1787926527123,"hypothesisId":"B","runId":"ipad-fix2"}
{"sessionId":"6c5c15","location":"pageInkDom.ts:resolvePageDomHit","message":"dom hit resolved","data":{"clientX":610.3333740234375,"clientY":399.3333435058594,"method":"rect","hitKind":null},"timestamp":1787926527126,"hypothesisId":"B","runId":"ipad-fix2"}
{"sessionId":"6c5c15","location":"pageInkDom.ts:resolvePageDomHit","message":"dom hit resolved","data":{"clientX":609,"clientY":393.3333435058594,"method":"rect","hitKind":null},"timestamp":1787926527127,"hypothesisId":"B","runId":"ipad-fix2"}
{"sessionId":"6c5c15","location":"pageInkDom.ts:resolvePageDomHit","message":"dom hit resolved","data":{"clientX":608.3333740234375,"clientY":387.3333435058594,"method":"rect","hitKind":null},"timestamp":1787926527127,"hypothesisId":"B","runId":"ipad-fix2"}
{"sessionId":"6c5c15","location":"pageInkDom.ts:resolvePageDomHit","message":"dom hit resolved","data":{"clientX":607,"clientY":381.3333435058594,"method":"rect","hitKind":null},"timestamp":1787926527129,"hypothesisId":"B","runId":"ipad-fix2"}
{"sessionId":"6c5c15","location":"pageInkDom.ts:resolvePageDomHit","message":"dom hit resolved","data":{"clientX":606.3333740234375,"clientY":369.3333435058594,"method":"rect","hitKind":null},"timestamp":1787926527130,"hypothesisId":"B","runId":"ipad-fix2"}
{"sessionId":"6c5c15","location":"pageInkDom.ts:resolvePageDomHit","message":"dom hit resolved","data":{"clientX":605,"clientY":364.66668701171875,"method":"rect","hitKind":null},"timestamp":1787926527131,"hypothesisId":"B","runId":"ipad-fix2"}
{"sessionId":"6c5c15","location":"pageInkDom.ts:resolvePageDomHit","message":"dom hit resolved","data":{"clientX":605,"clientY":358.66668701171875,"method":"rect","hitKind":null},"timestamp":1787926527132,"hypothesisId":"B","runId":"ipad-fix2"}
{"sessionId":"6c5c15","location":"pageInkDom.ts:resolvePageDomHit","message":"dom hit resolved","data":{"clientX":603,"clientY":347.3333435058594,"method":"rect","hitKind":null},"timestamp":1787926527132,"hypothesisId":"B","runId":"ipad-fix2"}
{"sessionId":"6c5c15","location":"pageInkDom.ts:resolvePageDomHit","message":"dom hit resolved","data":{"clientX":602.3333740234375,"clientY":342.66668701171875,"method":"rect","hitKind":null},"timestamp":1787926527133,"hypothesisId":"B","runId":"ipad-fix2"}
{"sessionId":"6c5c15","location":"pageInkDom.ts:resolvePageDomHit","message":"dom hit resolved","data":{"clientX":601,"clientY":337.3333435058594,"method":"rect","hitKind":null},"timestamp":1787926527134,"hypothesisId":"B","runId":"ipad-fix2"}
{"sessionId":"6c5c15","location":"pageInkDom.ts:resolvePageDomHit","message":"dom hit resolved","data":{"clientX":600.3333740234375,"clientY":326.66668701171875,"method":"rect","hitKind":null},"timestamp":1787926527138,"hypothesisId":"B","runId":"ipad-fix2"}
{"sessionId":"6c5c15","location":"pageInkDom.ts:resolvePageDomHit","message":"dom hit resolved","data":{"clientX":600.3333740234375,"clientY":321.3333435058594,"method":"rect","hitKind":null},"timestamp":1787926527139,"hypothesisId":"B","runId":"ipad-fix2"}
{"sessionId":"6c5c15","location":"pageInkDom.ts:resolvePageDomHit","message":"dom hit resolved","data":{"clientX":600.3333740234375,"clientY":331.3333435058594,"method":"rect","hitKind":null},"timestamp":1787926527137,"hypothesisId":"B","runId":"ipad-fix2"}
{"sessionId":"6c5c15","location":"pageInkDom.ts:resolvePageDomHit","message":"dom hit resolved","data":{"clientX":599,"clientY":317.3333435058594,"method":"rect","hitKind":null},"timestamp":1787926527139,"hypothesisId":"B","runId":"ipad-fix2"}
{"sessionId":"6c5c15","location":"pageInkDom.ts:resolvePageDomHit","message":"dom hit resolved","data":{"clientX":598.3333740234375,"clientY":307.3333435058594,"method":"rect","hitKind":null},"timestamp":1787926527140,"hypothesisId":"B","runId":"ipad-fix2"}
{"sessionId":"6c5c15","location":"pageInkDom.ts:resolvePageDomHit","message":"dom hit resolved","data":{"clientX":598.3333740234375,"clientY":302.66668701171875,"method":"rect","hitKind":null},"timestamp":1787926527141,"hypothesisId":"B","runId":"ipad-fix2"}
{"sessionId":"6c5c15","location":"pageInkDom.ts:resolvePageDomHit","message":"dom hit resolved","data":{"clientX":598.3333740234375,"clientY":298.66668701171875,"method":"rect","hitKind":null},"timestamp":1787926527141,"hypothesisId":"B","runId":"ipad-fix2"}
{"sessionId":"6c5c15","location":"pageInkDom.ts:resolvePageDomHit","message":"dom hit resolved","data":{"clientX":598.3333740234375,"clientY":293.3333435058594,"method":"rect","hitKind":null},"timestamp":1787926527142,"hypothesisId":"B","runId":"ipad-fix2"}
{"sessionId":"6c5c15","location":"pageInkDom.ts:resolvePageDomHit","message":"dom hit resolved","data":{"clientX":598.3333740234375,"clientY":289.3333435058594,"method":"rect","hitKind":null},"timestamp":1787926527143,"hypothesisId":"B","runId":"ipad-fix2"}
{"sessionId":"6c5c15","location":"pageInkDom.ts:resolvePageDomHit","message":"dom hit resolved","data":{"clientX":598.3333740234375,"clientY":285.3333435058594,"method":"rect","hitKind":null},"timestamp":1787926527144,"hypothesisId":"B","runId":"ipad-fix2"}
{"sessionId":"6c5c15","location":"pageInkDom.ts:resolvePageDomHit","message":"dom hit resolved","data":{"clientX":597,"clientY":280.66668701171875,"method":"rect","hitKind":null},"timestamp":1787926527147,"hypothesisId":"B","runId":"ipad-fix2"}
{"sessionId":"6c5c15","location":"pageInkDom.ts:resolvePageDomHit","message":"dom hit resolved","data":{"clientX":597,"clientY":276.66668701171875,"method":"rect","hitKind":null},"timestamp":1787926527148,"hypothesisId":"B","runId":"ipad-fix2"}
{"sessionId":"6c5c15","location":"pageInkDom.ts:resolvePageDomHit","message":"dom hit resolved","data":{"clientX":596.3333740234375,"clientY":268.66668701171875,"method":"rect","hitKind":null},"timestamp":1787926527148,"hypothesisId":"B","runId":"ipad-fix2"}
{"sessionId":"6c5c15","location":"pageInkDom.ts:resolvePageDomHit","message":"dom hit resolved","data":{"clientX":596.3333740234375,"clientY":265.3333435058594,"method":"rect","hitKind":null},"timestamp":1787926527149,"hypothesisId":"B","runId":"ipad-fix2"}
{"sessionId":"6c5c15","location":"pageInkDom.ts:resolvePageDomHit","message":"dom hit resolved","data":{"clientX":596.3333740234375,"clientY":261.3333435058594,"method":"rect","hitKind":null},"timestamp":1787926527149,"hypothesisId":"B","runId":"ipad-fix2"}
{"sessionId":"6c5c15","location":"pageInkDom.ts:resolvePageDomHit","message":"dom hit resolved","data":{"clientX":596.3333740234375,"clientY":257.3333435058594,"method":"rect","hitKind":null},"timestamp":1787926527151,"hypothesisId":"B","runId":"ipad-fix2"}
{"sessionId":"6c5c15","location":"pageInkDom.ts:resolvePageDomHit","message":"dom hit resolved","data":{"clientX":596.3333740234375,"clientY":254.6666717529297,"method":"rect","hitKind":null},"timestamp":1787926527152,"hypothesisId":"B","runId":"ipad-fix2"}
{"sessionId":"6c5c15","location":"pageInkDom.ts:resolvePageDomHit","message":"dom hit resolved","data":{"clientX":596.3333740234375,"clientY":250.6666717529297,"method":"rect","hitKind":null},"timestamp":1787926527153,"hypothesisId":"B","runId":"ipad-fix2"}
{"sessionId":"6c5c15","location":"pageInkDom.ts:resolvePageDomHit","message":"dom hit resolved","data":{"clientX":596.3333740234375,"clientY":247.33334350585938,"method":"rect","hitKind":null},"timestamp":1787926527155,"hypothesisId":"B","runId":"ipad-fix2"}
{"sessionId":"6c5c15","location":"pageInkDom.ts:resolvePageDomHit","message":"dom hit resolved","data":{"clientX":596.3333740234375,"clientY":243.33334350585938,"method":"rect","hitKind":null},"timestamp":1787926527155,"hypothesisId":"B","runId":"ipad-fix2"}
{"sessionId":"6c5c15","location":"pageInkDom.ts:resolvePageDomHit","message":"dom hit resolved","data":{"clientX":596.3333740234375,"clientY":238.6666717529297,"method":"rect","hitKind":null},"timestamp":1787926527156,"hypothesisId":"B","runId":"ipad-fix2"}
{"sessionId":"6c5c15","location":"pageInkDom.ts:resolvePageDomHit","message":"dom hit resolved","data":{"clientX":596.3333740234375,"clientY":235.33334350585938,"method":"rect","hitKind":null},"timestamp":1787926527158,"hypothesisId":"B","runId":"ipad-fix2"}
{"sessionId":"6c5c15","location":"pageInkDom.ts:resolvePageDomHit","message":"dom hit resolved","data":{"clientX":596.3333740234375,"clientY":232.6666717529297,"method":"rect","hitKind":null},"timestamp":1787926527158,"hypothesisId":"B","runId":"ipad-fix2"}
{"sessionId":"6c5c15","location":"pageInkDom.ts:resolvePageDomHit","message":"dom hit resolved","data":{"clientX":596.3333740234375,"clientY":229.33334350585938,"method":"rect","hitKind":null},"timestamp":1787926527159,"hypothesisId":"B","runId":"ipad-fix2"}
{"sessionId":"6c5c15","location":"pageInkDom.ts:resolvePageDomHit","message":"dom hit resolved","data":{"clientX":596.3333740234375,"clientY":226.6666717529297,"method":"rect","hitKind":null},"timestamp":1787926527161,"hypothesisId":"B","runId":"ipad-fix2"}
{"sessionId":"6c5c15","location":"pageInkDom.ts:resolvePageDomHit","message":"dom hit resolved","data":{"clientX":596.3333740234375,"clientY":223.33334350585938,"method":"rect","hitKind":null},"timestamp":1787926527162,"hypothesisId":"B","runId":"ipad-fix2"}
{"sessionId":"6c5c15","location":"pageInkDom.ts:resolvePageDomHit","message":"dom hit resolved","data":{"clientX":596.3333740234375,"clientY":216.6666717529297,"method":"rect","hitKind":null},"timestamp":1787926527163,"hypothesisId":"B","runId":"ipad-fix2"}
{"sessionId":"6c5c15","location":"pageInkDom.ts:resolvePageDomHit","message":"dom hit resolved","data":{"clientX":596.3333740234375,"clientY":214.6666717529297,"method":"rect","hitKind":null},"timestamp":1787926527163,"hypothesisId":"B","runId":"ipad-fix2"}
{"sessionId":"6c5c15","location":"pageInkDom.ts:resolvePageDomHit","message":"dom hit resolved","data":{"clientX":596.3333740234375,"clientY":212.6666717529297,"method":"rect","hitKind":null},"timestamp":1787926527165,"hypothesisId":"B","runId":"ipad-fix2"}
{"sessionId":"6c5c15","location":"pageInkDom.ts:resolvePageDomHit","message":"dom hit resolved","data":{"clientX":596.3333740234375,"clientY":210.6666717529297,"method":"rect","hitKind":null},"timestamp":1787926527166,"hypothesisId":"B","runId":"ipad-fix2"}
{"sessionId":"6c5c15","location":"pageInkDom.ts:resolvePageDomHit","message":"dom hit resolved","data":{"clientX":596.3333740234375,"clientY":208.6666717529297,"method":"rect","hitKind":null},"timestamp":1787926527167,"hypothesisId":"B","runId":"ipad-fix2"}
{"sessionId":"6c5c15","location":"pageInkDom.ts:resolvePageDomHit","message":"dom hit resolved","data":{"clientX":597,"clientY":206.6666717529297,"method":"rect","hitKind":null},"timestamp":1787926527168,"hypothesisId":"B","runId":"ipad-fix2"}
{"sessionId":"6c5c15","location":"pageInkDom.ts:resolvePageDomHit","message":"dom hit resolved","data":{"clientX":597,"clientY":204.6666717529297,"method":"rect","hitKind":null},"timestamp":1787926527170,"hypothesisId":"B","runId":"ipad-fix2"}
{"sessionId":"6c5c15","location":"pageInkDom.ts:resolvePageDomHit","message":"dom hit resolved","data":{"clientX":597,"clientY":203.33334350585938,"method":"rect","hitKind":null},"timestamp":1787926527170,"hypothesisId":"B","runId":"ipad-fix2"}
{"sessionId":"6c5c15","location":"pageInkDom.ts:resolvePageDomHit","message":"dom hit resolved","data":{"clientX":597.6666870117188,"clientY":199.33334350585938,"method":"rect","hitKind":null},"timestamp":1787926527171,"hypothesisId":"B","runId":"ipad-fix2"}
{"sessionId":"6c5c15","location":"pageInkDom.ts:resolvePageDomHit","message":"dom hit resolved","data":{"clientX":597.6666870117188,"clientY":198.6666717529297,"method":"rect","hitKind":null},"timestamp":1787926527171,"hypothesisId":"B","runId":"ipad-fix2"}
{"sessionId":"6c5c15","location":"pageInkDom.ts:resolvePageDomHit","message":"dom hit resolved","data":{"clientX":597.6666870117188,"clientY":196.6666717529297,"method":"rect","hitKind":null},"timestamp":1787926527172,"hypothesisId":"B","runId":"ipad-fix2"}
{"sessionId":"6c5c15","location":"pageInkDom.ts:resolvePageDomHit","message":"dom hit resolved","data":{"clientX":597.6666870117188,"clientY":195.33334350585938,"method":"rect","hitKind":null},"timestamp":1787926527173,"hypothesisId":"B","runId":"ipad-fix2"}
{"sessionId":"6c5c15","location":"pageInkDom.ts:resolvePageDomHit","message":"dom hit resolved","data":{"clientX":597.6666870117188,"clientY":193.33334350585938,"method":"rect","hitKind":null},"timestamp":1787926527174,"hypothesisId":"B","runId":"ipad-fix2"}
{"sessionId":"6c5c15","location":"pageInkDom.ts:resolvePageDomHit","message":"dom hit resolved","data":{"clientX":597.6666870117188,"clientY":192.6666717529297,"method":"rect","hitKind":null},"timestamp":1787926527176,"hypothesisId":"B","runId":"ipad-fix2"}
{"sessionId":"6c5c15","location":"pageInkDom.ts:resolvePageDomHit","message":"dom hit resolved","data":{"clientX":597.6666870117188,"clientY":191.33334350585938,"method":"rect","hitKind":null},"timestamp":1787926527176,"hypothesisId":"B","runId":"ipad-fix2"}
{"sessionId":"6c5c15","location":"pageInkDom.ts:resolvePageDomHit","message":"dom hit resolved","data":{"clientX":597.6666870117188,"clientY":189.33334350585938,"method":"rect","hitKind":null},"timestamp":1787926527179,"hypothesisId":"B","runId":"ipad-fix2"}
{"sessionId":"6c5c15","location":"pageInkDom.ts:resolvePageDomHit","message":"dom hit resolved","data":{"clientX":599,"clientY":188.6666717529297,"method":"rect","hitKind":null},"timestamp":1787926527179,"hypothesisId":"B","runId":"ipad-fix2"}
{"sessionId":"6c5c15","location":"pageInkDom.ts:resolvePageDomHit","message":"dom hit resolved","data":{"clientX":599,"clientY":187.33334350585938,"method":"rect","hitKind":null},"timestamp":1787926527180,"hypothesisId":"B","runId":"ipad-fix2"}
{"sessionId":"6c5c15","location":"pageInkDom.ts:resolvePageDomHit","message":"dom hit resolved","data":{"clientX":599,"clientY":185.33334350585938,"method":"rect","hitKind":null},"timestamp":1787926527180,"hypothesisId":"B","runId":"ipad-fix2"}
{"sessionId":"6c5c15","location":"pageInkDom.ts:resolvePageDomHit","message":"dom hit resolved","data":{"clientX":599,"clientY":184.6666717529297,"method":"rect","hitKind":null},"timestamp":1787926527183,"hypothesisId":"B","runId":"ipad-fix2"}
{"sessionId":"6c5c15","location":"pageInkDom.ts:resolvePageDomHit","message":"dom hit resolved","data":{"clientX":599,"clientY":183.33334350585938,"method":"rect","hitKind":null},"timestamp":1787926527183,"hypothesisId":"B","runId":"ipad-fix2"}
{"sessionId":"6c5c15","location":"pageInkDom.ts:resolvePageDomHit","message":"dom hit resolved","data":{"clientX":599,"clientY":181.33334350585938,"method":"rect","hitKind":null},"timestamp":1787926527190,"hypothesisId":"B","runId":"ipad-fix2"}
{"sessionId":"6c5c15","location":"pageInkDom.ts:resolvePageDomHit","message":"dom hit resolved","data":{"clientX":599,"clientY":180.6666717529297,"method":"rect","hitKind":null},"timestamp":1787926527191,"hypothesisId":"B","runId":"ipad-fix2"}
{"sessionId":"6c5c15","location":"pageInkDom.ts:resolvePageDomHit","message":"dom hit resolved","data":{"clientX":599.6666870117188,"clientY":178.6666717529297,"method":"rect","hitKind":null},"timestamp":1787926527194,"hypothesisId":"B","runId":"ipad-fix2"}
{"sessionId":"6c5c15","location":"pageInkDom.ts:resolvePageDomHit","message":"dom hit resolved","data":{"clientX":599.6666870117188,"clientY":177.33334350585938,"method":"rect","hitKind":null},"timestamp":1787926527278,"hypothesisId":"B","runId":"ipad-fix2"}
{"sessionId":"6c5c15","location":"pageInkDom.ts:resolvePageDomHit","message":"dom hit resolved","data":{"clientX":599.6666870117188,"clientY":176.6666717529297,"method":"rect","hitKind":"pageNumber","pageId":"60311903-f7d1-4f60-a865-4989247e72a0"},"timestamp":1787926527279,"hypothesisId":"B","runId":"ipad-fix2"}
{"sessionId":"6c5c15","location":"pageInkDom.ts:resolvePageDomHit","message":"dom hit resolved","data":{"clientX":601,"clientY":175.33334350585938,"method":"rect","hitKind":"pageNumber","pageId":"60311903-f7d1-4f60-a865-4989247e72a0"},"timestamp":1787926527279,"hypothesisId":"B","runId":"ipad-fix2"}
{"sessionId":"6c5c15","location":"pageInkDom.ts:resolvePageDomHit","message":"dom hit resolved","data":{"clientX":601.6666870117188,"clientY":174.6666717529297,"method":"rect","hitKind":"pageNumber","pageId":"60311903-f7d1-4f60-a865-4989247e72a0"},"timestamp":1787926527279,"hypothesisId":"B","runId":"ipad-fix2"}
{"sessionId":"6c5c15","location":"pageInkDom.ts:resolvePageDomHit","message":"dom hit resolved","data":{"clientX":603,"clientY":173.33334350585938,"method":"rect","hitKind":"pageNumber","pageId":"60311903-f7d1-4f60-a865-4989247e72a0"},"timestamp":1787926527284,"hypothesisId":"B","runId":"ipad-fix2"}
{"sessionId":"6c5c15","location":"pageInkDom.ts:resolvePageDomHit","message":"dom hit resolved","data":{"clientX":603.6666870117188,"clientY":171.33334350585938,"method":"rect","hitKind":"pageNumber","pageId":"60311903-f7d1-4f60-a865-4989247e72a0"},"timestamp":1787926527286,"hypothesisId":"B","runId":"ipad-fix2"}
{"sessionId":"6c5c15","location":"pageInkDom.ts:resolvePageDomHit","message":"dom hit resolved","data":{"clientX":605,"clientY":170.6666717529297,"method":"rect","hitKind":"pageNumber","pageId":"60311903-f7d1-4f60-a865-4989247e72a0"},"timestamp":1787926527286,"hypothesisId":"B","runId":"ipad-fix2"}
{"sessionId":"6c5c15","location":"pageInkDom.ts:resolvePageDomHit","message":"dom hit resolved","data":{"clientX":605,"clientY":169.33334350585938,"method":"rect","hitKind":"pageNumber","pageId":"60311903-f7d1-4f60-a865-4989247e72a0"},"timestamp":1787926527286,"hypothesisId":"B","runId":"ipad-fix2"}
{"sessionId":"6c5c15","location":"pageInkDom.ts:resolvePageDomHit","message":"dom hit resolved","data":{"clientX":607,"clientY":168.6666717529297,"method":"rect","hitKind":"pageNumber","pageId":"60311903-f7d1-4f60-a865-4989247e72a0"},"timestamp":1787926527288,"hypothesisId":"B","runId":"ipad-fix2"}
{"sessionId":"6c5c15","location":"pageInkDom.ts:resolvePageDomHit","message":"dom hit resolved","data":{"clientX":607.6666870117188,"clientY":167.33334350585938,"method":"rect","hitKind":"pageNumber","pageId":"60311903-f7d1-4f60-a865-4989247e72a0"},"timestamp":1787926527288,"hypothesisId":"B","runId":"ipad-fix2"}
{"sessionId":"6c5c15","location":"pageInkDom.ts:resolvePageDomHit","message":"dom hit resolved","data":{"clientX":609,"clientY":166.6666717529297,"method":"rect","hitKind":"pageNumber","pageId":"60311903-f7d1-4f60-a865-4989247e72a0"},"timestamp":1787926527289,"hypothesisId":"B","runId":"ipad-fix2"}
{"sessionId":"6c5c15","location":"pageInkDom.ts:resolvePageDomHit","message":"dom hit resolved","data":{"clientX":609.6666870117188,"clientY":165.33334350585938,"method":"rect","hitKind":"pageNumber","pageId":"60311903-f7d1-4f60-a865-4989247e72a0"},"timestamp":1787926527290,"hypothesisId":"B","runId":"ipad-fix2"}
{"sessionId":"6c5c15","location":"pageInkDom.ts:resolvePageDomHit","message":"dom hit resolved","data":{"clientX":609.6666870117188,"clientY":164.6666717529297,"method":"rect","hitKind":"pageNumber","pageId":"60311903-f7d1-4f60-a865-4989247e72a0"},"timestamp":1787926527291,"hypothesisId":"B","runId":"ipad-fix2"}
{"sessionId":"6c5c15","location":"pageInkDom.ts:resolvePageDomHit","message":"dom hit resolved","data":{"clientX":611,"clientY":163.33334350585938,"method":"rect","hitKind":"pageNumber","pageId":"60311903-f7d1-4f60-a865-4989247e72a0"},"timestamp":1787926527292,"hypothesisId":"B","runId":"ipad-fix2"}
{"sessionId":"6c5c15","location":"pageInkDom.ts:resolvePageDomHit","message":"dom hit resolved","data":{"clientX":611,"clientY":162.6666717529297,"method":"rect","hitKind":"pageNumber","pageId":"60311903-f7d1-4f60-a865-4989247e72a0"},"timestamp":1787926527294,"hypothesisId":"B","runId":"ipad-fix2"}
{"sessionId":"6c5c15","location":"pageInkDom.ts:resolvePageDomHit","message":"dom hit resolved","data":{"clientX":613,"clientY":161.33334350585938,"method":"rect","hitKind":"pageNumber","pageId":"60311903-f7d1-4f60-a865-4989247e72a0"},"timestamp":1787926527294,"hypothesisId":"B","runId":"ipad-fix2"}
{"sessionId":"6c5c15","location":"pageInkDom.ts:resolvePageDomHit","message":"dom hit resolved","data":{"clientX":615,"clientY":158.6666717529297,"method":"rect","hitKind":"pageNumber","pageId":"60311903-f7d1-4f60-a865-4989247e72a0"},"timestamp":1787926527296,"hypothesisId":"B","runId":"ipad-fix2"}
{"sessionId":"6c5c15","location":"pageInkDom.ts:resolvePageDomHit","message":"dom hit resolved","data":{"clientX":615.6666870117188,"clientY":157.33334350585938,"method":"rect","hitKind":"pageNumber","pageId":"60311903-f7d1-4f60-a865-4989247e72a0"},"timestamp":1787926527307,"hypothesisId":"B","runId":"ipad-fix2"}
{"sessionId":"6c5c15","location":"pageInkDom.ts:resolvePageDomHit","message":"dom hit resolved","data":{"clientX":627,"clientY":145.33334350585938,"method":"rect","hitKind":"pageNumber","pageId":"60311903-f7d1-4f60-a865-4989247e72a0"},"timestamp":1787926527308,"hypothesisId":"B","runId":"ipad-fix2"}
{"sessionId":"6c5c15","location":"pageInkDom.ts:resolvePageDomHit","message":"dom hit resolved","data":{"clientX":629.6666870117188,"clientY":143.33334350585938,"method":"rect","hitKind":"pageNumber","pageId":"60311903-f7d1-4f60-a865-4989247e72a0"},"timestamp":1787926527309,"hypothesisId":"B","runId":"ipad-fix2"}
{"sessionId":"6c5c15","location":"pageInkDom.ts:resolvePageDomHit","message":"dom hit resolved","data":{"clientX":633,"clientY":139.33334350585938,"method":"rect","hitKind":"pageNumber","pageId":"60311903-f7d1-4f60-a865-4989247e72a0"},"timestamp":1787926527310,"hypothesisId":"B","runId":"ipad-fix2"}
{"sessionId":"6c5c15","location":"pageInkDom.ts:resolvePageDomHit","message":"dom hit resolved","data":{"clientX":633.6666870117188,"clientY":138.6666717529297,"method":"rect","hitKind":"pageNumber","pageId":"60311903-f7d1-4f60-a865-4989247e72a0"},"timestamp":1787926527313,"hypothesisId":"B","runId":"ipad-fix2"}
{"sessionId":"6c5c15","location":"pageInkDom.ts:resolvePageDomHit","message":"dom hit resolved","data":{"clientX":639,"clientY":132.6666717529297,"method":"rect","hitKind":null},"timestamp":1787926527314,"hypothesisId":"B","runId":"ipad-fix2"}
{"sessionId":"6c5c15","location":"pageInkDom.ts:resolvePageDomHit","message":"dom hit resolved","data":{"clientX":641,"clientY":130.6666717529297,"method":"rect","hitKind":null},"timestamp":1787926527315,"hypothesisId":"B","runId":"ipad-fix2"}
{"sessionId":"6c5c15","location":"pageInkDom.ts:resolvePageDomHit","message":"dom hit resolved","data":{"clientX":643,"clientY":128.6666717529297,"method":"rect","hitKind":null},"timestamp":1787926527315,"hypothesisId":"B","runId":"ipad-fix2"}
{"sessionId":"6c5c15","location":"useEditorController.tsx:textTapDown","message":"global pointerdown","data":{"pointerType":"touch","tracked":true},"timestamp":1787926538087,"hypothesisId":"A","runId":"post-fix"}
{"sessionId":"6c5c15","location":"useEditorController.tsx:textTapUp","message":"text tap up","data":{"pointerType":"touch","hasPending":false,"dist":1267.1835896980358},"timestamp":1787926538109,"hypothesisId":"A,E","runId":"post-fix2"}
{"sessionId":"6c5c15","location":"useEditorController.tsx:textTapDown","message":"global pointerdown","data":{"pointerType":"touch","tracked":true},"timestamp":1787926538362,"hypothesisId":"A","runId":"post-fix"}
{"sessionId":"6c5c15","location":"useEditorController.tsx:textTapUp","message":"text tap up","data":{"pointerType":"touch","hasPending":false,"dist":0},"timestamp":1787926538417,"hypothesisId":"A,E","runId":"post-fix2"}
{"sessionId":"6c5c15","location":"useEditorController.tsx:textTapDown","message":"global pointerdown","data":{"pointerType":"touch","tracked":true},"timestamp":1787926539145,"hypothesisId":"A","runId":"post-fix"}
{"sessionId":"6c5c15","location":"pageInkDom.ts:resolvePageDomHit","message":"dom hit resolved","data":{"clientX":200.5,"clientY":119.5,"method":"rect","hitKind":"page","pageId":"7f5bf69a-2d2c-446d-9fdf-f9c07729cb09","localX":758.3333333333333,"localY":325},"timestamp":1787926539147,"hypothesisId":"B","runId":"ipad-fix2"}
{"sessionId":"6c5c15","location":"useEditorController.tsx:textTapUp","message":"text tap up","data":{"pointerType":"touch","hasPending":false,"dist":0},"timestamp":1787926539209,"hypothesisId":"A,E","runId":"post-fix2"}
{"sessionId":"6c5c15","location":"pageInkDom.ts:resolvePageDomHit","message":"dom hit resolved","data":{"clientX":200.5,"clientY":119.5,"method":"rect","hitKind":"page","pageId":"7f5bf69a-2d2c-446d-9fdf-f9c07729cb09","localX":758.3333333333333,"localY":325},"timestamp":1787926539210,"hypothesisId":"B","runId":"ipad-fix2"}
{"sessionId":"6c5c15","location":"workspaceFsm.tsx:fingerTapUp","message":"finger tap up","data":{"tool":"text","downHitKind":"page","upHitKind":"page","usedHitKind":"page","effectTypes":["createText"],"createX":758.3333333333333,"createY":325,"domLocalX":758.3333333333333,"domLocalY":325,"clientX":200.5,"clientY":119.5},"timestamp":1787926539210,"hypothesisId":"A,D,F","runId":"ipad-fix3"}
{"sessionId":"6c5c15","location":"useEditorController.tsx:createTextEffect","message":"createText effect","data":{"pageId":"7f5bf69a-2d2c-446d-9fdf-f9c07729cb09","x":758.3333333333333,"y":325,"hasTrack":false,"tool":"text","pointerType":"unknown"},"timestamp":1787926539211,"hypothesisId":"A,E","runId":"ipad-fix"}
{"sessionId":"6c5c15","location":"useEditorController.tsx:textTapDown","message":"global pointerdown","data":{"pointerType":"touch","tracked":true},"timestamp":1787926541656,"hypothesisId":"A","runId":"post-fix"}
{"sessionId":"6c5c15","location":"useEditorController.tsx:textTapUp","message":"text tap up","data":{"pointerType":"touch","hasPending":false,"dist":0},"timestamp":1787926541744,"hypothesisId":"A,E","runId":"post-fix2"}
{"sessionId":"6c5c15","location":"useEditorController.tsx:textTapDown","message":"global pointerdown","data":{"pointerType":"touch","tracked":true},"timestamp":1787926545526,"hypothesisId":"A","runId":"post-fix"}
{"sessionId":"6c5c15","location":"useEditorController.tsx:textTapUp","message":"text tap up","data":{"pointerType":"touch","hasPending":false,"dist":0},"timestamp":1787926545605,"hypothesisId":"A,E","runId":"post-fix2"}
{"sessionId":"6c5c15","location":"TextEditBar.tsx:handleBlur","message":"textarea blur","data":{"textId":"810059e5-0750-408d-b6e1-0d2b6854db81","draftLen":3,"textareaLen":3,"draftEmpty":false,"textareaEmpty":false},"timestamp":1787926545609,"hypothesisId":"B","runId":"post-fix"}
{"sessionId":"6c5c15","location":"useEditorController.tsx:commitTextEdit","message":"commitTextEdit","data":{"textId":"810059e5-0750-408d-b6e1-0d2b6854db81","contentLen":3,"empty":false},"timestamp":1787926545609,"hypothesisId":"C,D"}
{"sessionId":"6c5c15","location":"TextEditBar.tsx:runExplicitCommit","message":"commit plan","data":{"textId":"810059e5-0750-408d-b6e1-0d2b6854db81","draftLen":3,"textareaLen":3,"draftMatchTextarea":true,"savedLen":0,"composing":false,"forceOnExplicit":false,"planKind":"commit"},"timestamp":1787926545609,"hypothesisId":"B,C","runId":"post-fix"}
{"sessionId":"6c5c15","location":"useEditorController.tsx:textTapDown","message":"global pointerdown","data":{"pointerType":"touch","tracked":true},"timestamp":1787926546550,"hypothesisId":"A","runId":"post-fix"}
{"sessionId":"6c5c15","location":"pageInkDom.ts:resolvePageDomHit","message":"dom hit resolved","data":{"clientX":225.5,"clientY":405,"method":"rect","hitKind":"pageNumber","pageId":"7f5bf69a-2d2c-446d-9fdf-f9c07729cb09"},"timestamp":1787926546551,"hypothesisId":"B","runId":"ipad-fix2"}
{"sessionId":"6c5c15","location":"pageInkDom.ts:resolvePageDomHit","message":"dom hit resolved","data":{"clientX":227,"clientY":410,"method":"rect","hitKind":"pageNumber","pageId":"7f5bf69a-2d2c-446d-9fdf-f9c07729cb09"},"timestamp":1787926546558,"hypothesisId":"B","runId":"ipad-fix2"}
{"sessionId":"6c5c15","location":"pageInkDom.ts:resolvePageDomHit","message":"dom hit resolved","data":{"clientX":227,"clientY":410,"method":"rect","hitKind":"pageNumber","pageId":"7f5bf69a-2d2c-446d-9fdf-f9c07729cb09"},"timestamp":1787926546559,"hypothesisId":"B","runId":"ipad-fix2"}
{"sessionId":"6c5c15","location":"pageInkDom.ts:resolvePageDomHit","message":"dom hit resolved","data":{"clientX":227,"clientY":414,"method":"rect","hitKind":null},"timestamp":1787926546559,"hypothesisId":"B","runId":"ipad-fix2"}
{"sessionId":"6c5c15","location":"pageInkDom.ts:resolvePageDomHit","message":"dom hit resolved","data":{"clientX":229.5,"clientY":419.5,"method":"rect","hitKind":null},"timestamp":1787926546563,"hypothesisId":"B","runId":"ipad-fix2"}
{"sessionId":"6c5c15","location":"pageInkDom.ts:resolvePageDomHit","message":"dom hit resolved","data":{"clientX":232,"clientY":426,"method":"rect","hitKind":null},"timestamp":1787926546572,"hypothesisId":"B","runId":"ipad-fix2"}
{"sessionId":"6c5c15","location":"pageInkDom.ts:resolvePageDomHit","message":"dom hit resolved","data":{"clientX":239,"clientY":440.5,"method":"rect","hitKind":null},"timestamp":1787926546588,"hypothesisId":"B","runId":"ipad-fix2"}
{"sessionId":"6c5c15","location":"pageInkDom.ts:resolvePageDomHit","message":"dom hit resolved","data":{"clientX":243,"clientY":449,"method":"rect","hitKind":null},"timestamp":1787926546597,"hypothesisId":"B","runId":"ipad-fix2"}
{"sessionId":"6c5c15","location":"pageInkDom.ts:resolvePageDomHit","message":"dom hit resolved","data":{"clientX":251,"clientY":471.5,"method":"rect","hitKind":null},"timestamp":1787926546613,"hypothesisId":"B","runId":"ipad-fix2"}
{"sessionId":"6c5c15","location":"pageInkDom.ts:resolvePageDomHit","message":"dom hit resolved","data":{"clientX":258.5,"clientY":498.5,"method":"rect","hitKind":null},"timestamp":1787926546630,"hypothesisId":"B","runId":"ipad-fix2"}
{"sessionId":"6c5c15","location":"pageInkDom.ts:resolvePageDomHit","message":"dom hit resolved","data":{"clientX":261.5,"clientY":513.5,"method":"rect","hitKind":null},"timestamp":1787926546638,"hypothesisId":"B","runId":"ipad-fix2"}
{"sessionId":"6c5c15","location":"pageInkDom.ts:resolvePageDomHit","message":"dom hit resolved","data":{"clientX":266.5,"clientY":544,"method":"rect","hitKind":null},"timestamp":1787926546657,"hypothesisId":"B","runId":"ipad-fix2"}
{"sessionId":"6c5c15","location":"pageInkDom.ts:resolvePageDomHit","message":"dom hit resolved","data":{"clientX":268.5,"clientY":558.5,"method":"rect","hitKind":null},"timestamp":1787926546664,"hypothesisId":"B","runId":"ipad-fix2"}
{"sessionId":"6c5c15","location":"pageInkDom.ts:resolvePageDomHit","message":"dom hit resolved","data":{"clientX":273,"clientY":584.5,"method":"rect","hitKind":null},"timestamp":1787926546680,"hypothesisId":"B","runId":"ipad-fix2"}
{"sessionId":"6c5c15","location":"pageInkDom.ts:resolvePageDomHit","message":"dom hit resolved","data":{"clientX":277.5,"clientY":608,"method":"rect","hitKind":null},"timestamp":1787926546697,"hypothesisId":"B","runId":"ipad-fix2"}
{"sessionId":"6c5c15","location":"pageInkDom.ts:resolvePageDomHit","message":"dom hit resolved","data":{"clientX":282,"clientY":626.5,"method":"rect","hitKind":null},"timestamp":1787926546714,"hypothesisId":"B","runId":"ipad-fix2"}
{"sessionId":"6c5c15","location":"pageInkDom.ts:resolvePageDomHit","message":"dom hit resolved","data":{"clientX":286.5,"clientY":644,"method":"rect","hitKind":null},"timestamp":1787926546730,"hypothesisId":"B","runId":"ipad-fix2"}
{"sessionId":"6c5c15","location":"pageInkDom.ts:resolvePageDomHit","message":"dom hit resolved","data":{"clientX":290.5,"clientY":661,"method":"rect","hitKind":null},"timestamp":1787926546747,"hypothesisId":"B","runId":"ipad-fix2"}
{"sessionId":"6c5c15","location":"pageInkDom.ts:resolvePageDomHit","message":"dom hit resolved","data":{"clientX":293,"clientY":671,"method":"rect","hitKind":null},"timestamp":1787926546755,"hypothesisId":"B","runId":"ipad-fix2"}
{"sessionId":"6c5c15","location":"pageInkDom.ts:resolvePageDomHit","message":"dom hit resolved","data":{"clientX":294,"clientY":678,"method":"rect","hitKind":null},"timestamp":1787926546763,"hypothesisId":"B","runId":"ipad-fix2"}
{"sessionId":"6c5c15","location":"pageInkDom.ts:resolvePageDomHit","message":"dom hit resolved","data":{"clientX":296,"clientY":687,"method":"rect","hitKind":null},"timestamp":1787926546772,"hypothesisId":"B","runId":"ipad-fix2"}
{"sessionId":"6c5c15","location":"pageInkDom.ts:resolvePageDomHit","message":"dom hit resolved","data":{"clientX":296.5,"clientY":693.5,"method":"rect","hitKind":null},"timestamp":1787926546780,"hypothesisId":"B","runId":"ipad-fix2"}
{"sessionId":"6c5c15","location":"pageInkDom.ts:resolvePageDomHit","message":"dom hit resolved","data":{"clientX":298,"clientY":701,"method":"rect","hitKind":null},"timestamp":1787926546788,"hypothesisId":"B","runId":"ipad-fix2"}
{"sessionId":"6c5c15","location":"pageInkDom.ts:resolvePageDomHit","message":"dom hit resolved","data":{"clientX":299,"clientY":708,"method":"rect","hitKind":null},"timestamp":1787926546797,"hypothesisId":"B","runId":"ipad-fix2"}
{"sessionId":"6c5c15","location":"pageInkDom.ts:resolvePageDomHit","message":"dom hit resolved","data":{"clientX":299.5,"clientY":715,"method":"rect","hitKind":null},"timestamp":1787926546805,"hypothesisId":"B","runId":"ipad-fix2"}
{"sessionId":"6c5c15","location":"pageInkDom.ts:resolvePageDomHit","message":"dom hit resolved","data":{"clientX":300,"clientY":720,"method":"rect","hitKind":"pageNumber","pageId":"7f5bf69a-2d2c-446d-9fdf-f9c07729cb09"},"timestamp":1787926546814,"hypothesisId":"B","runId":"ipad-fix2"}
{"sessionId":"6c5c15","location":"pageInkDom.ts:resolvePageDomHit","message":"dom hit resolved","data":{"clientX":300.5,"clientY":725.5,"method":"rect","hitKind":"pageNumber","pageId":"7f5bf69a-2d2c-446d-9fdf-f9c07729cb09"},"timestamp":1787926546822,"hypothesisId":"B","runId":"ipad-fix2"}
{"sessionId":"6c5c15","location":"pageInkDom.ts:resolvePageDomHit","message":"dom hit resolved","data":{"clientX":301,"clientY":730,"method":"rect","hitKind":"pageNumber","pageId":"7f5bf69a-2d2c-446d-9fdf-f9c07729cb09"},"timestamp":1787926546830,"hypothesisId":"B","runId":"ipad-fix2"}
{"sessionId":"6c5c15","location":"pageInkDom.ts:resolvePageDomHit","message":"dom hit resolved","data":{"clientX":301.5,"clientY":735,"method":"rect","hitKind":"pageNumber","pageId":"7f5bf69a-2d2c-446d-9fdf-f9c07729cb09"},"timestamp":1787926546838,"hypothesisId":"B","runId":"ipad-fix2"}
{"sessionId":"6c5c15","location":"pageInkDom.ts:resolvePageDomHit","message":"dom hit resolved","data":{"clientX":301.5,"clientY":738,"method":"rect","hitKind":"pageNumber","pageId":"7f5bf69a-2d2c-446d-9fdf-f9c07729cb09"},"timestamp":1787926546847,"hypothesisId":"B","runId":"ipad-fix2"}
{"sessionId":"6c5c15","location":"pageInkDom.ts:resolvePageDomHit","message":"dom hit resolved","data":{"clientX":302,"clientY":742,"method":"rect","hitKind":"pageNumber","pageId":"7f5bf69a-2d2c-446d-9fdf-f9c07729cb09"},"timestamp":1787926546855,"hypothesisId":"B","runId":"ipad-fix2"}
{"sessionId":"6c5c15","location":"pageInkDom.ts:resolvePageDomHit","message":"dom hit resolved","data":{"clientX":302,"clientY":743.5,"method":"rect","hitKind":"pageNumber","pageId":"7f5bf69a-2d2c-446d-9fdf-f9c07729cb09"},"timestamp":1787926546864,"hypothesisId":"B","runId":"ipad-fix2"}
{"sessionId":"6c5c15","location":"pageInkDom.ts:resolvePageDomHit","message":"dom hit resolved","data":{"clientX":302,"clientY":745,"method":"rect","hitKind":"pageNumber","pageId":"7f5bf69a-2d2c-446d-9fdf-f9c07729cb09"},"timestamp":1787926546872,"hypothesisId":"B","runId":"ipad-fix2"}
{"sessionId":"6c5c15","location":"pageInkDom.ts:resolvePageDomHit","message":"dom hit resolved","data":{"clientX":302,"clientY":745.5,"method":"rect","hitKind":"pageNumber","pageId":"7f5bf69a-2d2c-446d-9fdf-f9c07729cb09"},"timestamp":1787926546880,"hypothesisId":"B","runId":"ipad-fix2"}
{"sessionId":"6c5c15","location":"pageInkDom.ts:resolvePageDomHit","message":"dom hit resolved","data":{"clientX":302,"clientY":746.5,"method":"rect","hitKind":"pageNumber","pageId":"7f5bf69a-2d2c-446d-9fdf-f9c07729cb09"},"timestamp":1787926546889,"hypothesisId":"B","runId":"ipad-fix2"}
{"sessionId":"6c5c15","location":"pageInkDom.ts:resolvePageDomHit","message":"dom hit resolved","data":{"clientX":302.5,"clientY":746.5,"method":"rect","hitKind":"pageNumber","pageId":"7f5bf69a-2d2c-446d-9fdf-f9c07729cb09"},"timestamp":1787926546905,"hypothesisId":"B","runId":"ipad-fix2"}
{"sessionId":"6c5c15","location":"pageInkDom.ts:resolvePageDomHit","message":"dom hit resolved","data":{"clientX":302.5,"clientY":746,"method":"rect","hitKind":"pageNumber","pageId":"7f5bf69a-2d2c-446d-9fdf-f9c07729cb09"},"timestamp":1787926546955,"hypothesisId":"B","runId":"ipad-fix2"}
{"sessionId":"6c5c15","location":"pageInkDom.ts:resolvePageDomHit","message":"dom hit resolved","data":{"clientX":302.5,"clientY":744.5,"method":"rect","hitKind":"pageNumber","pageId":"7f5bf69a-2d2c-446d-9fdf-f9c07729cb09"},"timestamp":1787926546964,"hypothesisId":"B","runId":"ipad-fix2"}
{"sessionId":"6c5c15","location":"pageInkDom.ts:resolvePageDomHit","message":"dom hit resolved","data":{"clientX":302.5,"clientY":743.5,"method":"rect","hitKind":"pageNumber","pageId":"7f5bf69a-2d2c-446d-9fdf-f9c07729cb09"},"timestamp":1787926546972,"hypothesisId":"B","runId":"ipad-fix2"}
{"sessionId":"6c5c15","location":"useEditorController.tsx:textTapUp","message":"text tap up","data":{"pointerType":"touch","hasPending":false,"dist":343.29287787543745},"timestamp":1787926546980,"hypothesisId":"A,E","runId":"post-fix2"}
{"sessionId":"6c5c15","location":"pageInkDom.ts:resolvePageDomHit","message":"dom hit resolved","data":{"clientX":300.5,"clientY":740,"method":"rect","hitKind":"pageNumber","pageId":"7f5bf69a-2d2c-446d-9fdf-f9c07729cb09"},"timestamp":1787926546981,"hypothesisId":"B","runId":"ipad-fix2"}
{"sessionId":"6c5c15","location":"useEditorController.tsx:textTapDown","message":"global pointerdown","data":{"pointerType":"touch","tracked":true},"timestamp":1787926547267,"hypothesisId":"A","runId":"post-fix"}
{"sessionId":"6c5c15","location":"pageInkDom.ts:resolvePageDomHit","message":"dom hit resolved","data":{"clientX":265.5,"clientY":529.5,"method":"rect","hitKind":"page","pageId":"7f5bf69a-2d2c-446d-9fdf-f9c07729cb09","localX":691.6666666666666,"localY":722.2222222222222},"timestamp":1787926547267,"hypothesisId":"B","runId":"ipad-fix2"}
{"sessionId":"6c5c15","location":"useEditorController.tsx:textTapDown","message":"global pointerdown","data":{"pointerType":"touch","tracked":true},"timestamp":1787926547278,"hypothesisId":"A","runId":"post-fix"}
{"sessionId":"6c5c15","location":"pageInkDom.ts:resolvePageDomHit","message":"dom hit resolved","data":{"clientX":367,"clientY":417.5,"method":"rect","hitKind":null},"timestamp":1787926547278,"hypothesisId":"B","runId":"ipad-fix2"}
{"sessionId":"6c5c15","location":"pageInkDom.ts:resolvePageDomHit","message":"dom hit resolved","data":{"clientX":265.5,"clientY":529.5,"method":"rect","hitKind":"page","pageId":"7f5bf69a-2d2c-446d-9fdf-f9c07729cb09","localX":691.6666666666666,"localY":722.2222222222222},"timestamp":1787926547279,"hypothesisId":"B","runId":"ipad-fix2"}
{"sessionId":"6c5c15","location":"pageInkDom.ts:resolvePageDomHit","message":"dom hit resolved","data":{"clientX":261.5,"clientY":532.5,"method":"rect","hitKind":"page","pageId":"7f5bf69a-2d2c-446d-9fdf-f9c07729cb09","localX":669.4444444444445,"localY":738.8888888888889},"timestamp":1787926547331,"hypothesisId":"B","runId":"ipad-fix2"}
{"sessionId":"6c5c15","location":"pageInkDom.ts:resolvePageDomHit","message":"dom hit resolved","data":{"clientX":367,"clientY":417.5,"method":"rect","hitKind":null},"timestamp":1787926547331,"hypothesisId":"B","runId":"ipad-fix2"}
{"sessionId":"6c5c15","location":"pageInkDom.ts:resolvePageDomHit","message":"dom hit resolved","data":{"clientX":260.5,"clientY":534.5,"method":"rect","hitKind":"page","pageId":"7f5bf69a-2d2c-446d-9fdf-f9c07729cb09","localX":673.28743003204,"localY":739.5959298964527},"timestamp":1787926547339,"hypothesisId":"B","runId":"ipad-fix2"}
{"sessionId":"6c5c15","location":"pageInkDom.ts:resolvePageDomHit","message":"dom hit resolved","data":{"clientX":258,"clientY":537.5,"method":"rect","hitKind":"page","pageId":"7f5bf69a-2d2c-446d-9fdf-f9c07729cb09","localX":663.9139823959189,"localY":751.2391442087361},"timestamp":1787926547347,"hypothesisId":"B","runId":"ipad-fix2"}
{"sessionId":"6c5c15","location":"pageInkDom.ts:resolvePageDomHit","message":"dom hit resolved","data":{"clientX":254.5,"clientY":541,"method":"rect","hitKind":"page","pageId":"7f5bf69a-2d2c-446d-9fdf-f9c07729cb09","localX":652.746097581474,"localY":761.7046509296782},"timestamp":1787926547364,"hypothesisId":"B","runId":"ipad-fix2"}
{"sessionId":"6c5c15","location":"pageInkDom.ts:resolvePageDomHit","message":"dom hit resolved","data":{"clientX":373,"clientY":417.5,"method":"rect","hitKind":null},"timestamp":1787926547364,"hypothesisId":"B","runId":"ipad-fix2"}
{"sessionId":"6c5c15","location":"pageInkDom.ts:resolvePageDomHit","message":"dom hit resolved","data":{"clientX":250.5,"clientY":545,"method":"rect","hitKind":"page","pageId":"7f5bf69a-2d2c-446d-9fdf-f9c07729cb09","localX":660.9207010355689,"localY":752.3879321951584},"timestamp":1787926547372,"hypothesisId":"B","runId":"ipad-fix2"}
{"sessionId":"6c5c15","location":"pageInkDom.ts:resolvePageDomHit","message":"dom hit resolved","data":{"clientX":374.5,"clientY":417.5,"method":"rect","hitKind":null},"timestamp":1787926547373,"hypothesisId":"B","runId":"ipad-fix2"}
{"sessionId":"6c5c15","location":"pageInkDom.ts:resolvePageDomHit","message":"dom hit resolved","data":{"clientX":246.5,"clientY":547.5,"method":"rect","hitKind":"page","pageId":"7f5bf69a-2d2c-446d-9fdf-f9c07729cb09","localX":642.0287310092559,"localY":764.1954135450287},"timestamp":1787926547373,"hypothesisId":"B","runId":"ipad-fix2"}
{"sessionId":"6c5c15","location":"pageInkDom.ts:resolvePageDomHit","message":"dom hit resolved","data":{"clientX":376,"clientY":417.5,"method":"rect","hitKind":null},"timestamp":1787926547374,"hypothesisId":"B","runId":"ipad-fix2"}
{"sessionId":"6c5c15","location":"pageInkDom.ts:resolvePageDomHit","message":"dom hit resolved","data":{"clientX":243.5,"clientY":551.5,"method":"rect","hitKind":"page","pageId":"7f5bf69a-2d2c-446d-9fdf-f9c07729cb09","localX":637.6948566653352,"localY":773.0707416439477},"timestamp":1787926547381,"hypothesisId":"B","runId":"ipad-fix2"}
{"sessionId":"6c5c15","location":"pageInkDom.ts:resolvePageDomHit","message":"dom hit resolved","data":{"clientX":378,"clientY":416.5,"method":"rect","hitKind":null},"timestamp":1787926547381,"hypothesisId":"B","runId":"ipad-fix2"}
{"sessionId":"6c5c15","location":"pageInkDom.ts:resolvePageDomHit","message":"dom hit resolved","data":{"clientX":237.5,"clientY":558.5,"method":"rect","hitKind":"page","pageId":"7f5bf69a-2d2c-446d-9fdf-f9c07729cb09","localX":622.6704389151117,"localY":792.4606911906138},"timestamp":1787926547397,"hypothesisId":"B","runId":"ipad-fix2"}
{"sessionId":"6c5c15","location":"pageInkDom.ts:resolvePageDomHit","message":"dom hit resolved","data":{"clientX":382,"clientY":415.5,"method":"rect","hitKind":null},"timestamp":1787926547398,"hypothesisId":"B","runId":"ipad-fix2"}
{"sessionId":"6c5c15","location":"pageInkDom.ts:resolvePageDomHit","message":"dom hit resolved","data":{"clientX":235,"clientY":562,"method":"rect","hitKind":"page","pageId":"7f5bf69a-2d2c-446d-9fdf-f9c07729cb09","localX":632.283459437012,"localY":787.1867091142673},"timestamp":1787926547406,"hypothesisId":"B","runId":"ipad-fix2"}
{"sessionId":"6c5c15","location":"pageInkDom.ts:resolvePageDomHit","message":"dom hit resolved","data":{"clientX":384.5,"clientY":415,"method":"rect","hitKind":null},"timestamp":1787926547406,"hypothesisId":"B","runId":"ipad-fix2"}
{"sessionId":"6c5c15","location":"pageInkDom.ts:resolvePageDomHit","message":"dom hit resolved","data":{"clientX":232.5,"clientY":566.5,"method":"rect","hitKind":"page","pageId":"7f5bf69a-2d2c-446d-9fdf-f9c07729cb09","localX":631.6491846051895,"localY":795.9906392822471},"timestamp":1787926547414,"hypothesisId":"B","runId":"ipad-fix2"}
{"sessionId":"6c5c15","location":"pageInkDom.ts:resolvePageDomHit","message":"dom hit resolved","data":{"clientX":388,"clientY":414.5,"method":"rect","hitKind":null},"timestamp":1787926547414,"hypothesisId":"B","runId":"ipad-fix2"}
{"sessionId":"6c5c15","location":"pageInkDom.ts:resolvePageDomHit","message":"dom hit resolved","data":{"clientX":230,"clientY":570.5,"method":"rect","hitKind":"page","pageId":"7f5bf69a-2d2c-446d-9fdf-f9c07729cb09","localX":633.1435545979894,"localY":800.5417564676283},"timestamp":1787926547422,"hypothesisId":"B","runId":"ipad-fix2"}
{"sessionId":"6c5c15","location":"pageInkDom.ts:resolvePageDomHit","message":"dom hit resolved","data":{"clientX":391,"clientY":413.5,"method":"rect","hitKind":null},"timestamp":1787926547423,"hypothesisId":"B","runId":"ipad-fix2"}
{"sessionId":"6c5c15","location":"pageInkDom.ts:resolvePageDomHit","message":"dom hit resolved","data":{"clientX":228,"clientY":574,"method":"rect","hitKind":"page","pageId":"7f5bf69a-2d2c-446d-9fdf-f9c07729cb09","localX":635.944965486109,"localY":803.5985545967754},"timestamp":1787926547431,"hypothesisId":"B","runId":"ipad-fix2"}
{"sessionId":"6c5c15","location":"pageInkDom.ts:resolvePageDomHit","message":"dom hit resolved","data":{"clientX":394.5,"clientY":413.5,"method":"rect","hitKind":null},"timestamp":1787926547431,"hypothesisId":"B","runId":"ipad-fix2"}
{"sessionId":"6c5c15","location":"pageInkDom.ts:resolvePageDomHit","message":"dom hit resolved","data":{"clientX":226.5,"clientY":577.5,"method":"rect","hitKind":"page","pageId":"7f5bf69a-2d2c-446d-9fdf-f9c07729cb09","localX":639.0824612393434,"localY":808.0350727199746},"timestamp":1787926547439,"hypothesisId":"B","runId":"ipad-fix2"}
{"sessionId":"6c5c15","location":"pageInkDom.ts:resolvePageDomHit","message":"dom hit resolved","data":{"clientX":397.5,"clientY":413,"method":"rect","hitKind":null},"timestamp":1787926547440,"hypothesisId":"B","runId":"ipad-fix2"}
{"sessionId":"6c5c15","location":"pageInkDom.ts:resolvePageDomHit","message":"dom hit resolved","data":{"clientX":225,"clientY":580,"method":"rect","hitKind":"page","pageId":"7f5bf69a-2d2c-446d-9fdf-f9c07729cb09","localX":641.6460863298277,"localY":809.310811600908},"timestamp":1787926547447,"hypothesisId":"B","runId":"ipad-fix2"}
{"sessionId":"6c5c15","location":"pageInkDom.ts:resolvePageDomHit","message":"dom hit resolved","data":{"clientX":401,"clientY":412.5,"method":"rect","hitKind":null},"timestamp":1787926547448,"hypothesisId":"B","runId":"ipad-fix2"}
{"sessionId":"6c5c15","location":"pageInkDom.ts:resolvePageDomHit","message":"dom hit resolved","data":{"clientX":224.5,"clientY":582,"method":"rect","hitKind":"page","pageId":"7f5bf69a-2d2c-446d-9fdf-f9c07729cb09","localX":647.2089997041364,"localY":809.2861439449628},"timestamp":1787926547456,"hypothesisId":"B","runId":"ipad-fix2"}
{"sessionId":"6c5c15","location":"pageInkDom.ts:resolvePageDomHit","message":"dom hit resolved","data":{"clientX":405,"clientY":411.5,"method":"rect","hitKind":null},"timestamp":1787926547456,"hypothesisId":"B","runId":"ipad-fix2"}
{"sessionId":"6c5c15","location":"pageInkDom.ts:resolvePageDomHit","message":"dom hit resolved","data":{"clientX":224.5,"clientY":583.5,"method":"rect","hitKind":"page","pageId":"7f5bf69a-2d2c-446d-9fdf-f9c07729cb09","localX":653.906546019383,"localY":808.0342764636391},"timestamp":1787926547464,"hypothesisId":"B","runId":"ipad-fix2"}
{"sessionId":"6c5c15","location":"pageInkDom.ts:resolvePageDomHit","message":"dom hit resolved","data":{"clientX":409.5,"clientY":410.5,"method":"rect","hitKind":null},"timestamp":1787926547464,"hypothesisId":"B","runId":"ipad-fix2"}
{"sessionId":"6c5c15","location":"pageInkDom.ts:resolvePageDomHit","message":"dom hit resolved","data":{"clientX":224.5,"clientY":584,"method":"rect","hitKind":"page","pageId":"7f5bf69a-2d2c-446d-9fdf-f9c07729cb09","localX":660.0732135543565,"localY":803.925772608138},"timestamp":1787926547472,"hypothesisId":"B","runId":"ipad-fix2"}
{"sessionId":"6c5c15","location":"pageInkDom.ts:resolvePageDomHit","message":"dom hit resolved","data":{"clientX":415,"clientY":408.5,"method":"rect","hitKind":null},"timestamp":1787926547473,"hypothesisId":"B","runId":"ipad-fix2"}
{"sessionId":"6c5c15","location":"pageInkDom.ts:resolvePageDomHit","message":"dom hit resolved","data":{"clientX":224.5,"clientY":584.5,"method":"rect","hitKind":"page","pageId":"7f5bf69a-2d2c-446d-9fdf-f9c07729cb09","localX":667.0637073158501,"localY":799.1071603223661},"timestamp":1787926547481,"hypothesisId":"B","runId":"ipad-fix2"}
{"sessionId":"6c5c15","location":"pageInkDom.ts:resolvePageDomHit","message":"dom hit resolved","data":{"clientX":420,"clientY":406.5,"method":"rect","hitKind":null},"timestamp":1787926547481,"hypothesisId":"B","runId":"ipad-fix2"}
{"sessionId":"6c5c15","location":"pageInkDom.ts:resolvePageDomHit","message":"dom hit resolved","data":{"clientX":424.5,"clientY":404.5,"method":"rect","hitKind":null},"timestamp":1787926547489,"hypothesisId":"B","runId":"ipad-fix2"}
{"sessionId":"6c5c15","location":"pageInkDom.ts:resolvePageDomHit","message":"dom hit resolved","data":{"clientX":428.5,"clientY":402.5,"method":"rect","hitKind":null},"timestamp":1787926547497,"hypothesisId":"B","runId":"ipad-fix2"}
{"sessionId":"6c5c15","location":"pageInkDom.ts:resolvePageDomHit","message":"dom hit resolved","data":{"clientX":433,"clientY":400.5,"method":"rect","hitKind":null},"timestamp":1787926547505,"hypothesisId":"B","runId":"ipad-fix2"}
{"sessionId":"6c5c15","location":"pageInkDom.ts:resolvePageDomHit","message":"dom hit resolved","data":{"clientX":436,"clientY":398.5,"method":"rect","hitKind":null},"timestamp":1787926547514,"hypothesisId":"B","runId":"ipad-fix2"}
{"sessionId":"6c5c15","location":"pageInkDom.ts:resolvePageDomHit","message":"dom hit resolved","data":{"clientX":439.5,"clientY":396.5,"method":"rect","hitKind":null},"timestamp":1787926547522,"hypothesisId":"B","runId":"ipad-fix2"}
{"sessionId":"6c5c15","location":"pageInkDom.ts:resolvePageDomHit","message":"dom hit resolved","data":{"clientX":443,"clientY":394.5,"method":"rect","hitKind":null},"timestamp":1787926547531,"hypothesisId":"B","runId":"ipad-fix2"}
{"sessionId":"6c5c15","location":"pageInkDom.ts:resolvePageDomHit","message":"dom hit resolved","data":{"clientX":446,"clientY":392,"method":"rect","hitKind":null},"timestamp":1787926547539,"hypothesisId":"B","runId":"ipad-fix2"}
{"sessionId":"6c5c15","location":"pageInkDom.ts:resolvePageDomHit","message":"dom hit resolved","data":{"clientX":224.5,"clientY":585,"method":"rect","hitKind":"page","pageId":"7f5bf69a-2d2c-446d-9fdf-f9c07729cb09","localX":706.6113859737436,"localY":765.4744384970462},"timestamp":1787926547547,"hypothesisId":"B","runId":"ipad-fix2"}
{"sessionId":"6c5c15","location":"pageInkDom.ts:resolvePageDomHit","message":"dom hit resolved","data":{"clientX":449.5,"clientY":389.5,"method":"rect","hitKind":null},"timestamp":1787926547548,"hypothesisId":"B","runId":"ipad-fix2"}
{"sessionId":"6c5c15","location":"pageInkDom.ts:resolvePageDomHit","message":"dom hit resolved","data":{"clientX":224.5,"clientY":585.5,"method":"rect","hitKind":"page","pageId":"7f5bf69a-2d2c-446d-9fdf-f9c07729cb09","localX":711.5914743184397,"localY":762.5563789727338},"timestamp":1787926547556,"hypothesisId":"B","runId":"ipad-fix2"}
{"sessionId":"6c5c15","location":"pageInkDom.ts:resolvePageDomHit","message":"dom hit resolved","data":{"clientX":452.5,"clientY":388,"method":"rect","hitKind":null},"timestamp":1787926547556,"hypothesisId":"B","runId":"ipad-fix2"}
{"sessionId":"6c5c15","location":"pageInkDom.ts:resolvePageDomHit","message":"dom hit resolved","data":{"clientX":455.5,"clientY":386,"method":"rect","hitKind":null},"timestamp":1787926547564,"hypothesisId":"B","runId":"ipad-fix2"}
{"sessionId":"6c5c15","location":"pageInkDom.ts:resolvePageDomHit","message":"dom hit resolved","data":{"clientX":458,"clientY":384.5,"method":"rect","hitKind":null},"timestamp":1787926547575,"hypothesisId":"B","runId":"ipad-fix2"}
{"sessionId":"6c5c15","location":"pageInkDom.ts:resolvePageDomHit","message":"dom hit resolved","data":{"clientX":224.5,"clientY":586,"method":"rect","hitKind":"page","pageId":"7f5bf69a-2d2c-446d-9fdf-f9c07729cb09","localX":722.1667580412334,"localY":754.785009237152},"timestamp":1787926547581,"hypothesisId":"B","runId":"ipad-fix2"}
{"sessionId":"6c5c15","location":"pageInkDom.ts:resolvePageDomHit","message":"dom hit resolved","data":{"clientX":460,"clientY":383.5,"method":"rect","hitKind":null},"timestamp":1787926547581,"hypothesisId":"B","runId":"ipad-fix2"}
{"sessionId":"6c5c15","location":"pageInkDom.ts:resolvePageDomHit","message":"dom hit resolved","data":{"clientX":461.5,"clientY":382.5,"method":"rect","hitKind":null},"timestamp":1787926547589,"hypothesisId":"B","runId":"ipad-fix2"}
{"sessionId":"6c5c15","location":"pageInkDom.ts:resolvePageDomHit","message":"dom hit resolved","data":{"clientX":462.5,"clientY":381.5,"method":"rect","hitKind":null},"timestamp":1787926547597,"hypothesisId":"B","runId":"ipad-fix2"}
{"sessionId":"6c5c15","location":"pageInkDom.ts:resolvePageDomHit","message":"dom hit resolved","data":{"clientX":463,"clientY":381,"method":"rect","hitKind":null},"timestamp":1787926547606,"hypothesisId":"B","runId":"ipad-fix2"}
{"sessionId":"6c5c15","location":"pageInkDom.ts:resolvePageDomHit","message":"dom hit resolved","data":{"clientX":463.5,"clientY":380,"method":"rect","hitKind":null},"timestamp":1787926547614,"hypothesisId":"B","runId":"ipad-fix2"}
{"sessionId":"6c5c15","location":"pageInkDom.ts:resolvePageDomHit","message":"dom hit resolved","data":{"clientX":464,"clientY":379.5,"method":"rect","hitKind":null},"timestamp":1787926547622,"hypothesisId":"B","runId":"ipad-fix2"}
{"sessionId":"6c5c15","location":"pageInkDom.ts:resolvePageDomHit","message":"dom hit resolved","data":{"clientX":464.5,"clientY":379,"method":"rect","hitKind":null},"timestamp":1787926547631,"hypothesisId":"B","runId":"ipad-fix2"}
{"sessionId":"6c5c15","location":"pageInkDom.ts:resolvePageDomHit","message":"dom hit resolved","data":{"clientX":464.5,"clientY":378,"method":"rect","hitKind":null},"timestamp":1787926547639,"hypothesisId":"B","runId":"ipad-fix2"}
{"sessionId":"6c5c15","location":"pageInkDom.ts:resolvePageDomHit","message":"dom hit resolved","data":{"clientX":464.5,"clientY":377.5,"method":"rect","hitKind":null},"timestamp":1787926547647,"hypothesisId":"B","runId":"ipad-fix2"}
{"sessionId":"6c5c15","location":"pageInkDom.ts:resolvePageDomHit","message":"dom hit resolved","data":{"clientX":464.5,"clientY":377,"method":"rect","hitKind":null},"timestamp":1787926547656,"hypothesisId":"B","runId":"ipad-fix2"}
{"sessionId":"6c5c15","location":"pageInkDom.ts:resolvePageDomHit","message":"dom hit resolved","data":{"clientX":464.5,"clientY":376.5,"method":"rect","hitKind":null},"timestamp":1787926547664,"hypothesisId":"B","runId":"ipad-fix2"}
{"sessionId":"6c5c15","location":"pageInkDom.ts:resolvePageDomHit","message":"dom hit resolved","data":{"clientX":464.5,"clientY":376,"method":"rect","hitKind":null},"timestamp":1787926547672,"hypothesisId":"B","runId":"ipad-fix2"}
{"sessionId":"6c5c15","location":"pageInkDom.ts:resolvePageDomHit","message":"dom hit resolved","data":{"clientX":464.5,"clientY":375,"method":"rect","hitKind":null},"timestamp":1787926547681,"hypothesisId":"B","runId":"ipad-fix2"}
{"sessionId":"6c5c15","location":"pageInkDom.ts:resolvePageDomHit","message":"dom hit resolved","data":{"clientX":465,"clientY":375,"method":"rect","hitKind":null},"timestamp":1787926547689,"hypothesisId":"B","runId":"ipad-fix2"}
{"sessionId":"6c5c15","location":"pageInkDom.ts:resolvePageDomHit","message":"dom hit resolved","data":{"clientX":465,"clientY":374,"method":"rect","hitKind":null},"timestamp":1787926547697,"hypothesisId":"B","runId":"ipad-fix2"}
{"sessionId":"6c5c15","location":"pageInkDom.ts:resolvePageDomHit","message":"dom hit resolved","data":{"clientX":465.5,"clientY":373,"method":"rect","hitKind":null},"timestamp":1787926547706,"hypothesisId":"B","runId":"ipad-fix2"}
{"sessionId":"6c5c15","location":"pageInkDom.ts:resolvePageDomHit","message":"dom hit resolved","data":{"clientX":466,"clientY":372.5,"method":"rect","hitKind":null},"timestamp":1787926547714,"hypothesisId":"B","runId":"ipad-fix2"}
{"sessionId":"6c5c15","location":"pageInkDom.ts:resolvePageDomHit","message":"dom hit resolved","data":{"clientX":466.5,"clientY":371.5,"method":"rect","hitKind":null},"timestamp":1787926547722,"hypothesisId":"B","runId":"ipad-fix2"}
{"sessionId":"6c5c15","location":"pageInkDom.ts:resolvePageDomHit","message":"dom hit resolved","data":{"clientX":467,"clientY":370.5,"method":"rect","hitKind":null},"timestamp":1787926547731,"hypothesisId":"B","runId":"ipad-fix2"}
{"sessionId":"6c5c15","location":"pageInkDom.ts:resolvePageDomHit","message":"dom hit resolved","data":{"clientX":468,"clientY":369.5,"method":"rect","hitKind":null},"timestamp":1787926547739,"hypothesisId":"B","runId":"ipad-fix2"}
{"sessionId":"6c5c15","location":"pageInkDom.ts:resolvePageDomHit","message":"dom hit resolved","data":{"clientX":469,"clientY":368.5,"method":"rect","hitKind":null},"timestamp":1787926547747,"hypothesisId":"B","runId":"ipad-fix2"}
{"sessionId":"6c5c15","location":"pageInkDom.ts:resolvePageDomHit","message":"dom hit resolved","data":{"clientX":469.5,"clientY":367.5,"method":"rect","hitKind":null},"timestamp":1787926547756,"hypothesisId":"B","runId":"ipad-fix2"}
{"sessionId":"6c5c15","location":"pageInkDom.ts:resolvePageDomHit","message":"dom hit resolved","data":{"clientX":471,"clientY":367,"method":"rect","hitKind":null},"timestamp":1787926547764,"hypothesisId":"B","runId":"ipad-fix2"}
{"sessionId":"6c5c15","location":"pageInkDom.ts:resolvePageDomHit","message":"dom hit resolved","data":{"clientX":472,"clientY":366,"method":"rect","hitKind":null},"timestamp":1787926547773,"hypothesisId":"B","runId":"ipad-fix2"}
{"sessionId":"6c5c15","location":"pageInkDom.ts:resolvePageDomHit","message":"dom hit resolved","data":{"clientX":473,"clientY":365,"method":"rect","hitKind":null},"timestamp":1787926547781,"hypothesisId":"B","runId":"ipad-fix2"}
{"sessionId":"6c5c15","location":"pageInkDom.ts:resolvePageDomHit","message":"dom hit resolved","data":{"clientX":474,"clientY":364.5,"method":"rect","hitKind":null},"timestamp":1787926547789,"hypothesisId":"B","runId":"ipad-fix2"}
{"sessionId":"6c5c15","location":"pageInkDom.ts:resolvePageDomHit","message":"dom hit resolved","data":{"clientX":474.5,"clientY":364,"method":"rect","hitKind":null},"timestamp":1787926547797,"hypothesisId":"B","runId":"ipad-fix2"}
{"sessionId":"6c5c15","location":"pageInkDom.ts:resolvePageDomHit","message":"dom hit resolved","data":{"clientX":476,"clientY":363,"method":"rect","hitKind":null},"timestamp":1787926547806,"hypothesisId":"B","runId":"ipad-fix2"}
{"sessionId":"6c5c15","location":"pageInkDom.ts:resolvePageDomHit","message":"dom hit resolved","data":{"clientX":476.5,"clientY":362.5,"method":"rect","hitKind":null},"timestamp":1787926547814,"hypothesisId":"B","runId":"ipad-fix2"}
{"sessionId":"6c5c15","location":"pageInkDom.ts:resolvePageDomHit","message":"dom hit resolved","data":{"clientX":478,"clientY":361.5,"method":"rect","hitKind":null},"timestamp":1787926547823,"hypothesisId":"B","runId":"ipad-fix2"}
{"sessionId":"6c5c15","location":"pageInkDom.ts:resolvePageDomHit","message":"dom hit resolved","data":{"clientX":479,"clientY":360,"method":"rect","hitKind":null},"timestamp":1787926547831,"hypothesisId":"B","runId":"ipad-fix2"}
{"sessionId":"6c5c15","location":"pageInkDom.ts:resolvePageDomHit","message":"dom hit resolved","data":{"clientX":481,"clientY":359,"method":"rect","hitKind":null},"timestamp":1787926547839,"hypothesisId":"B","runId":"ipad-fix2"}
{"sessionId":"6c5c15","location":"pageInkDom.ts:resolvePageDomHit","message":"dom hit resolved","data":{"clientX":482,"clientY":358,"method":"rect","hitKind":null},"timestamp":1787926547847,"hypothesisId":"B","runId":"ipad-fix2"}
{"sessionId":"6c5c15","location":"pageInkDom.ts:resolvePageDomHit","message":"dom hit resolved","data":{"clientX":483.5,"clientY":356.5,"method":"rect","hitKind":null},"timestamp":1787926547856,"hypothesisId":"B","runId":"ipad-fix2"}
{"sessionId":"6c5c15","location":"pageInkDom.ts:resolvePageDomHit","message":"dom hit resolved","data":{"clientX":484.5,"clientY":355.5,"method":"rect","hitKind":null},"timestamp":1787926547864,"hypothesisId":"B","runId":"ipad-fix2"}
{"sessionId":"6c5c15","location":"pageInkDom.ts:resolvePageDomHit","message":"dom hit resolved","data":{"clientX":485.5,"clientY":355,"method":"rect","hitKind":null},"timestamp":1787926547872,"hypothesisId":"B","runId":"ipad-fix2"}
{"sessionId":"6c5c15","location":"pageInkDom.ts:resolvePageDomHit","message":"dom hit resolved","data":{"clientX":486,"clientY":353.5,"method":"rect","hitKind":null},"timestamp":1787926547881,"hypothesisId":"B","runId":"ipad-fix2"}
{"sessionId":"6c5c15","location":"pageInkDom.ts:resolvePageDomHit","message":"dom hit resolved","data":{"clientX":486.5,"clientY":353,"method":"rect","hitKind":null},"timestamp":1787926547889,"hypothesisId":"B","runId":"ipad-fix2"}
{"sessionId":"6c5c15","location":"pageInkDom.ts:resolvePageDomHit","message":"dom hit resolved","data":{"clientX":486.5,"clientY":352.5,"method":"rect","hitKind":null},"timestamp":1787926547897,"hypothesisId":"B","runId":"ipad-fix2"}
{"sessionId":"6c5c15","location":"pageInkDom.ts:resolvePageDomHit","message":"dom hit resolved","data":{"clientX":486.5,"clientY":352,"method":"rect","hitKind":null},"timestamp":1787926547906,"hypothesisId":"B","runId":"ipad-fix2"}
{"sessionId":"6c5c15","location":"pageInkDom.ts:resolvePageDomHit","message":"dom hit resolved","data":{"clientX":486.5,"clientY":351.5,"method":"rect","hitKind":null},"timestamp":1787926547914,"hypothesisId":"B","runId":"ipad-fix2"}
{"sessionId":"6c5c15","location":"pageInkDom.ts:resolvePageDomHit","message":"dom hit resolved","data":{"clientX":226,"clientY":583.5,"method":"rect","hitKind":"page","pageId":"7f5bf69a-2d2c-446d-9fdf-f9c07729cb09","localX":767.4873304648083,"localY":712.0658139987479},"timestamp":1787926547922,"hypothesisId":"B","runId":"ipad-fix2"}
{"sessionId":"6c5c15","location":"pageInkDom.ts:resolvePageDomHit","message":"dom hit resolved","data":{"clientX":486.5,"clientY":351,"method":"rect","hitKind":null},"timestamp":1787926547923,"hypothesisId":"B","runId":"ipad-fix2"}
{"sessionId":"6c5c15","location":"pageInkDom.ts:resolvePageDomHit","message":"dom hit resolved","data":{"clientX":231,"clientY":577.5,"method":"rect","hitKind":"page","pageId":"7f5bf69a-2d2c-446d-9fdf-f9c07729cb09","localX":777.3316975856386,"localY":699.5809573330523},"timestamp":1787926547931,"hypothesisId":"B","runId":"ipad-fix2"}
{"sessionId":"6c5c15","location":"pageInkDom.ts:resolvePageDomHit","message":"dom hit resolved","data":{"clientX":486.5,"clientY":350.5,"method":"rect","hitKind":null},"timestamp":1787926547931,"hypothesisId":"B","runId":"ipad-fix2"}
{"sessionId":"6c5c15","location":"pageInkDom.ts:resolvePageDomHit","message":"dom hit resolved","data":{"clientX":235.5,"clientY":572,"method":"rect","hitKind":"page","pageId":"7f5bf69a-2d2c-446d-9fdf-f9c07729cb09","localX":781.7447842816741,"localY":691.9685848277245},"timestamp":1787926547939,"hypothesisId":"B","runId":"ipad-fix2"}
{"sessionId":"6c5c15","location":"pageInkDom.ts:resolvePageDomHit","message":"dom hit resolved","data":{"clientX":241.5,"clientY":564.5,"method":"rect","hitKind":"page","pageId":"7f5bf69a-2d2c-446d-9fdf-f9c07729cb09","localX":790.6278134799165,"localY":678.6015392776634},"timestamp":1787926547948,"hypothesisId":"B","runId":"ipad-fix2"}
{"sessionId":"6c5c15","location":"pageInkDom.ts:resolvePageDomHit","message":"dom hit resolved","data":{"clientX":486.5,"clientY":350,"method":"rect","hitKind":null},"timestamp":1787926547948,"hypothesisId":"B","runId":"ipad-fix2"}
{"sessionId":"6c5c15","location":"pageInkDom.ts:resolvePageDomHit","message":"dom hit resolved","data":{"clientX":247.5,"clientY":557.5,"method":"rect","hitKind":"page","pageId":"7f5bf69a-2d2c-446d-9fdf-f9c07729cb09","localX":791.1906341212997,"localY":673.5123637913215},"timestamp":1787926547956,"hypothesisId":"B","runId":"ipad-fix2"}
{"sessionId":"6c5c15","location":"pageInkDom.ts:resolvePageDomHit","message":"dom hit resolved","data":{"clientX":486.5,"clientY":348.5,"method":"rect","hitKind":null},"timestamp":1787926547957,"hypothesisId":"B","runId":"ipad-fix2"}
{"sessionId":"6c5c15","location":"pageInkDom.ts:resolvePageDomHit","message":"dom hit resolved","data":{"clientX":252.5,"clientY":552,"method":"rect","hitKind":"page","pageId":"7f5bf69a-2d2c-446d-9fdf-f9c07729cb09","localX":796.6249961739863,"localY":665.7171597873919},"timestamp":1787926547964,"hypothesisId":"B","runId":"ipad-fix2"}
{"sessionId":"6c5c15","location":"pageInkDom.ts:resolvePageDomHit","message":"dom hit resolved","data":{"clientX":488.5,"clientY":346,"method":"rect","hitKind":null},"timestamp":1787926547965,"hypothesisId":"B","runId":"ipad-fix2"}
{"sessionId":"6c5c15","location":"pageInkDom.ts:resolvePageDomHit","message":"dom hit resolved","data":{"clientX":258.5,"clientY":544.5,"method":"rect","hitKind":"page","pageId":"7f5bf69a-2d2c-446d-9fdf-f9c07729cb09","localX":808.7322567640545,"localY":648.9603857290389},"timestamp":1787926547973,"hypothesisId":"B","runId":"ipad-fix2"}
{"sessionId":"6c5c15","location":"pageInkDom.ts:resolvePageDomHit","message":"dom hit resolved","data":{"clientX":496.5,"clientY":341,"method":"rect","hitKind":null},"timestamp":1787926547973,"hypothesisId":"B","runId":"ipad-fix2"}
{"sessionId":"6c5c15","location":"pageInkDom.ts:resolvePageDomHit","message":"dom hit resolved","data":{"clientX":264.5,"clientY":537.5,"method":"rect","hitKind":"page","pageId":"7f5bf69a-2d2c-446d-9fdf-f9c07729cb09","localX":825.0230978330829,"localY":629.9151859398389},"timestamp":1787926547981,"hypothesisId":"B","runId":"ipad-fix2"}
{"sessionId":"6c5c15","location":"pageInkDom.ts:resolvePageDomHit","message":"dom hit resolved","data":{"clientX":506,"clientY":336,"method":"rect","hitKind":null},"timestamp":1787926547981,"hypothesisId":"B","runId":"ipad-fix2"}
{"sessionId":"6c5c15","location":"pageInkDom.ts:resolvePageDomHit","message":"dom hit resolved","data":{"clientX":271,"clientY":529.5,"method":"rect","hitKind":"page","pageId":"7f5bf69a-2d2c-446d-9fdf-f9c07729cb09","localX":844.1824590499526,"localY":606.9104808853327},"timestamp":1787926547989,"hypothesisId":"B","runId":"ipad-fix2"}
{"sessionId":"6c5c15","location":"pageInkDom.ts:resolvePageDomHit","message":"dom hit resolved","data":{"clientX":516,"clientY":331,"method":"rect","hitKind":null},"timestamp":1787926547990,"hypothesisId":"B","runId":"ipad-fix2"}
{"sessionId":"6c5c15","location":"pageInkDom.ts:resolvePageDomHit","message":"dom hit resolved","data":{"clientX":526,"clientY":325.5,"method":"rect","hitKind":null},"timestamp":1787926547998,"hypothesisId":"B","runId":"ipad-fix2"}
{"sessionId":"6c5c15","location":"pageInkDom.ts:resolvePageDomHit","message":"dom hit resolved","data":{"clientX":278.5,"clientY":522,"method":"rect","hitKind":"page","pageId":"7f5bf69a-2d2c-446d-9fdf-f9c07729cb09","localX":865.405910943629,"localY":585.8474081225156},"timestamp":1787926547998,"hypothesisId":"B","runId":"ipad-fix2"}
{"sessionId":"6c5c15","location":"pageInkDom.ts:resolvePageDomHit","message":"dom hit resolved","data":{"clientX":285,"clientY":514,"method":"rect","hitKind":"page","pageId":"7f5bf69a-2d2c-446d-9fdf-f9c07729cb09","localX":883.7720026131308,"localY":563.5678108504486},"timestamp":1787926548006,"hypothesisId":"B","runId":"ipad-fix2"}
{"sessionId":"6c5c15","location":"pageInkDom.ts:resolvePageDomHit","message":"dom hit resolved","data":{"clientX":536.5,"clientY":320.5,"method":"rect","hitKind":null},"timestamp":1787926548007,"hypothesisId":"B","runId":"ipad-fix2"}
{"sessionId":"6c5c15","location":"pageInkDom.ts:resolvePageDomHit","message":"dom hit resolved","data":{"clientX":292.5,"clientY":506.5,"method":"rect","hitKind":"page","pageId":"7f5bf69a-2d2c-446d-9fdf-f9c07729cb09","localX":905.4232143289976,"localY":542.2396773736374},"timestamp":1787926548014,"hypothesisId":"B","runId":"ipad-fix2"}
{"sessionId":"6c5c15","location":"pageInkDom.ts:resolvePageDomHit","message":"dom hit resolved","data":{"clientX":546,"clientY":315,"method":"rect","hitKind":null},"timestamp":1787926548015,"hypothesisId":"B","runId":"ipad-fix2"}
{"sessionId":"6c5c15","location":"useEditorController.tsx:textTapUp","message":"text tap up","data":{"pointerType":"touch","hasPending":false,"dist":218.17882573705452},"timestamp":1787926548023,"hypothesisId":"A,E","runId":"post-fix2"}
{"sessionId":"6c5c15","location":"pageInkDom.ts:resolvePageDomHit","message":"dom hit resolved","data":{"clientX":556,"clientY":308.5,"method":"rect","hitKind":null},"timestamp":1787926548023,"hypothesisId":"B","runId":"ipad-fix2"}
{"sessionId":"6c5c15","location":"pageInkDom.ts:resolvePageDomHit","message":"dom hit resolved","data":{"clientX":299.5,"clientY":499.5,"method":"rect","hitKind":"page","pageId":"7f5bf69a-2d2c-446d-9fdf-f9c07729cb09","localX":924.707898208585,"localY":523.0546388834911},"timestamp":1787926548024,"hypothesisId":"B","runId":"ipad-fix2"}
{"sessionId":"6c5c15","location":"pageInkDom.ts:resolvePageDomHit","message":"dom hit resolved","data":{"clientX":306.5,"clientY":492.5,"method":"rect","hitKind":"page","pageId":"7f5bf69a-2d2c-446d-9fdf-f9c07729cb09","localX":924.707898208585,"localY":523.0546388834911},"timestamp":1787926548031,"hypothesisId":"B","runId":"ipad-fix2"}
{"sessionId":"6c5c15","location":"pageInkDom.ts:resolvePageDomHit","message":"dom hit resolved","data":{"clientX":312,"clientY":487,"method":"rect","hitKind":"page","pageId":"7f5bf69a-2d2c-446d-9fdf-f9c07729cb09","localX":920.6627040103763,"localY":527.099827742142},"timestamp":1787926548039,"hypothesisId":"B","runId":"ipad-fix2"}
{"sessionId":"6c5c15","location":"pageInkDom.ts:resolvePageDomHit","message":"dom hit resolved","data":{"clientX":318,"clientY":482,"method":"rect","hitKind":"page","pageId":"7f5bf69a-2d2c-446d-9fdf-f9c07729cb09","localX":922.0111003618713,"localY":528.4482240283592},"timestamp":1787926548048,"hypothesisId":"B","runId":"ipad-fix2"}
{"sessionId":"6c5c15","location":"pageInkDom.ts:resolvePageDomHit","message":"dom hit resolved","data":{"clientX":322.5,"clientY":477.5,"method":"rect","hitKind":"page","pageId":"7f5bf69a-2d2c-446d-9fdf-f9c07729cb09","localX":917.9659113073864,"localY":529.7966203145761},"timestamp":1787926548056,"hypothesisId":"B","runId":"ipad-fix2"}
{"sessionId":"6c5c15","location":"pageInkDom.ts:resolvePageDomHit","message":"dom hit resolved","data":{"clientX":327,"clientY":473.5,"method":"rect","hitKind":"page","pageId":"7f5bf69a-2d2c-446d-9fdf-f9c07729cb09","localX":917.9659113073864,"localY":531.1450166007932},"timestamp":1787926548064,"hypothesisId":"B","runId":"ipad-fix2"}
{"sessionId":"6c5c15","location":"pageInkDom.ts:resolvePageDomHit","message":"dom hit resolved","data":{"clientX":330,"clientY":469.5,"method":"rect","hitKind":"page","pageId":"7f5bf69a-2d2c-446d-9fdf-f9c07729cb09","localX":913.9207222529017,"localY":531.1450166007932},"timestamp":1787926548073,"hypothesisId":"B","runId":"ipad-fix2"}
{"sessionId":"6c5c15","location":"pageInkDom.ts:resolvePageDomHit","message":"dom hit resolved","data":{"clientX":333,"clientY":467,"method":"rect","hitKind":"page","pageId":"7f5bf69a-2d2c-446d-9fdf-f9c07729cb09","localX":913.9207235388326,"localY":535.1902054594441},"timestamp":1787926548081,"hypothesisId":"B","runId":"ipad-fix2"}
{"sessionId":"6c5c15","location":"pageInkDom.ts:resolvePageDomHit","message":"dom hit resolved","data":{"clientX":335.5,"clientY":465,"method":"rect","hitKind":"page","pageId":"7f5bf69a-2d2c-446d-9fdf-f9c07729cb09","localX":912.5723265443722,"localY":536.5386017456613},"timestamp":1787926548089,"hypothesisId":"B","runId":"ipad-fix2"}
{"sessionId":"6c5c15","location":"pageInkDom.ts:resolvePageDomHit","message":"dom hit resolved","data":{"clientX":337.5,"clientY":463,"method":"rect","hitKind":"page","pageId":"7f5bf69a-2d2c-446d-9fdf-f9c07729cb09","localX":911.2239303536187,"localY":536.5386017456613},"timestamp":1787926548098,"hypothesisId":"B","runId":"ipad-fix2"}
{"sessionId":"6c5c15","location":"pageInkDom.ts:resolvePageDomHit","message":"dom hit resolved","data":{"clientX":339.5,"clientY":461.5,"method":"rect","hitKind":"page","pageId":"7f5bf69a-2d2c-446d-9fdf-f9c07729cb09","localX":911.2239305143601,"localY":537.8869980318782},"timestamp":1787926548106,"hypothesisId":"B","runId":"ipad-fix2"}
{"sessionId":"6c5c15","location":"pageInkDom.ts:resolvePageDomHit","message":"dom hit resolved","data":{"clientX":340,"clientY":460,"method":"rect","hitKind":"page","pageId":"7f5bf69a-2d2c-446d-9fdf-f9c07729cb09","localX":907.1787411383925,"localY":537.8869980318782},"timestamp":1787926548114,"hypothesisId":"B","runId":"ipad-fix2"}
{"sessionId":"6c5c15","location":"pageInkDom.ts:resolvePageDomHit","message":"dom hit resolved","data":{"clientX":341.5,"clientY":459.5,"method":"rect","hitKind":"page","pageId":"7f5bf69a-2d2c-446d-9fdf-f9c07729cb09","localX":909.8755139094524,"localY":540.5837906043122},"timestamp":1787926548123,"hypothesisId":"B","runId":"ipad-fix2"}
{"sessionId":"6c5c15","location":"pageInkDom.ts:resolvePageDomHit","message":"dom hit resolved","data":{"clientX":342,"clientY":458.5,"method":"rect","hitKind":"page","pageId":"7f5bf69a-2d2c-446d-9fdf-f9c07729cb09","localX":907.1787212064626,"localY":539.2353943180952},"timestamp":1787926548131,"hypothesisId":"B","runId":"ipad-fix2"}
{"sessionId":"6c5c15","location":"pageInkDom.ts:resolvePageDomHit","message":"dom hit resolved","data":{"clientX":342,"clientY":457.5,"method":"rect","hitKind":"page","pageId":"7f5bf69a-2d2c-446d-9fdf-f9c07729cb09","localX":905.8303248549676,"localY":539.2353943180952},"timestamp":1787926548139,"hypothesisId":"B","runId":"ipad-fix2"}
{"sessionId":"6c5c15","location":"pageInkDom.ts:resolvePageDomHit","message":"dom hit resolved","data":{"clientX":342.5,"clientY":457,"method":"rect","hitKind":"page","pageId":"7f5bf69a-2d2c-446d-9fdf-f9c07729cb09","localX":907.1787212064626,"localY":540.5837906043122},"timestamp":1787926548148,"hypothesisId":"B","runId":"ipad-fix2"}
{"sessionId":"6c5c15","location":"pageInkDom.ts:resolvePageDomHit","message":"dom hit resolved","data":{"clientX":342.5,"clientY":456.5,"method":"rect","hitKind":"page","pageId":"7f5bf69a-2d2c-446d-9fdf-f9c07729cb09","localX":905.8303248549676,"localY":540.5837906043122},"timestamp":1787926548156,"hypothesisId":"B","runId":"ipad-fix2"}
{"sessionId":"6c5c15","location":"pageInkDom.ts:resolvePageDomHit","message":"dom hit resolved","data":{"clientX":342.5,"clientY":456,"method":"rect","hitKind":"page","pageId":"7f5bf69a-2d2c-446d-9fdf-f9c07729cb09","localX":905.8303248549676,"localY":540.5837494545233},"timestamp":1787926548164,"hypothesisId":"B","runId":"ipad-fix2"}
{"sessionId":"6c5c15","location":"pageInkDom.ts:resolvePageDomHit","message":"dom hit resolved","data":{"clientX":341,"clientY":456,"method":"rect","hitKind":"page","pageId":"7f5bf69a-2d2c-446d-9fdf-f9c07729cb09","localX":901.7851358004829,"localY":541.9321457407402},"timestamp":1787926548273,"hypothesisId":"B","runId":"ipad-fix2"}
{"sessionId":"6c5c15","location":"pageInkDom.ts:resolvePageDomHit","message":"dom hit resolved","data":{"clientX":337.5,"clientY":457.5,"method":"rect","hitKind":"page","pageId":"7f5bf69a-2d2c-446d-9fdf-f9c07729cb09","localX":896.3915503945032,"localY":545.9773345993914},"timestamp":1787926548281,"hypothesisId":"B","runId":"ipad-fix2"}
{"sessionId":"6c5c15","location":"useEditorController.tsx:textTapDown","message":"global pointerdown","data":{"pointerType":"touch","tracked":true},"timestamp":1787926548425,"hypothesisId":"A","runId":"post-fix"}
{"sessionId":"6c5c15","location":"pageInkDom.ts:resolvePageDomHit","message":"dom hit resolved","data":{"clientX":341.5,"clientY":452.5,"method":"rect","hitKind":"page","pageId":"7f5bf69a-2d2c-446d-9fdf-f9c07729cb09","localX":907.1787212064626,"localY":532.4933717372211},"timestamp":1787926548426,"hypothesisId":"B","runId":"ipad-fix2"}
{"sessionId":"6c5c15","location":"pageInkDom.ts:resolvePageDomHit","message":"dom hit resolved","data":{"clientX":344.5,"clientY":447.5,"method":"rect","hitKind":"page","pageId":"7f5bf69a-2d2c-446d-9fdf-f9c07729cb09","localX":915.2690993154321,"localY":519.0094088750509},"timestamp":1787926548456,"hypothesisId":"B","runId":"ipad-fix2"}
{"sessionId":"6c5c15","location":"pageInkDom.ts:resolvePageDomHit","message":"dom hit resolved","data":{"clientX":344.5,"clientY":447.5,"method":"rect","hitKind":"page","pageId":"7f5bf69a-2d2c-446d-9fdf-f9c07729cb09","localX":915.2690993154321,"localY":519.0094088750509},"timestamp":1787926548457,"hypothesisId":"B","runId":"ipad-fix2"}
{"sessionId":"6c5c15","location":"pageInkDom.ts:resolvePageDomHit","message":"dom hit resolved","data":{"clientX":348,"clientY":445,"method":"rect","hitKind":"page","pageId":"7f5bf69a-2d2c-446d-9fdf-f9c07729cb09","localX":924.7078737758966,"localY":512.2674274439659},"timestamp":1787926548464,"hypothesisId":"B","runId":"ipad-fix2"}
{"sessionId":"6c5c15","location":"pageInkDom.ts:resolvePageDomHit","message":"dom hit resolved","data":{"clientX":352.5,"clientY":441,"method":"rect","hitKind":"page","pageId":"7f5bf69a-2d2c-446d-9fdf-f9c07729cb09","localX":936.843440939351,"localY":501.4802571542297},"timestamp":1787926548473,"hypothesisId":"B","runId":"ipad-fix2"}
{"sessionId":"6c5c15","location":"pageInkDom.ts:resolvePageDomHit","message":"dom hit resolved","data":{"clientX":357.5,"clientY":437.5,"method":"rect","hitKind":"page","pageId":"7f5bf69a-2d2c-446d-9fdf-f9c07729cb09","localX":920.6626834354809,"localY":523.054597733702},"timestamp":1787926548481,"hypothesisId":"B","runId":"ipad-fix2"}
{"sessionId":"6c5c15","location":"pageInkDom.ts:resolvePageDomHit","message":"dom hit resolved","data":{"clientX":363,"clientY":433,"method":"rect","hitKind":"page","pageId":"7f5bf69a-2d2c-446d-9fdf-f9c07729cb09","localX":922.0110797869758,"localY":520.357805161268},"timestamp":1787926548489,"hypothesisId":"B","runId":"ipad-fix2"}
{"sessionId":"6c5c15","location":"pageInkDom.ts:resolvePageDomHit","message":"dom hit resolved","data":{"clientX":369,"clientY":428,"method":"rect","hitKind":"page","pageId":"7f5bf69a-2d2c-446d-9fdf-f9c07729cb09","localX":923.3594761384708,"localY":519.0094088750509},"timestamp":1787926548498,"hypothesisId":"B","runId":"ipad-fix2"}
{"sessionId":"6c5c15","location":"pageInkDom.ts:resolvePageDomHit","message":"dom hit resolved","data":{"clientX":387.5,"clientY":412.5,"method":"rect","hitKind":"page","pageId":"7f5bf69a-2d2c-446d-9fdf-f9c07729cb09","localX":924.7078776336895,"localY":517.661012588834},"timestamp":1787926548523,"hypothesisId":"B","runId":"ipad-fix2"}
{"sessionId":"6c5c15","location":"pageInkDom.ts:resolvePageDomHit","message":"dom hit resolved","data":{"clientX":375,"clientY":423,"method":"rect","hitKind":"page","pageId":"7f5bf69a-2d2c-446d-9fdf-f9c07729cb09","localX":923.3594812821946,"localY":519.0094088750509},"timestamp":1787926548506,"hypothesisId":"B","runId":"ipad-fix2"}
{"sessionId":"6c5c15","location":"pageInkDom.ts:resolvePageDomHit","message":"dom hit resolved","data":{"clientX":381,"clientY":418,"method":"rect","hitKind":"page","pageId":"7f5bf69a-2d2c-446d-9fdf-f9c07729cb09","localX":923.3594812821946,"localY":519.0094088750509},"timestamp":1787926548515,"hypothesisId":"B","runId":"ipad-fix2"}
{"sessionId":"6c5c15","location":"pageInkDom.ts:resolvePageDomHit","message":"dom hit resolved","data":{"clientX":393,"clientY":407,"method":"rect","hitKind":"page","pageId":"7f5bf69a-2d2c-446d-9fdf-f9c07729cb09","localX":922.0110849306996,"localY":517.661012588834},"timestamp":1787926548531,"hypothesisId":"B","runId":"ipad-fix2"}
{"sessionId":"6c5c15","location":"pageInkDom.ts:resolvePageDomHit","message":"dom hit resolved","data":{"clientX":399,"clientY":402,"method":"rect","hitKind":"page","pageId":"7f5bf69a-2d2c-446d-9fdf-f9c07729cb09","localX":923.3594812821946,"localY":519.0094088750509},"timestamp":1787926548540,"hypothesisId":"B","runId":"ipad-fix2"}
{"sessionId":"6c5c15","location":"pageInkDom.ts:resolvePageDomHit","message":"dom hit resolved","data":{"clientX":404.5,"clientY":397.5,"method":"rect","hitKind":"page","pageId":"7f5bf69a-2d2c-446d-9fdf-f9c07729cb09","localX":922.0110849306996,"localY":520.357805161268},"timestamp":1787926548548,"hypothesisId":"B","runId":"ipad-fix2"}
{"sessionId":"6c5c15","location":"pageInkDom.ts:resolvePageDomHit","message":"dom hit resolved","data":{"clientX":409.5,"clientY":393,"method":"rect","hitKind":"page","pageId":"7f5bf69a-2d2c-446d-9fdf-f9c07729cb09","localX":920.6626885792048,"localY":520.357805161268},"timestamp":1787926548556,"hypothesisId":"B","runId":"ipad-fix2"}
{"sessionId":"6c5c15","location":"pageInkDom.ts:resolvePageDomHit","message":"dom hit resolved","data":{"clientX":413,"clientY":389.5,"method":"rect","hitKind":"page","pageId":"7f5bf69a-2d2c-446d-9fdf-f9c07729cb09","localX":916.6174995247198,"localY":523.054597733702},"timestamp":1787926548564,"hypothesisId":"B","runId":"ipad-fix2"}
{"sessionId":"6c5c15","location":"pageInkDom.ts:resolvePageDomHit","message":"dom hit resolved","data":{"clientX":416.5,"clientY":386,"method":"rect","hitKind":"page","pageId":"7f5bf69a-2d2c-446d-9fdf-f9c07729cb09","localX":916.6174995247198,"localY":523.054597733702},"timestamp":1787926548573,"hypothesisId":"B","runId":"ipad-fix2"}
{"sessionId":"6c5c15","location":"pageInkDom.ts:resolvePageDomHit","message":"dom hit resolved","data":{"clientX":419.5,"clientY":383.5,"method":"rect","hitKind":"page","pageId":"7f5bf69a-2d2c-446d-9fdf-f9c07729cb09","localX":915.2691031732251,"localY":525.7514000611922},"timestamp":1787926548581,"hypothesisId":"B","runId":"ipad-fix2"}
{"sessionId":"6c5c15","location":"pageInkDom.ts:resolvePageDomHit","message":"dom hit resolved","data":{"clientX":422,"clientY":381.5,"method":"rect","hitKind":"page","pageId":"7f5bf69a-2d2c-446d-9fdf-f9c07729cb09","localX":913.92070682173,"localY":527.099796477965},"timestamp":1787926548589,"hypothesisId":"B","runId":"ipad-fix2"}
{"sessionId":"6c5c15","location":"pageInkDom.ts:resolvePageDomHit","message":"dom hit resolved","data":{"clientX":423.5,"clientY":379.5,"method":"rect","hitKind":"page","pageId":"7f5bf69a-2d2c-446d-9fdf-f9c07729cb09","localX":911.2239141187401,"localY":527.099796477965},"timestamp":1787926548598,"hypothesisId":"B","runId":"ipad-fix2"}
{"sessionId":"6c5c15","location":"pageInkDom.ts:resolvePageDomHit","message":"dom hit resolved","data":{"clientX":424,"clientY":379,"method":"rect","hitKind":"page","pageId":"7f5bf69a-2d2c-446d-9fdf-f9c07729cb09","localX":908.5271214157503,"localY":531.1449857282836},"timestamp":1787926548606,"hypothesisId":"B","runId":"ipad-fix2"}
{"sessionId":"6c5c15","location":"pageInkDom.ts:resolvePageDomHit","message":"dom hit resolved","data":{"clientX":424.5,"clientY":378,"method":"rect","hitKind":"page","pageId":"7f5bf69a-2d2c-446d-9fdf-f9c07729cb09","localX":908.5271214157503,"localY":529.7965893115107},"timestamp":1787926548615,"hypothesisId":"B","runId":"ipad-fix2"}
{"sessionId":"6c5c15","location":"pageInkDom.ts:resolvePageDomHit","message":"dom hit resolved","data":{"clientX":425,"clientY":377.5,"method":"rect","hitKind":"page","pageId":"7f5bf69a-2d2c-446d-9fdf-f9c07729cb09","localX":908.5271214157503,"localY":531.1449857282836},"timestamp":1787926548623,"hypothesisId":"B","runId":"ipad-fix2"}
{"sessionId":"6c5c15","location":"pageInkDom.ts:resolvePageDomHit","message":"dom hit resolved","data":{"clientX":425,"clientY":377,"method":"rect","hitKind":"page","pageId":"7f5bf69a-2d2c-446d-9fdf-f9c07729cb09","localX":907.1787250642554,"localY":531.1449857282836},"timestamp":1787926548673,"hypothesisId":"B","runId":"ipad-fix2"}
{"sessionId":"6c5c15","location":"pageInkDom.ts:resolvePageDomHit","message":"dom hit resolved","data":{"clientX":425,"clientY":376.5,"method":"rect","hitKind":"page","pageId":"7f5bf69a-2d2c-446d-9fdf-f9c07729cb09","localX":907.1787250642554,"localY":531.1449857282836},"timestamp":1787926548681,"hypothesisId":"B","runId":"ipad-fix2"}
{"sessionId":"6c5c15","location":"useEditorController.tsx:textTapUp","message":"text tap up","data":{"pointerType":"touch","hasPending":false,"dist":116.36257989577234},"timestamp":1787926548689,"hypothesisId":"A,E","runId":"post-fix2"}
{"sessionId":"6c5c15","location":"pageInkDom.ts:resolvePageDomHit","message":"dom hit resolved","data":{"clientX":426,"clientY":372.5,"method":"rect","hitKind":"page","pageId":"7f5bf69a-2d2c-446d-9fdf-f9c07729cb09","localX":909.8755177672452,"localY":521.7062108108737},"timestamp":1787926548690,"hypothesisId":"B","runId":"ipad-fix2"}
{"sessionId":"6c5c15","location":"useEditorController.tsx:textTapDown","message":"global pointerdown","data":{"pointerType":"touch","tracked":true},"timestamp":1787926549060,"hypothesisId":"A","runId":"post-fix"}
{"sessionId":"6c5c15","location":"pageInkDom.ts:resolvePageDomHit","message":"dom hit resolved","data":{"clientX":524,"clientY":194,"method":"rect","hitKind":"page","pageId":"7f5bf69a-2d2c-446d-9fdf-f9c07729cb09","localX":1174.1612026602518,"localY":40.32869002296643},"timestamp":1787926549060,"hypothesisId":"B","runId":"ipad-fix2"}
{"sessionId":"6c5c15","location":"pageInkDom.ts:resolvePageDomHit","message":"dom hit resolved","data":{"clientX":524,"clientY":199,"method":"rect","hitKind":"page","pageId":"7f5bf69a-2d2c-446d-9fdf-f9c07729cb09","localX":1174.1612026602518,"localY":53.812654190694914},"timestamp":1787926549182,"hypothesisId":"B","runId":"ipad-fix2"}
{"sessionId":"6c5c15","location":"pageInkDom.ts:resolvePageDomHit","message":"dom hit resolved","data":{"clientX":524,"clientY":199,"method":"rect","hitKind":"page","pageId":"7f5bf69a-2d2c-446d-9fdf-f9c07729cb09","localX":1174.1612026602518,"localY":53.812654190694914},"timestamp":1787926549182,"hypothesisId":"B","runId":"ipad-fix2"}
{"sessionId":"6c5c15","location":"pageInkDom.ts:resolvePageDomHit","message":"dom hit resolved","data":{"clientX":524,"clientY":202.5,"method":"rect","hitKind":"page","pageId":"7f5bf69a-2d2c-446d-9fdf-f9c07729cb09","localX":1174.1612026602518,"localY":63.25142910810486},"timestamp":1787926549198,"hypothesisId":"B","runId":"ipad-fix2"}
{"sessionId":"6c5c15","location":"pageInkDom.ts:resolvePageDomHit","message":"dom hit resolved","data":{"clientX":520.5,"clientY":209.5,"method":"rect","hitKind":"page","pageId":"7f5bf69a-2d2c-446d-9fdf-f9c07729cb09","localX":1164.7224281997871,"localY":82.12897894292475},"timestamp":1787926549215,"hypothesisId":"B","runId":"ipad-fix2"}
{"sessionId":"6c5c15","location":"pageInkDom.ts:resolvePageDomHit","message":"dom hit resolved","data":{"clientX":515.5,"clientY":217.5,"method":"rect","hitKind":"page","pageId":"7f5bf69a-2d2c-446d-9fdf-f9c07729cb09","localX":1160.6772391453023,"localY":61.903067847481644},"timestamp":1787926549223,"hypothesisId":"B","runId":"ipad-fix2"}
{"sessionId":"6c5c15","location":"pageInkDom.ts:resolvePageDomHit","message":"dom hit resolved","data":{"clientX":510.5,"clientY":225.5,"method":"rect","hitKind":"page","pageId":"7f5bf69a-2d2c-446d-9fdf-f9c07729cb09","localX":1160.6772391453023,"localY":61.903067847481644},"timestamp":1787926549231,"hypothesisId":"B","runId":"ipad-fix2"}
{"sessionId":"6c5c15","location":"pageInkDom.ts:resolvePageDomHit","message":"dom hit resolved","data":{"clientX":506.5,"clientY":232,"method":"rect","hitKind":"page","pageId":"7f5bf69a-2d2c-446d-9fdf-f9c07729cb09","localX":1163.3740318482924,"localY":57.85787898883059},"timestamp":1787926549240,"hypothesisId":"B","runId":"ipad-fix2"}
{"sessionId":"6c5c15","location":"pageInkDom.ts:resolvePageDomHit","message":"dom hit resolved","data":{"clientX":502,"clientY":238.5,"method":"rect","hitKind":"page","pageId":"7f5bf69a-2d2c-446d-9fdf-f9c07729cb09","localX":1162.0256354967973,"localY":57.85787898883059},"timestamp":1787926549248,"hypothesisId":"B","runId":"ipad-fix2"}
{"sessionId":"6c5c15","location":"pageInkDom.ts:resolvePageDomHit","message":"dom hit resolved","data":{"clientX":498,"clientY":244,"method":"rect","hitKind":"page","pageId":"7f5bf69a-2d2c-446d-9fdf-f9c07729cb09","localX":1163.3740318482924,"localY":55.16108641639656},"timestamp":1787926549257,"hypothesisId":"B","runId":"ipad-fix2"}
{"sessionId":"6c5c15","location":"pageInkDom.ts:resolvePageDomHit","message":"dom hit resolved","data":{"clientX":494.5,"clientY":248.5,"method":"rect","hitKind":"page","pageId":"7f5bf69a-2d2c-446d-9fdf-f9c07729cb09","localX":1164.7224281997871,"localY":52.464293843962515},"timestamp":1787926549265,"hypothesisId":"B","runId":"ipad-fix2"}
{"sessionId":"6c5c15","location":"pageInkDom.ts:resolvePageDomHit","message":"dom hit resolved","data":{"clientX":490.5,"clientY":253.5,"method":"rect","hitKind":"page","pageId":"7f5bf69a-2d2c-446d-9fdf-f9c07729cb09","localX":1163.3740318482924,"localY":53.81269013017954},"timestamp":1787926549273,"hypothesisId":"B","runId":"ipad-fix2"}
{"sessionId":"6c5c15","location":"pageInkDom.ts:resolvePageDomHit","message":"dom hit resolved","data":{"clientX":487.5,"clientY":257.5,"method":"rect","hitKind":"page","pageId":"7f5bf69a-2d2c-446d-9fdf-f9c07729cb09","localX":1166.0708245512822,"localY":51.1158975577455},"timestamp":1787926549282,"hypothesisId":"B","runId":"ipad-fix2"}
{"sessionId":"6c5c15","location":"pageInkDom.ts:resolvePageDomHit","message":"dom hit resolved","data":{"clientX":484,"clientY":261,"method":"rect","hitKind":"page","pageId":"7f5bf69a-2d2c-446d-9fdf-f9c07729cb09","localX":1164.7224281997871,"localY":49.76750127152848},"timestamp":1787926549290,"hypothesisId":"B","runId":"ipad-fix2"}
{"sessionId":"6c5c15","location":"pageInkDom.ts:resolvePageDomHit","message":"dom hit resolved","data":{"clientX":481.5,"clientY":264,"method":"rect","hitKind":"page","pageId":"7f5bf69a-2d2c-446d-9fdf-f9c07729cb09","localX":1167.419220902777,"localY":48.41910498531146},"timestamp":1787926549298,"hypothesisId":"B","runId":"ipad-fix2"}
{"sessionId":"6c5c15","location":"pageInkDom.ts:resolvePageDomHit","message":"dom hit resolved","data":{"clientX":479,"clientY":267.5,"method":"rect","hitKind":"page","pageId":"7f5bf69a-2d2c-446d-9fdf-f9c07729cb09","localX":1167.419220902777,"localY":49.76750127152848},"timestamp":1787926549307,"hypothesisId":"B","runId":"ipad-fix2"}
{"sessionId":"6c5c15","location":"pageInkDom.ts:resolvePageDomHit","message":"dom hit resolved","data":{"clientX":476.5,"clientY":269.5,"method":"rect","hitKind":"page","pageId":"7f5bf69a-2d2c-446d-9fdf-f9c07729cb09","localX":1167.419220902777,"localY":45.72231241287742},"timestamp":1787926549315,"hypothesisId":"B","runId":"ipad-fix2"}
{"sessionId":"6c5c15","location":"pageInkDom.ts:resolvePageDomHit","message":"dom hit resolved","data":{"clientX":474,"clientY":272.5,"method":"rect","hitKind":"page","pageId":"7f5bf69a-2d2c-446d-9fdf-f9c07729cb09","localX":1167.419220902777,"localY":48.41910498531146},"timestamp":1787926549323,"hypothesisId":"B","runId":"ipad-fix2"}
{"sessionId":"6c5c15","location":"pageInkDom.ts:resolvePageDomHit","message":"dom hit resolved","data":{"clientX":472,"clientY":274,"method":"rect","hitKind":"page","pageId":"7f5bf69a-2d2c-446d-9fdf-f9c07729cb09","localX":1168.767617254272,"localY":44.37395727644942},"timestamp":1787926549332,"hypothesisId":"B","runId":"ipad-fix2"}
{"sessionId":"6c5c15","location":"pageInkDom.ts:resolvePageDomHit","message":"dom hit resolved","data":{"clientX":469.5,"clientY":276,"method":"rect","hitKind":"page","pageId":"7f5bf69a-2d2c-446d-9fdf-f9c07729cb09","localX":1167.419220902777,"localY":45.722353562666434},"timestamp":1787926549340,"hypothesisId":"B","runId":"ipad-fix2"}
{"sessionId":"6c5c15","location":"pageInkDom.ts:resolvePageDomHit","message":"dom hit resolved","data":{"clientX":467.5,"clientY":277.5,"method":"rect","hitKind":"page","pageId":"7f5bf69a-2d2c-446d-9fdf-f9c07729cb09","localX":1168.767617254272,"localY":44.37395727644942},"timestamp":1787926549348,"hypothesisId":"B","runId":"ipad-fix2"}
{"sessionId":"6c5c15","location":"pageInkDom.ts:resolvePageDomHit","message":"dom hit resolved","data":{"clientX":465.5,"clientY":280,"method":"rect","hitKind":"page","pageId":"7f5bf69a-2d2c-446d-9fdf-f9c07729cb09","localX":1168.767617254272,"localY":47.07074984888345},"timestamp":1787926549357,"hypothesisId":"B","runId":"ipad-fix2"}
{"sessionId":"6c5c15","location":"pageInkDom.ts:resolvePageDomHit","message":"dom hit resolved","data":{"clientX":464,"clientY":280.5,"method":"rect","hitKind":"page","pageId":"7f5bf69a-2d2c-446d-9fdf-f9c07729cb09","localX":1170.116008462043,"localY":41.677164704015375},"timestamp":1787926549365,"hypothesisId":"B","runId":"ipad-fix2"}
{"sessionId":"6c5c15","location":"pageInkDom.ts:resolvePageDomHit","message":"dom hit resolved","data":{"clientX":462,"clientY":282.5,"method":"rect","hitKind":"page","pageId":"7f5bf69a-2d2c-446d-9fdf-f9c07729cb09","localX":1168.767612110548,"localY":45.722353562666434},"timestamp":1787926549373,"hypothesisId":"B","runId":"ipad-fix2"}
{"sessionId":"6c5c15","location":"pageInkDom.ts:resolvePageDomHit","message":"dom hit resolved","data":{"clientX":460,"clientY":283.5,"method":"rect","hitKind":"page","pageId":"7f5bf69a-2d2c-446d-9fdf-f9c07729cb09","localX":1168.767612110548,"localY":43.02556099023239},"timestamp":1787926549382,"hypothesisId":"B","runId":"ipad-fix2"}
{"sessionId":"6c5c15","location":"pageInkDom.ts:resolvePageDomHit","message":"dom hit resolved","data":{"clientX":458,"clientY":286,"method":"rect","hitKind":"page","pageId":"7f5bf69a-2d2c-446d-9fdf-f9c07729cb09","localX":1168.767612110548,"localY":47.07074984888345},"timestamp":1787926549390,"hypothesisId":"B","runId":"ipad-fix2"}
{"sessionId":"6c5c15","location":"pageInkDom.ts:resolvePageDomHit","message":"dom hit resolved","data":{"clientX":456,"clientY":287.5,"method":"rect","hitKind":"page","pageId":"7f5bf69a-2d2c-446d-9fdf-f9c07729cb09","localX":1168.767612110548,"localY":44.37395727644942},"timestamp":1787926549398,"hypothesisId":"B","runId":"ipad-fix2"}
{"sessionId":"6c5c15","location":"pageInkDom.ts:resolvePageDomHit","message":"dom hit resolved","data":{"clientX":454,"clientY":290,"method":"rect","hitKind":"page","pageId":"7f5bf69a-2d2c-446d-9fdf-f9c07729cb09","localX":1168.767612110548,"localY":47.07074984888345},"timestamp":1787926549407,"hypothesisId":"B","runId":"ipad-fix2"}
{"sessionId":"6c5c15","location":"pageInkDom.ts:resolvePageDomHit","message":"dom hit resolved","data":{"clientX":452,"clientY":292,"method":"rect","hitKind":"page","pageId":"7f5bf69a-2d2c-446d-9fdf-f9c07729cb09","localX":1168.767612110548,"localY":45.722353562666434},"timestamp":1787926549415,"hypothesisId":"B","runId":"ipad-fix2"}
{"sessionId":"6c5c15","location":"pageInkDom.ts:resolvePageDomHit","message":"dom hit resolved","data":{"clientX":449.5,"clientY":294.5,"method":"rect","hitKind":"page","pageId":"7f5bf69a-2d2c-446d-9fdf-f9c07729cb09","localX":1167.419215759053,"localY":47.07074984888345},"timestamp":1787926549423,"hypothesisId":"B","runId":"ipad-fix2"}
{"sessionId":"6c5c15","location":"pageInkDom.ts:resolvePageDomHit","message":"dom hit resolved","data":{"clientX":448,"clientY":296.5,"method":"rect","hitKind":"page","pageId":"7f5bf69a-2d2c-446d-9fdf-f9c07729cb09","localX":1170.116008462043,"localY":45.722353562666434},"timestamp":1787926549432,"hypothesisId":"B","runId":"ipad-fix2"}
{"sessionId":"6c5c15","location":"pageInkDom.ts:resolvePageDomHit","message":"dom hit resolved","data":{"clientX":446,"clientY":298,"method":"rect","hitKind":"page","pageId":"7f5bf69a-2d2c-446d-9fdf-f9c07729cb09","localX":1168.767612110548,"localY":44.37395727644942},"timestamp":1787926549440,"hypothesisId":"B","runId":"ipad-fix2"}
{"sessionId":"6c5c15","location":"pageInkDom.ts:resolvePageDomHit","message":"dom hit resolved","data":{"clientX":445,"clientY":299,"method":"rect","hitKind":"page","pageId":"7f5bf69a-2d2c-446d-9fdf-f9c07729cb09","localX":1171.464404813538,"localY":43.02556099023239},"timestamp":1787926549449,"hypothesisId":"B","runId":"ipad-fix2"}
{"sessionId":"6c5c15","location":"pageInkDom.ts:resolvePageDomHit","message":"dom hit resolved","data":{"clientX":444,"clientY":299.5,"method":"rect","hitKind":"page","pageId":"7f5bf69a-2d2c-446d-9fdf-f9c07729cb09","localX":1171.464404813538,"localY":41.677164704015375},"timestamp":1787926549457,"hypothesisId":"B","runId":"ipad-fix2"}
{"sessionId":"6c5c15","location":"pageInkDom.ts:resolvePageDomHit","message":"dom hit resolved","data":{"clientX":443.5,"clientY":299.5,"method":"rect","hitKind":"page","pageId":"7f5bf69a-2d2c-446d-9fdf-f9c07729cb09","localX":1172.8128011650329,"localY":40.32876841779836},"timestamp":1787926549465,"hypothesisId":"B","runId":"ipad-fix2"}
{"sessionId":"6c5c15","location":"pageInkDom.ts:resolvePageDomHit","message":"dom hit resolved","data":{"clientX":443,"clientY":299.5,"method":"rect","hitKind":"page","pageId":"7f5bf69a-2d2c-446d-9fdf-f9c07729cb09","localX":1172.8128011650329,"localY":40.32876841779836},"timestamp":1787926549473,"hypothesisId":"B","runId":"ipad-fix2"}
{"sessionId":"6c5c15","location":"pageInkDom.ts:resolvePageDomHit","message":"dom hit resolved","data":{"clientX":443,"clientY":298,"method":"rect","hitKind":"page","pageId":"7f5bf69a-2d2c-446d-9fdf-f9c07729cb09","localX":1174.1611988024588,"localY":36.283579559147306},"timestamp":1787926549540,"hypothesisId":"B","runId":"ipad-fix2"}
{"sessionId":"6c5c15","location":"pageInkDom.ts:resolvePageDomHit","message":"dom hit resolved","data":{"clientX":445.5,"clientY":296,"method":"rect","hitKind":"page","pageId":"7f5bf69a-2d2c-446d-9fdf-f9c07729cb09","localX":1180.9031805599334,"localY":34.93518327293028},"timestamp":1787926549548,"hypothesisId":"B","runId":"ipad-fix2"}
{"sessionId":"6c5c15","location":"pageInkDom.ts:resolvePageDomHit","message":"dom hit resolved","data":{"clientX":450,"clientY":293,"method":"rect","hitKind":"page","pageId":"7f5bf69a-2d2c-446d-9fdf-f9c07729cb09","localX":1186.296764679982,"localY":32.23839070049625},"timestamp":1787926549557,"hypothesisId":"B","runId":"ipad-fix2"}
{"sessionId":"6c5c15","location":"pageInkDom.ts:resolvePageDomHit","message":"dom hit resolved","data":{"clientX":454,"clientY":290,"method":"rect","hitKind":"page","pageId":"7f5bf69a-2d2c-446d-9fdf-f9c07729cb09","localX":1184.9483683284873,"localY":32.23839070049625},"timestamp":1787926549565,"hypothesisId":"B","runId":"ipad-fix2"}
{"sessionId":"6c5c15","location":"pageInkDom.ts:resolvePageDomHit","message":"dom hit resolved","data":{"clientX":459,"clientY":287.5,"method":"rect","hitKind":"page","pageId":"7f5bf69a-2d2c-446d-9fdf-f9c07729cb09","localX":1187.645161031477,"localY":33.586786986713264},"timestamp":1787926549573,"hypothesisId":"B","runId":"ipad-fix2"}
{"sessionId":"6c5c15","location":"pageInkDom.ts:resolvePageDomHit","message":"dom hit resolved","data":{"clientX":463.5,"clientY":284,"method":"rect","hitKind":"page","pageId":"7f5bf69a-2d2c-446d-9fdf-f9c07729cb09","localX":1186.296764679982,"localY":30.889994414279226},"timestamp":1787926549582,"hypothesisId":"B","runId":"ipad-fix2"}
{"sessionId":"6c5c15","location":"pageInkDom.ts:resolvePageDomHit","message":"dom hit resolved","data":{"clientX":468,"clientY":281.5,"method":"rect","hitKind":"page","pageId":"7f5bf69a-2d2c-446d-9fdf-f9c07729cb09","localX":1186.296764679982,"localY":33.586786986713264},"timestamp":1787926549590,"hypothesisId":"B","runId":"ipad-fix2"}
{"sessionId":"6c5c15","location":"pageInkDom.ts:resolvePageDomHit","message":"dom hit resolved","data":{"clientX":472,"clientY":278.5,"method":"rect","hitKind":"page","pageId":"7f5bf69a-2d2c-446d-9fdf-f9c07729cb09","localX":1184.9483734722112,"localY":32.23839070049625},"timestamp":1787926549598,"hypothesisId":"B","runId":"ipad-fix2"}
{"sessionId":"6c5c15","location":"pageInkDom.ts:resolvePageDomHit","message":"dom hit resolved","data":{"clientX":475.5,"clientY":275.5,"method":"rect","hitKind":"page","pageId":"7f5bf69a-2d2c-446d-9fdf-f9c07729cb09","localX":1183.5999771207162,"localY":32.23839070049625},"timestamp":1787926549607,"hypothesisId":"B","runId":"ipad-fix2"}
{"sessionId":"6c5c15","location":"pageInkDom.ts:resolvePageDomHit","message":"dom hit resolved","data":{"clientX":479,"clientY":273,"method":"rect","hitKind":"page","pageId":"7f5bf69a-2d2c-446d-9fdf-f9c07729cb09","localX":1183.5999771207162,"localY":33.586786986713264},"timestamp":1787926549615,"hypothesisId":"B","runId":"ipad-fix2"}
{"sessionId":"6c5c15","location":"pageInkDom.ts:resolvePageDomHit","message":"dom hit resolved","data":{"clientX":481.5,"clientY":270.5,"method":"rect","hitKind":"page","pageId":"7f5bf69a-2d2c-446d-9fdf-f9c07729cb09","localX":1180.9031844177264,"localY":33.586786986713264},"timestamp":1787926549623,"hypothesisId":"B","runId":"ipad-fix2"}
{"sessionId":"6c5c15","location":"pageInkDom.ts:resolvePageDomHit","message":"dom hit resolved","data":{"clientX":483,"clientY":268.5,"method":"rect","hitKind":"page","pageId":"7f5bf69a-2d2c-446d-9fdf-f9c07729cb09","localX":1178.2063917147364,"localY":34.935142123141276},"timestamp":1787926549632,"hypothesisId":"B","runId":"ipad-fix2"}
{"sessionId":"6c5c15","location":"pageInkDom.ts:resolvePageDomHit","message":"dom hit resolved","data":{"clientX":484,"clientY":268,"method":"rect","hitKind":"page","pageId":"7f5bf69a-2d2c-446d-9fdf-f9c07729cb09","localX":1176.8579953632416,"localY":38.980330981792335},"timestamp":1787926549640,"hypothesisId":"B","runId":"ipad-fix2"}
{"sessionId":"6c5c15","location":"pageInkDom.ts:resolvePageDomHit","message":"dom hit resolved","data":{"clientX":484.5,"clientY":267,"method":"rect","hitKind":"page","pageId":"7f5bf69a-2d2c-446d-9fdf-f9c07729cb09","localX":1175.5095990117466,"localY":37.63193469557531},"timestamp":1787926549649,"hypothesisId":"B","runId":"ipad-fix2"}
{"sessionId":"6c5c15","location":"pageInkDom.ts:resolvePageDomHit","message":"dom hit resolved","data":{"clientX":485,"clientY":266.5,"method":"rect","hitKind":"page","pageId":"7f5bf69a-2d2c-446d-9fdf-f9c07729cb09","localX":1175.5095990117466,"localY":38.980330981792335},"timestamp":1787926549657,"hypothesisId":"B","runId":"ipad-fix2"}
{"sessionId":"6c5c15","location":"pageInkDom.ts:resolvePageDomHit","message":"dom hit resolved","data":{"clientX":485,"clientY":266,"method":"rect","hitKind":"page","pageId":"7f5bf69a-2d2c-446d-9fdf-f9c07729cb09","localX":1174.1612026602518,"localY":38.980330981792335},"timestamp":1787926549665,"hypothesisId":"B","runId":"ipad-fix2"}
{"sessionId":"6c5c15","location":"pageInkDom.ts:resolvePageDomHit","message":"dom hit resolved","data":{"clientX":485,"clientY":267.5,"method":"rect","hitKind":"page","pageId":"7f5bf69a-2d2c-446d-9fdf-f9c07729cb09","localX":1174.1612026602518,"localY":44.373916126660404},"timestamp":1787926549707,"hypothesisId":"B","runId":"ipad-fix2"}
{"sessionId":"6c5c15","location":"useEditorController.tsx:textTapUp","message":"text tap up","data":{"pointerType":"touch","hasPending":false,"dist":87.5128561983895},"timestamp":1787926549715,"hypothesisId":"A,E","runId":"post-fix2"}
{"sessionId":"6c5c15","location":"pageInkDom.ts:resolvePageDomHit","message":"dom hit resolved","data":{"clientX":481.5,"clientY":270.5,"method":"rect","hitKind":"page","pageId":"7f5bf69a-2d2c-446d-9fdf-f9c07729cb09","localX":1164.7224281997871,"localY":48.41910498531146},"timestamp":1787926549716,"hypothesisId":"B","runId":"ipad-fix2"}
{"sessionId":"6c5c15","location":"useEditorController.tsx:textTapDown","message":"global pointerdown","data":{"pointerType":"touch","tracked":true},"timestamp":1787926549935,"hypothesisId":"A","runId":"post-fix"}
{"sessionId":"6c5c15","location":"pageInkDom.ts:resolvePageDomHit","message":"dom hit resolved","data":{"clientX":491,"clientY":272.5,"method":"rect","hitKind":"page","pageId":"7f5bf69a-2d2c-446d-9fdf-f9c07729cb09","localX":1190.3419588781908,"localY":53.81269013017954},"timestamp":1787926549938,"hypothesisId":"B","runId":"ipad-fix2"}
{"sessionId":"6c5c15","location":"useEditorController.tsx:textTapUp","message":"text tap up","data":{"pointerType":"touch","hasPending":false,"dist":0},"timestamp":1787926549999,"hypothesisId":"A,E","runId":"post-fix2"}
{"sessionId":"6c5c15","location":"pageInkDom.ts:resolvePageDomHit","message":"dom hit resolved","data":{"clientX":491,"clientY":272.5,"method":"rect","hitKind":"page","pageId":"7f5bf69a-2d2c-446d-9fdf-f9c07729cb09","localX":1190.3419588781908,"localY":53.81269013017954},"timestamp":1787926549999,"hypothesisId":"B","runId":"ipad-fix2"}
{"sessionId":"6c5c15","location":"workspaceFsm.tsx:fingerTapUp","message":"finger tap up","data":{"tool":"text","downHitKind":"page","upHitKind":"page","usedHitKind":"page","effectTypes":["createText"],"createX":1190.3419588781908,"createY":53.81269013017954,"domLocalX":1190.3419588781908,"domLocalY":53.81269013017954,"clientX":491,"clientY":272.5},"timestamp":1787926549999,"hypothesisId":"A,D,F","runId":"ipad-fix3"}
{"sessionId":"6c5c15","location":"useEditorController.tsx:createTextEffect","message":"createText effect","data":{"pageId":"7f5bf69a-2d2c-446d-9fdf-f9c07729cb09","x":1190.3419588781908,"y":53.81269013017954,"hasTrack":false,"tool":"text","pointerType":"unknown"},"timestamp":1787926550000,"hypothesisId":"A,E","runId":"ipad-fix"}
{"sessionId":"6c5c15","location":"pageInkDom.ts:resolvePageDomHit","message":"dom hit resolved","data":{"clientX":482.5,"clientY":273,"method":"rect","hitKind":"pageText","pageId":"7f5bf69a-2d2c-446d-9fdf-f9c07729cb09","localX":1167.419220902777,"localY":55.16108641639656},"timestamp":1787926550568,"hypothesisId":"B","runId":"ipad-fix2"}
{"sessionId":"6c5c15","location":"useEditorController.tsx:textTapDown","message":"global pointerdown","data":{"pointerType":"touch","tracked":true},"timestamp":1787926550568,"hypothesisId":"A","runId":"post-fix"}
{"sessionId":"6c5c15","location":"pageInkDom.ts:resolvePageDomHit","message":"dom hit resolved","data":{"clientX":478.5,"clientY":275,"method":"rect","hitKind":"pageText","pageId":"7f5bf69a-2d2c-446d-9fdf-f9c07729cb09","localX":1156.6320500908175,"localY":60.554671561264634},"timestamp":1787926550649,"hypothesisId":"B","runId":"ipad-fix2"}
{"sessionId":"6c5c15","location":"pageInkDom.ts:resolvePageDomHit","message":"dom hit resolved","data":{"clientX":478.5,"clientY":275,"method":"rect","hitKind":"pageText","pageId":"7f5bf69a-2d2c-446d-9fdf-f9c07729cb09","localX":1156.6320500908175,"localY":60.554671561264634},"timestamp":1787926550650,"hypothesisId":"B","runId":"ipad-fix2"}
{"sessionId":"6c5c15","location":"pageInkDom.ts:resolvePageDomHit","message":"dom hit resolved","data":{"clientX":475.5,"clientY":276,"method":"rect","hitKind":"pageText","pageId":"7f5bf69a-2d2c-446d-9fdf-f9c07729cb09","localX":1148.541671981848,"localY":63.25146413369867},"timestamp":1787926550657,"hypothesisId":"B","runId":"ipad-fix2"}
{"sessionId":"6c5c15","location":"pageInkDom.ts:resolvePageDomHit","message":"dom hit resolved","data":{"clientX":472,"clientY":278,"method":"rect","hitKind":"pageText","pageId":"7f5bf69a-2d2c-446d-9fdf-f9c07729cb09","localX":1139.1028975213835,"localY":68.64504927856673},"timestamp":1787926550666,"hypothesisId":"B","runId":"ipad-fix2"}
{"sessionId":"6c5c15","location":"pageInkDom.ts:resolvePageDomHit","message":"dom hit resolved","data":{"clientX":467,"clientY":280,"method":"rect","hitKind":"pageText","pageId":"7f5bf69a-2d2c-446d-9fdf-f9c07729cb09","localX":1125.6189340064343,"localY":74.03863442343481},"timestamp":1787926550674,"hypothesisId":"B","runId":"ipad-fix2"}
{"sessionId":"6c5c15","location":"pageInkDom.ts:resolvePageDomHit","message":"dom hit resolved","data":{"clientX":461.5,"clientY":283,"method":"rect","hitKind":"pageText","pageId":"7f5bf69a-2d2c-446d-9fdf-f9c07729cb09","localX":1110.7865741399899,"localY":82.12901214073692},"timestamp":1787926550682,"hypothesisId":"B","runId":"ipad-fix2"}
{"sessionId":"6c5c15","location":"pageInkDom.ts:resolvePageDomHit","message":"dom hit resolved","data":{"clientX":456,"clientY":287,"method":"rect","hitKind":"page","pageId":"7f5bf69a-2d2c-446d-9fdf-f9c07729cb09","localX":1095.9542142735456,"localY":92.91618243047307},"timestamp":1787926550691,"hypothesisId":"B","runId":"ipad-fix2"}
{"sessionId":"6c5c15","location":"pageInkDom.ts:resolvePageDomHit","message":"dom hit resolved","data":{"clientX":450,"clientY":290.5,"method":"rect","hitKind":"page","pageId":"7f5bf69a-2d2c-446d-9fdf-f9c07729cb09","localX":1079.7734580556066,"localY":102.35495643399221},"timestamp":1787926550699,"hypothesisId":"B","runId":"ipad-fix2"}
{"sessionId":"6c5c15","location":"pageInkDom.ts:resolvePageDomHit","message":"dom hit resolved","data":{"clientX":443.5,"clientY":295,"method":"rect","hitKind":"page","pageId":"7f5bf69a-2d2c-446d-9fdf-f9c07729cb09","localX":1062.2443054861726,"localY":114.49052300994536},"timestamp":1787926550707,"hypothesisId":"B","runId":"ipad-fix2"}
{"sessionId":"6c5c15","location":"pageInkDom.ts:resolvePageDomHit","message":"dom hit resolved","data":{"clientX":436,"clientY":301,"method":"rect","hitKind":"page","pageId":"7f5bf69a-2d2c-446d-9fdf-f9c07729cb09","localX":1042.0183602137486,"localY":130.67127844454959},"timestamp":1787926550716,"hypothesisId":"B","runId":"ipad-fix2"}
{"sessionId":"6c5c15","location":"pageInkDom.ts:resolvePageDomHit","message":"dom hit resolved","data":{"clientX":428.5,"clientY":307,"method":"rect","hitKind":"page","pageId":"7f5bf69a-2d2c-446d-9fdf-f9c07729cb09","localX":1021.7924149413245,"localY":146.85203387915382},"timestamp":1787926550724,"hypothesisId":"B","runId":"ipad-fix2"}
{"sessionId":"6c5c15","location":"pageInkDom.ts:resolvePageDomHit","message":"dom hit resolved","data":{"clientX":420.5,"clientY":313,"method":"rect","hitKind":"page","pageId":"7f5bf69a-2d2c-446d-9fdf-f9c07729cb09","localX":1000.2180733174056,"localY":163.03278931375803},"timestamp":1787926550732,"hypothesisId":"B","runId":"ipad-fix2"}
{"sessionId":"6c5c15","location":"pageInkDom.ts:resolvePageDomHit","message":"dom hit resolved","data":{"clientX":412.5,"clientY":319,"method":"rect","hitKind":"page","pageId":"7f5bf69a-2d2c-446d-9fdf-f9c07729cb09","localX":978.6437316934868,"localY":179.21354474836227},"timestamp":1787926550741,"hypothesisId":"B","runId":"ipad-fix2"}
{"sessionId":"6c5c15","location":"pageInkDom.ts:resolvePageDomHit","message":"dom hit resolved","data":{"clientX":406,"clientY":324,"method":"rect","hitKind":"page","pageId":"7f5bf69a-2d2c-446d-9fdf-f9c07729cb09","localX":961.1145791240526,"localY":192.69750761053243},"timestamp":1787926550749,"hypothesisId":"B","runId":"ipad-fix2"}
{"sessionId":"6c5c15","location":"pageInkDom.ts:resolvePageDomHit","message":"dom hit resolved","data":{"clientX":398,"clientY":330.5,"method":"rect","hitKind":"page","pageId":"7f5bf69a-2d2c-446d-9fdf-f9c07729cb09","localX":939.5402375001337,"localY":210.2266593313537},"timestamp":1787926550757,"hypothesisId":"B","runId":"ipad-fix2"}
{"sessionId":"6c5c15","location":"pageInkDom.ts:resolvePageDomHit","message":"dom hit resolved","data":{"clientX":392.5,"clientY":334.5,"method":"rect","hitKind":"page","pageId":"7f5bf69a-2d2c-446d-9fdf-f9c07729cb09","localX":924.7078776336895,"localY":221.01382962108985},"timestamp":1787926550766,"hypothesisId":"B","runId":"ipad-fix2"}
{"sessionId":"6c5c15","location":"pageInkDom.ts:resolvePageDomHit","message":"dom hit resolved","data":{"clientX":386.5,"clientY":339,"method":"rect","hitKind":"page","pageId":"7f5bf69a-2d2c-446d-9fdf-f9c07729cb09","localX":908.5271214157503,"localY":233.14939619704302},"timestamp":1787926550774,"hypothesisId":"B","runId":"ipad-fix2"}
{"sessionId":"6c5c15","location":"pageInkDom.ts:resolvePageDomHit","message":"dom hit resolved","data":{"clientX":381,"clientY":343,"method":"rect","hitKind":"page","pageId":"7f5bf69a-2d2c-446d-9fdf-f9c07729cb09","localX":893.6947615493061,"localY":243.93656648677916},"timestamp":1787926550782,"hypothesisId":"B","runId":"ipad-fix2"}
{"sessionId":"6c5c15","location":"pageInkDom.ts:resolvePageDomHit","message":"dom hit resolved","data":{"clientX":377,"clientY":346.5,"method":"rect","hitKind":"page","pageId":"7f5bf69a-2d2c-446d-9fdf-f9c07729cb09","localX":882.9075907373467,"localY":253.37534049029827},"timestamp":1787926550791,"hypothesisId":"B","runId":"ipad-fix2"}
{"sessionId":"6c5c15","location":"pageInkDom.ts:resolvePageDomHit","message":"dom hit resolved","data":{"clientX":373,"clientY":349.5,"method":"rect","hitKind":"page","pageId":"7f5bf69a-2d2c-446d-9fdf-f9c07729cb09","localX":872.1204199253872,"localY":261.4657182076004},"timestamp":1787926550799,"hypothesisId":"B","runId":"ipad-fix2"}
{"sessionId":"6c5c15","location":"pageInkDom.ts:resolvePageDomHit","message":"dom hit resolved","data":{"clientX":369.5,"clientY":352,"method":"rect","hitKind":"page","pageId":"7f5bf69a-2d2c-446d-9fdf-f9c07729cb09","localX":862.6816454649227,"localY":268.2076996386855},"timestamp":1787926550807,"hypothesisId":"B","runId":"ipad-fix2"}
{"sessionId":"6c5c15","location":"pageInkDom.ts:resolvePageDomHit","message":"dom hit resolved","data":{"clientX":366.5,"clientY":353.5,"method":"rect","hitKind":"page","pageId":"7f5bf69a-2d2c-446d-9fdf-f9c07729cb09","localX":854.5912673559532,"localY":272.2528884973365},"timestamp":1787926550816,"hypothesisId":"B","runId":"ipad-fix2"}
{"sessionId":"6c5c15","location":"pageInkDom.ts:resolvePageDomHit","message":"dom hit resolved","data":{"clientX":364.5,"clientY":355.5,"method":"rect","hitKind":"page","pageId":"7f5bf69a-2d2c-446d-9fdf-f9c07729cb09","localX":849.1976819499735,"localY":277.6464736422046},"timestamp":1787926550824,"hypothesisId":"B","runId":"ipad-fix2"}
{"sessionId":"6c5c15","location":"pageInkDom.ts:resolvePageDomHit","message":"dom hit resolved","data":{"clientX":363,"clientY":357,"method":"rect","hitKind":"page","pageId":"7f5bf69a-2d2c-446d-9fdf-f9c07729cb09","localX":845.1524928954885,"localY":281.69166250085567},"timestamp":1787926550833,"hypothesisId":"B","runId":"ipad-fix2"}
{"sessionId":"6c5c15","location":"pageInkDom.ts:resolvePageDomHit","message":"dom hit resolved","data":{"clientX":361.5,"clientY":358,"method":"rect","hitKind":"page","pageId":"7f5bf69a-2d2c-446d-9fdf-f9c07729cb09","localX":841.1073038410038,"localY":284.3884550732897},"timestamp":1787926550841,"hypothesisId":"B","runId":"ipad-fix2"}
{"sessionId":"6c5c15","location":"pageInkDom.ts:resolvePageDomHit","message":"dom hit resolved","data":{"clientX":361.5,"clientY":358.5,"method":"rect","hitKind":"page","pageId":"7f5bf69a-2d2c-446d-9fdf-f9c07729cb09","localX":841.1073038410038,"localY":285.7368513595067},"timestamp":1787926550849,"hypothesisId":"B","runId":"ipad-fix2"}
{"sessionId":"6c5c15","location":"pageInkDom.ts:resolvePageDomHit","message":"dom hit resolved","data":{"clientX":361,"clientY":359,"method":"rect","hitKind":"page","pageId":"7f5bf69a-2d2c-446d-9fdf-f9c07729cb09","localX":839.7589074895088,"localY":287.08524764572377},"timestamp":1787926550857,"hypothesisId":"B","runId":"ipad-fix2"}
{"sessionId":"6c5c15","location":"pageInkDom.ts:resolvePageDomHit","message":"dom hit resolved","data":{"clientX":361,"clientY":359.5,"method":"rect","hitKind":"page","pageId":"7f5bf69a-2d2c-446d-9fdf-f9c07729cb09","localX":839.7589074895088,"localY":288.43364393194076},"timestamp":1787926550866,"hypothesisId":"B","runId":"ipad-fix2"}
{"sessionId":"6c5c15","location":"pageInkDom.ts:resolvePageDomHit","message":"dom hit resolved","data":{"clientX":361,"clientY":360,"method":"rect","hitKind":"page","pageId":"7f5bf69a-2d2c-446d-9fdf-f9c07729cb09","localX":839.7589074895088,"localY":289.7820402181578},"timestamp":1787926550874,"hypothesisId":"B","runId":"ipad-fix2"}
{"sessionId":"6c5c15","location":"pageInkDom.ts:resolvePageDomHit","message":"dom hit resolved","data":{"clientX":360.5,"clientY":360,"method":"rect","hitKind":"page","pageId":"7f5bf69a-2d2c-446d-9fdf-f9c07729cb09","localX":838.4105111380139,"localY":289.7820402181578},"timestamp":1787926551016,"hypothesisId":"B","runId":"ipad-fix2"}
{"sessionId":"6c5c15","location":"pageInkDom.ts:resolvePageDomHit","message":"dom hit resolved","data":{"clientX":360,"clientY":360,"method":"rect","hitKind":"page","pageId":"7f5bf69a-2d2c-446d-9fdf-f9c07729cb09","localX":837.0621147865189,"localY":289.7820402181578},"timestamp":1787926551033,"hypothesisId":"B","runId":"ipad-fix2"}
{"sessionId":"6c5c15","location":"pageInkDom.ts:resolvePageDomHit","message":"dom hit resolved","data":{"clientX":359.5,"clientY":360,"method":"rect","hitKind":"page","pageId":"7f5bf69a-2d2c-446d-9fdf-f9c07729cb09","localX":835.7137184350241,"localY":289.7820402181578},"timestamp":1787926551049,"hypothesisId":"B","runId":"ipad-fix2"}
{"sessionId":"6c5c15","location":"pageInkDom.ts:resolvePageDomHit","message":"dom hit resolved","data":{"clientX":359,"clientY":360.5,"method":"rect","hitKind":"page","pageId":"7f5bf69a-2d2c-446d-9fdf-f9c07729cb09","localX":834.3653220835291,"localY":291.1304365043748},"timestamp":1787926551058,"hypothesisId":"B","runId":"ipad-fix2"}
{"sessionId":"6c5c15","location":"pageInkDom.ts:resolvePageDomHit","message":"dom hit resolved","data":{"clientX":358.5,"clientY":361.5,"method":"rect","hitKind":"page","pageId":"7f5bf69a-2d2c-446d-9fdf-f9c07729cb09","localX":833.0169257320342,"localY":293.82722907680886},"timestamp":1787926551066,"hypothesisId":"B","runId":"ipad-fix2"}
{"sessionId":"6c5c15","location":"pageInkDom.ts:resolvePageDomHit","message":"dom hit resolved","data":{"clientX":355.5,"clientY":364.5,"method":"rect","hitKind":"page","pageId":"7f5bf69a-2d2c-446d-9fdf-f9c07729cb09","localX":824.9265476230647,"localY":301.91760679411095},"timestamp":1787926551074,"hypothesisId":"B","runId":"ipad-fix2"}
{"sessionId":"6c5c15","location":"pageInkDom.ts:resolvePageDomHit","message":"dom hit resolved","data":{"clientX":352.5,"clientY":367,"method":"rect","hitKind":"page","pageId":"7f5bf69a-2d2c-446d-9fdf-f9c07729cb09","localX":816.8361695140951,"localY":308.65958822519605},"timestamp":1787926551083,"hypothesisId":"B","runId":"ipad-fix2"}
{"sessionId":"6c5c15","location":"pageInkDom.ts:resolvePageDomHit","message":"dom hit resolved","data":{"clientX":350,"clientY":369.5,"method":"rect","hitKind":"page","pageId":"7f5bf69a-2d2c-446d-9fdf-f9c07729cb09","localX":810.0941877566204,"localY":315.40156965628114},"timestamp":1787926551091,"hypothesisId":"B","runId":"ipad-fix2"}
{"sessionId":"6c5c15","location":"pageInkDom.ts:resolvePageDomHit","message":"dom hit resolved","data":{"clientX":347,"clientY":372,"method":"rect","hitKind":"pageText","pageId":"7f5bf69a-2d2c-446d-9fdf-f9c07729cb09","localX":802.0038096476508,"localY":322.14355108736623},"timestamp":1787926551099,"hypothesisId":"B","runId":"ipad-fix2"}
{"sessionId":"6c5c15","location":"pageInkDom.ts:resolvePageDomHit","message":"dom hit resolved","data":{"clientX":344,"clientY":375,"method":"rect","hitKind":"pageText","pageId":"7f5bf69a-2d2c-446d-9fdf-f9c07729cb09","localX":793.9134315386813,"localY":330.2339288046683},"timestamp":1787926551108,"hypothesisId":"B","runId":"ipad-fix2"}
{"sessionId":"6c5c15","location":"pageInkDom.ts:resolvePageDomHit","message":"dom hit resolved","data":{"clientX":340.5,"clientY":378,"method":"rect","hitKind":"pageText","pageId":"7f5bf69a-2d2c-446d-9fdf-f9c07729cb09","localX":784.4746570782166,"localY":338.32430652197047},"timestamp":1787926551116,"hypothesisId":"B","runId":"ipad-fix2"}
{"sessionId":"6c5c15","location":"pageInkDom.ts:resolvePageDomHit","message":"dom hit resolved","data":{"clientX":337,"clientY":381.5,"method":"rect","hitKind":"pageText","pageId":"7f5bf69a-2d2c-446d-9fdf-f9c07729cb09","localX":775.0358826177522,"localY":347.76308052548956},"timestamp":1787926551124,"hypothesisId":"B","runId":"ipad-fix2"}
{"sessionId":"6c5c15","location":"pageInkDom.ts:resolvePageDomHit","message":"dom hit resolved","data":{"clientX":333.5,"clientY":384.5,"method":"rect","hitKind":"pageText","pageId":"7f5bf69a-2d2c-446d-9fdf-f9c07729cb09","localX":765.5971081572876,"localY":355.8534582427917},"timestamp":1787926551133,"hypothesisId":"B","runId":"ipad-fix2"}
{"sessionId":"6c5c15","location":"pageInkDom.ts:resolvePageDomHit","message":"dom hit resolved","data":{"clientX":330,"clientY":388.5,"method":"rect","hitKind":"pageText","pageId":"7f5bf69a-2d2c-446d-9fdf-f9c07729cb09","localX":756.1583336968232,"localY":366.64062853252784},"timestamp":1787926551141,"hypothesisId":"B","runId":"ipad-fix2"}
{"sessionId":"6c5c15","location":"pageInkDom.ts:resolvePageDomHit","message":"dom hit resolved","data":{"clientX":325.5,"clientY":392,"method":"rect","hitKind":"pageText","pageId":"7f5bf69a-2d2c-446d-9fdf-f9c07729cb09","localX":744.0227665333688,"localY":376.079402536047},"timestamp":1787926551149,"hypothesisId":"B","runId":"ipad-fix2"}
{"sessionId":"6c5c15","location":"pageInkDom.ts:resolvePageDomHit","message":"dom hit resolved","data":{"clientX":321.5,"clientY":397.5,"method":"rect","hitKind":"pageText","pageId":"7f5bf69a-2d2c-446d-9fdf-f9c07729cb09","localX":733.2355957214094,"localY":390.91176168443417},"timestamp":1787926551158,"hypothesisId":"B","runId":"ipad-fix2"}
{"sessionId":"6c5c15","location":"pageInkDom.ts:resolvePageDomHit","message":"dom hit resolved","data":{"clientX":318,"clientY":401.5,"method":"rect","hitKind":"pageText","pageId":"7f5bf69a-2d2c-446d-9fdf-f9c07729cb09","localX":723.7968212609447,"localY":401.6989319741703},"timestamp":1787926551166,"hypothesisId":"B","runId":"ipad-fix2"}
{"sessionId":"6c5c15","location":"useEditorController.tsx:textTapUp","message":"text tap up","data":{"pointerType":"touch","hasPending":false,"dist":216.3804519821511},"timestamp":1787926551174,"hypothesisId":"A,E","runId":"post-fix2"}
{"sessionId":"6c5c15","location":"pageInkDom.ts:resolvePageDomHit","message":"dom hit resolved","data":{"clientX":313,"clientY":407.5,"method":"rect","hitKind":"page","pageId":"7f5bf69a-2d2c-446d-9fdf-f9c07729cb09","localX":710.3128577459955,"localY":417.87968740877454},"timestamp":1787926551175,"hypothesisId":"B","runId":"ipad-fix2"}
{"sessionId":"6c5c15","location":"useEditorController.tsx:textTapDown","message":"global pointerdown","data":{"pointerType":"touch","tracked":true},"timestamp":1787926551364,"hypothesisId":"A","runId":"post-fix"}
{"sessionId":"6c5c15","location":"pageInkDom.ts:resolvePageDomHit","message":"dom hit resolved","data":{"clientX":318,"clientY":411.5,"method":"rect","hitKind":"pageText","pageId":"7f5bf69a-2d2c-446d-9fdf-f9c07729cb09","localX":723.7968212609447,"localY":428.6668576985107},"timestamp":1787926551365,"hypothesisId":"B","runId":"ipad-fix2"}
{"sessionId":"6c5c15","location":"useEditorController.tsx:textTapUp","message":"text tap up","data":{"pointerType":"touch","hasPending":false,"dist":0},"timestamp":1787926551416,"hypothesisId":"A,E","runId":"post-fix2"}
{"sessionId":"6c5c15","location":"pageInkDom.ts:resolvePageDomHit","message":"dom hit resolved","data":{"clientX":318,"clientY":411.5,"method":"rect","hitKind":"pageText","pageId":"7f5bf69a-2d2c-446d-9fdf-f9c07729cb09","localX":723.7968212609447,"localY":428.6668576985107},"timestamp":1787926551417,"hypothesisId":"B","runId":"ipad-fix2"}
{"sessionId":"6c5c15","location":"TextEditBar.tsx:handleBlur","message":"textarea blur","data":{"textId":"5e958fde-1e5a-41ae-a154-fce9772abc71","draftLen":0,"textareaLen":0,"draftEmpty":true,"textareaEmpty":true},"timestamp":1787926551453,"hypothesisId":"B","runId":"post-fix"}
{"sessionId":"6c5c15","location":"TextEditBar.tsx:runExplicitCommit","message":"commit plan","data":{"textId":"5e958fde-1e5a-41ae-a154-fce9772abc71","draftLen":0,"textareaLen":0,"draftMatchTextarea":true,"savedLen":0,"composing":false,"forceOnExplicit":false,"planKind":"skip","planReason":"unchanged"},"timestamp":1787926551453,"hypothesisId":"B,C","runId":"post-fix"}
{"sessionId":"6c5c15","location":"useEditorController.tsx:textTapDown","message":"global pointerdown","data":{"pointerType":"touch","tracked":true},"timestamp":1787926551986,"hypothesisId":"A","runId":"post-fix"}
{"sessionId":"6c5c15","location":"pageInkDom.ts:resolvePageDomHit","message":"dom hit resolved","data":{"clientX":103,"clientY":432,"method":"rect","hitKind":"page","pageId":"7f5bf69a-2d2c-446d-9fdf-f9c07729cb09","localX":143.9863901181246,"localY":483.95110543340843},"timestamp":1787926551987,"hypothesisId":"B","runId":"ipad-fix2"}
{"sessionId":"6c5c15","location":"useEditorController.tsx:textTapUp","message":"text tap up","data":{"pointerType":"touch","hasPending":false,"dist":0},"timestamp":1787926552017,"hypothesisId":"A,E","runId":"post-fix2"}
{"sessionId":"6c5c15","location":"pageInkDom.ts:resolvePageDomHit","message":"dom hit resolved","data":{"clientX":103,"clientY":432,"method":"rect","hitKind":"page","pageId":"7f5bf69a-2d2c-446d-9fdf-f9c07729cb09","localX":143.9863901181246,"localY":483.95110543340843},"timestamp":1787926552017,"hypothesisId":"B","runId":"ipad-fix2"}
{"sessionId":"6c5c15","location":"workspaceFsm.tsx:fingerTapUp","message":"finger tap up","data":{"tool":"text","downHitKind":"page","upHitKind":"page","usedHitKind":"page","effectTypes":["createText"],"createX":143.9863901181246,"createY":483.95110543340843,"domLocalX":143.9863901181246,"domLocalY":483.95110543340843,"clientX":103,"clientY":432},"timestamp":1787926552017,"hypothesisId":"A,D,F","runId":"ipad-fix3"}
{"sessionId":"6c5c15","location":"useEditorController.tsx:createTextEffect","message":"createText effect","data":{"pageId":"7f5bf69a-2d2c-446d-9fdf-f9c07729cb09","x":143.9863901181246,"y":483.95110543340843,"hasTrack":false,"tool":"text","pointerType":"unknown"},"timestamp":1787926552017,"hypothesisId":"A,E","runId":"ipad-fix"}
{"sessionId":"6c5c15","location":"useEditorController.tsx:textTapDown","message":"global pointerdown","data":{"pointerType":"touch","tracked":true},"timestamp":1787926552891,"hypothesisId":"A","runId":"post-fix"}
{"sessionId":"6c5c15","location":"pageInkDom.ts:resolvePageDomHit","message":"dom hit resolved","data":{"clientX":111.5,"clientY":595,"method":"rect","hitKind":"page","pageId":"7f5bf69a-2d2c-446d-9fdf-f9c07729cb09","localX":166.9091280935384,"localY":923.5282947401565},"timestamp":1787926552892,"hypothesisId":"B","runId":"ipad-fix2"}
{"sessionId":"6c5c15","location":"useEditorController.tsx:textTapUp","message":"text tap up","data":{"pointerType":"touch","hasPending":false,"dist":0},"timestamp":1787926552959,"hypothesisId":"A,E","runId":"post-fix2"}
{"sessionId":"6c5c15","location":"pageInkDom.ts:resolvePageDomHit","message":"dom hit resolved","data":{"clientX":111.5,"clientY":595,"method":"rect","hitKind":"page","pageId":"7f5bf69a-2d2c-446d-9fdf-f9c07729cb09","localX":166.9091280935384,"localY":923.5282947401565},"timestamp":1787926552959,"hypothesisId":"B","runId":"ipad-fix2"}
{"sessionId":"6c5c15","location":"workspaceFsm.tsx:fingerTapUp","message":"finger tap up","data":{"tool":"text","downHitKind":"page","upHitKind":"page","usedHitKind":"page","effectTypes":["createText"],"createX":166.9091280935384,"createY":923.5282947401565,"domLocalX":166.9091280935384,"domLocalY":923.5282947401565,"clientX":111.5,"clientY":595},"timestamp":1787926552959,"hypothesisId":"A,D,F","runId":"ipad-fix3"}
{"sessionId":"6c5c15","location":"useEditorController.tsx:createTextEffect","message":"createText effect","data":{"pageId":"7f5bf69a-2d2c-446d-9fdf-f9c07729cb09","x":166.9091280935384,"y":923.5282947401565,"hasTrack":false,"tool":"text","pointerType":"unknown"},"timestamp":1787926552960,"hypothesisId":"A,E","runId":"ipad-fix"}
{"sessionId":"6c5c15","location":"useEditorController.tsx:textTapDown","message":"global pointerdown","data":{"pointerType":"touch","tracked":true},"timestamp":1787926553687,"hypothesisId":"A","runId":"post-fix"}
{"sessionId":"6c5c15","location":"pageInkDom.ts:resolvePageDomHit","message":"dom hit resolved","data":{"clientX":516.5,"clientY":199.5,"method":"rect","hitKind":null},"timestamp":1787926553687,"hypothesisId":"B","runId":"ipad-fix2"}
{"sessionId":"6c5c15","location":"useEditorController.tsx:textTapUp","message":"text tap up","data":{"pointerType":"touch","hasPending":false,"dist":0},"timestamp":1787926553726,"hypothesisId":"A,E","runId":"post-fix2"}
{"sessionId":"6c5c15","location":"pageInkDom.ts:resolvePageDomHit","message":"dom hit resolved","data":{"clientX":516.5,"clientY":199.5,"method":"rect","hitKind":null},"timestamp":1787926553726,"hypothesisId":"B","runId":"ipad-fix2"}
{"sessionId":"6c5c15","location":"workspaceFsm.tsx:fingerTapUp","message":"finger tap up","data":{"tool":"text","downHitKind":"empty","upHitKind":"empty","usedHitKind":"empty","effectTypes":[],"clientX":516.5,"clientY":199.5},"timestamp":1787926553727,"hypothesisId":"A,D,F","runId":"ipad-fix3"}
{"sessionId":"6c5c15","location":"TextEditBar.tsx:runExplicitCommit","message":"commit plan","data":{"textId":"b73c8000-265d-4b4d-862a-44db97b16a43","draftLen":0,"textareaLen":0,"draftMatchTextarea":true,"savedLen":0,"composing":false,"forceOnExplicit":false,"planKind":"skip","planReason":"unchanged"},"timestamp":1787926553762,"hypothesisId":"B,C","runId":"post-fix"}
{"sessionId":"6c5c15","location":"TextEditBar.tsx:handleBlur","message":"textarea blur","data":{"textId":"b73c8000-265d-4b4d-862a-44db97b16a43","draftLen":0,"textareaLen":0,"draftEmpty":true,"textareaEmpty":true},"timestamp":1787926553762,"hypothesisId":"B","runId":"post-fix"}
{"sessionId":"6c5c15","location":"useEditorController.tsx:textTapDown","message":"global pointerdown","data":{"pointerType":"touch","tracked":true},"timestamp":1787926554430,"hypothesisId":"A","runId":"post-fix"}
{"sessionId":"6c5c15","location":"pageInkDom.ts:resolvePageDomHit","message":"dom hit resolved","data":{"clientX":524.5,"clientY":204.5,"method":"rect","hitKind":null},"timestamp":1787926554430,"hypothesisId":"B","runId":"ipad-fix2"}
{"sessionId":"6c5c15","location":"useEditorController.tsx:textTapUp","message":"text tap up","data":{"pointerType":"touch","hasPending":false,"dist":0},"timestamp":1787926554476,"hypothesisId":"A,E","runId":"post-fix2"}
{"sessionId":"6c5c15","location":"pageInkDom.ts:resolvePageDomHit","message":"dom hit resolved","data":{"clientX":524.5,"clientY":204.5,"method":"rect","hitKind":null},"timestamp":1787926554477,"hypothesisId":"B","runId":"ipad-fix2"}
{"sessionId":"6c5c15","location":"workspaceFsm.tsx:fingerTapUp","message":"finger tap up","data":{"tool":"text","downHitKind":"empty","upHitKind":"empty","usedHitKind":"empty","effectTypes":[],"clientX":524.5,"clientY":204.5},"timestamp":1787926554477,"hypothesisId":"A,D,F","runId":"ipad-fix3"}
{"sessionId":"6c5c15","location":"useEditorController.tsx:textTapDown","message":"global pointerdown","data":{"pointerType":"touch","tracked":true},"timestamp":1787926554963,"hypothesisId":"A","runId":"post-fix"}
{"sessionId":"6c5c15","location":"pageInkDom.ts:resolvePageDomHit","message":"dom hit resolved","data":{"clientX":483.5,"clientY":277,"method":"rect","hitKind":"page","pageId":"7f5bf69a-2d2c-446d-9fdf-f9c07729cb09","localX":1170.1160136057667,"localY":65.9482567061327},"timestamp":1787926554963,"hypothesisId":"B","runId":"ipad-fix2"}
{"sessionId":"6c5c15","location":"pageInkDom.ts:resolvePageDomHit","message":"dom hit resolved","data":{"clientX":471.5,"clientY":273,"method":"rect","hitKind":"page","pageId":"7f5bf69a-2d2c-446d-9fdf-f9c07729cb09","localX":1137.7545011698885,"localY":55.16108641639656},"timestamp":1787926555153,"hypothesisId":"B","runId":"ipad-fix2"}
{"sessionId":"6c5c15","location":"pageInkDom.ts:resolvePageDomHit","message":"dom hit resolved","data":{"clientX":471.5,"clientY":273,"method":"rect","hitKind":"page","pageId":"7f5bf69a-2d2c-446d-9fdf-f9c07729cb09","localX":1137.7545011698885,"localY":55.16108641639656},"timestamp":1787926555154,"hypothesisId":"B","runId":"ipad-fix2"}
{"sessionId":"6c5c15","location":"pageInkDom.ts:resolvePageDomHit","message":"dom hit resolved","data":{"clientX":456.5,"clientY":277.5,"method":"rect","hitKind":"page","pageId":"7f5bf69a-2d2c-446d-9fdf-f9c07729cb09","localX":1129.6641230609189,"localY":78.08382328208587},"timestamp":1787926555162,"hypothesisId":"B","runId":"ipad-fix2"}
{"sessionId":"6c5c15","location":"pageInkDom.ts:resolvePageDomHit","message":"dom hit resolved","data":{"clientX":448.5,"clientY":279.5,"method":"rect","hitKind":"page","pageId":"7f5bf69a-2d2c-446d-9fdf-f9c07729cb09","localX":1148.5416668381242,"localY":71.34184185100078},"timestamp":1787926555168,"hypothesisId":"B","runId":"ipad-fix2"}
{"sessionId":"6c5c15","location":"pageInkDom.ts:resolvePageDomHit","message":"dom hit resolved","data":{"clientX":438.5,"clientY":282.5,"method":"rect","hitKind":"page","pageId":"7f5bf69a-2d2c-446d-9fdf-f9c07729cb09","localX":1143.1480814321444,"localY":74.03863442343481},"timestamp":1787926555177,"hypothesisId":"B","runId":"ipad-fix2"}
{"sessionId":"6c5c15","location":"pageInkDom.ts:resolvePageDomHit","message":"dom hit resolved","data":{"clientX":431,"clientY":283.5,"method":"rect","hitKind":"page","pageId":"7f5bf69a-2d2c-446d-9fdf-f9c07729cb09","localX":1149.8900644755502,"localY":68.64509042835576},"timestamp":1787926555185,"hypothesisId":"B","runId":"ipad-fix2"}
{"sessionId":"6c5c15","location":"pageInkDom.ts:resolvePageDomHit","message":"dom hit resolved","data":{"clientX":422,"clientY":287.5,"method":"rect","hitKind":"page","pageId":"7f5bf69a-2d2c-446d-9fdf-f9c07729cb09","localX":1145.8448953529953,"localY":76.73546814565786},"timestamp":1787926555193,"hypothesisId":"B","runId":"ipad-fix2"}
{"sessionId":"6c5c15","location":"pageInkDom.ts:resolvePageDomHit","message":"dom hit resolved","data":{"clientX":413.5,"clientY":290,"method":"rect","hitKind":"page","pageId":"7f5bf69a-2d2c-446d-9fdf-f9c07729cb09","localX":1147.1932910615246,"localY":72.6902792870068},"timestamp":1787926555202,"hypothesisId":"B","runId":"ipad-fix2"}
{"sessionId":"6c5c15","location":"pageInkDom.ts:resolvePageDomHit","message":"dom hit resolved","data":{"clientX":407,"clientY":292,"method":"rect","hitKind":"page","pageId":"7f5bf69a-2d2c-446d-9fdf-f9c07729cb09","localX":1152.5868764675045,"localY":71.34188300078978},"timestamp":1787926555210,"hypothesisId":"B","runId":"ipad-fix2"}
{"sessionId":"6c5c15","location":"pageInkDom.ts:resolvePageDomHit","message":"dom hit resolved","data":{"clientX":399.5,"clientY":294.5,"method":"rect","hitKind":"page","pageId":"7f5bf69a-2d2c-446d-9fdf-f9c07729cb09","localX":1149.8900837645144,"localY":72.6902792870068},"timestamp":1787926555218,"hypothesisId":"B","runId":"ipad-fix2"}
{"sessionId":"6c5c15","location":"pageInkDom.ts:resolvePageDomHit","message":"dom hit resolved","data":{"clientX":392.5,"clientY":296,"method":"rect","hitKind":"page","pageId":"7f5bf69a-2d2c-446d-9fdf-f9c07729cb09","localX":1151.2384852597334,"localY":69.99348671457277},"timestamp":1787926555227,"hypothesisId":"B","runId":"ipad-fix2"}
{"sessionId":"6c5c15","location":"pageInkDom.ts:resolvePageDomHit","message":"dom hit resolved","data":{"clientX":387.5,"clientY":297,"method":"rect","hitKind":"page","pageId":"7f5bf69a-2d2c-446d-9fdf-f9c07729cb09","localX":1156.6320706657132,"localY":68.64509042835576},"timestamp":1787926555235,"hypothesisId":"B","runId":"ipad-fix2"}
{"sessionId":"6c5c15","location":"pageInkDom.ts:resolvePageDomHit","message":"dom hit resolved","data":{"clientX":382,"clientY":297,"method":"rect","hitKind":"page","pageId":"7f5bf69a-2d2c-446d-9fdf-f9c07729cb09","localX":1155.2836743142182,"localY":65.94829785592171},"timestamp":1787926555243,"hypothesisId":"B","runId":"ipad-fix2"}
{"sessionId":"6c5c15","location":"pageInkDom.ts:resolvePageDomHit","message":"dom hit resolved","data":{"clientX":376.5,"clientY":297,"method":"rect","hitKind":"page","pageId":"7f5bf69a-2d2c-446d-9fdf-f9c07729cb09","localX":1155.2836743142182,"localY":65.94829785592171},"timestamp":1787926555252,"hypothesisId":"B","runId":"ipad-fix2"}
{"sessionId":"6c5c15","location":"pageInkDom.ts:resolvePageDomHit","message":"dom hit resolved","data":{"clientX":372,"clientY":297,"method":"rect","hitKind":"page","pageId":"7f5bf69a-2d2c-446d-9fdf-f9c07729cb09","localX":1157.980467017208,"localY":65.94829785592171},"timestamp":1787926555260,"hypothesisId":"B","runId":"ipad-fix2"}
{"sessionId":"6c5c15","location":"pageInkDom.ts:resolvePageDomHit","message":"dom hit resolved","data":{"clientX":368,"clientY":297,"method":"rect","hitKind":"page","pageId":"7f5bf69a-2d2c-446d-9fdf-f9c07729cb09","localX":1159.328863368703,"localY":65.94829785592171},"timestamp":1787926555268,"hypothesisId":"B","runId":"ipad-fix2"}
{"sessionId":"6c5c15","location":"pageInkDom.ts:resolvePageDomHit","message":"dom hit resolved","data":{"clientX":364,"clientY":296.5,"method":"rect","hitKind":"page","pageId":"7f5bf69a-2d2c-446d-9fdf-f9c07729cb09","localX":1159.328863368703,"localY":64.59990156970468},"timestamp":1787926555277,"hypothesisId":"B","runId":"ipad-fix2"}
{"sessionId":"6c5c15","location":"pageInkDom.ts:resolvePageDomHit","message":"dom hit resolved","data":{"clientX":360,"clientY":294.5,"method":"rect","hitKind":"page","pageId":"7f5bf69a-2d2c-446d-9fdf-f9c07729cb09","localX":1159.328863368703,"localY":60.55471271105364},"timestamp":1787926555285,"hypothesisId":"B","runId":"ipad-fix2"}
{"sessionId":"6c5c15","location":"pageInkDom.ts:resolvePageDomHit","message":"dom hit resolved","data":{"clientX":356.5,"clientY":293,"method":"rect","hitKind":"page","pageId":"7f5bf69a-2d2c-446d-9fdf-f9c07729cb09","localX":1160.677259720198,"localY":61.90310899727065},"timestamp":1787926555293,"hypothesisId":"B","runId":"ipad-fix2"}
{"sessionId":"6c5c15","location":"pageInkDom.ts:resolvePageDomHit","message":"dom hit resolved","data":{"clientX":353.5,"clientY":291.5,"method":"rect","hitKind":"page","pageId":"7f5bf69a-2d2c-446d-9fdf-f9c07729cb09","localX":1162.0256560716928,"localY":61.90310899727065},"timestamp":1787926555302,"hypothesisId":"B","runId":"ipad-fix2"}
{"sessionId":"6c5c15","location":"pageInkDom.ts:resolvePageDomHit","message":"dom hit resolved","data":{"clientX":350.5,"clientY":290,"method":"rect","hitKind":"page","pageId":"7f5bf69a-2d2c-446d-9fdf-f9c07729cb09","localX":1162.0256560716928,"localY":61.90310899727065},"timestamp":1787926555310,"hypothesisId":"B","runId":"ipad-fix2"}
{"sessionId":"6c5c15","location":"pageInkDom.ts:resolvePageDomHit","message":"dom hit resolved","data":{"clientX":347.5,"clientY":289.5,"method":"rect","hitKind":"page","pageId":"7f5bf69a-2d2c-446d-9fdf-f9c07729cb09","localX":1162.0256560716928,"localY":64.59990156970468},"timestamp":1787926555318,"hypothesisId":"B","runId":"ipad-fix2"}
{"sessionId":"6c5c15","location":"pageInkDom.ts:resolvePageDomHit","message":"dom hit resolved","data":{"clientX":345.5,"clientY":288.5,"method":"rect","hitKind":"page","pageId":"7f5bf69a-2d2c-446d-9fdf-f9c07729cb09","localX":1164.7224487746826,"localY":63.251505283487674},"timestamp":1787926555327,"hypothesisId":"B","runId":"ipad-fix2"}
{"sessionId":"6c5c15","location":"pageInkDom.ts:resolvePageDomHit","message":"dom hit resolved","data":{"clientX":344,"clientY":288,"method":"rect","hitKind":"page","pageId":"7f5bf69a-2d2c-446d-9fdf-f9c07729cb09","localX":1166.0708451261776,"localY":64.59990156970468},"timestamp":1787926555335,"hypothesisId":"B","runId":"ipad-fix2"}
{"sessionId":"6c5c15","location":"pageInkDom.ts:resolvePageDomHit","message":"dom hit resolved","data":{"clientX":342.5,"clientY":287.5,"method":"rect","hitKind":"page","pageId":"7f5bf69a-2d2c-446d-9fdf-f9c07729cb09","localX":1166.0708451261776,"localY":64.59990156970468},"timestamp":1787926555343,"hypothesisId":"B","runId":"ipad-fix2"}
{"sessionId":"6c5c15","location":"pageInkDom.ts:resolvePageDomHit","message":"dom hit resolved","data":{"clientX":342,"clientY":287.5,"method":"rect","hitKind":"page","pageId":"7f5bf69a-2d2c-446d-9fdf-f9c07729cb09","localX":1168.7676378291676,"localY":65.94829785592171},"timestamp":1787926555352,"hypothesisId":"B","runId":"ipad-fix2"}
{"sessionId":"6c5c15","location":"pageInkDom.ts:resolvePageDomHit","message":"dom hit resolved","data":{"clientX":342,"clientY":287,"method":"rect","hitKind":"page","pageId":"7f5bf69a-2d2c-446d-9fdf-f9c07729cb09","localX":1170.1160341806624,"localY":64.59990156970468},"timestamp":1787926555369,"hypothesisId":"B","runId":"ipad-fix2"}
{"sessionId":"6c5c15","location":"pageInkDom.ts:resolvePageDomHit","message":"dom hit resolved","data":{"clientX":342,"clientY":286.5,"method":"rect","hitKind":"page","pageId":"7f5bf69a-2d2c-446d-9fdf-f9c07729cb09","localX":1170.1160341806624,"localY":64.59990156970468},"timestamp":1787926555377,"hypothesisId":"B","runId":"ipad-fix2"}
{"sessionId":"6c5c15","location":"pageInkDom.ts:resolvePageDomHit","message":"dom hit resolved","data":{"clientX":342,"clientY":285,"method":"rect","hitKind":"page","pageId":"7f5bf69a-2d2c-446d-9fdf-f9c07729cb09","localX":1170.1160341806624,"localY":61.90310899727065},"timestamp":1787926555385,"hypothesisId":"B","runId":"ipad-fix2"}
{"sessionId":"6c5c15","location":"pageInkDom.ts:resolvePageDomHit","message":"dom hit resolved","data":{"clientX":344.5,"clientY":281.5,"method":"rect","hitKind":"page","pageId":"7f5bf69a-2d2c-446d-9fdf-f9c07729cb09","localX":1176.858015938137,"localY":56.50952385240259},"timestamp":1787926555394,"hypothesisId":"B","runId":"ipad-fix2"}
{"sessionId":"6c5c15","location":"pageInkDom.ts:resolvePageDomHit","message":"dom hit resolved","data":{"clientX":350,"clientY":277.5,"method":"rect","hitKind":"page","pageId":"7f5bf69a-2d2c-446d-9fdf-f9c07729cb09","localX":1184.9483940471066,"localY":55.161127566185556},"timestamp":1787926555402,"hypothesisId":"B","runId":"ipad-fix2"}
{"sessionId":"6c5c15","location":"pageInkDom.ts:resolvePageDomHit","message":"dom hit resolved","data":{"clientX":357.5,"clientY":270.5,"method":"rect","hitKind":"page","pageId":"7f5bf69a-2d2c-446d-9fdf-f9c07729cb09","localX":1190.3419794530864,"localY":47.070708699094446},"timestamp":1787926555410,"hypothesisId":"B","runId":"ipad-fix2"}
{"sessionId":"6c5c15","location":"pageInkDom.ts:resolvePageDomHit","message":"dom hit resolved","data":{"clientX":366,"clientY":264,"method":"rect","hitKind":"page","pageId":"7f5bf69a-2d2c-446d-9fdf-f9c07729cb09","localX":1193.0387721560762,"localY":48.41910498531146},"timestamp":1787926555418,"hypothesisId":"B","runId":"ipad-fix2"}
{"sessionId":"6c5c15","location":"pageInkDom.ts:resolvePageDomHit","message":"dom hit resolved","data":{"clientX":377,"clientY":256,"method":"rect","hitKind":"page","pageId":"7f5bf69a-2d2c-446d-9fdf-f9c07729cb09","localX":1199.7807539135508,"localY":44.373916126660404},"timestamp":1787926555427,"hypothesisId":"B","runId":"ipad-fix2"}
{"sessionId":"6c5c15","location":"pageInkDom.ts:resolvePageDomHit","message":"dom hit resolved","data":{"clientX":388,"clientY":248.5,"method":"rect","hitKind":"page","pageId":"7f5bf69a-2d2c-446d-9fdf-f9c07729cb09","localX":1199.7807539135508,"localY":45.72231241287742},"timestamp":1787926555435,"hypothesisId":"B","runId":"ipad-fix2"}
{"sessionId":"6c5c15","location":"pageInkDom.ts:resolvePageDomHit","message":"dom hit resolved","data":{"clientX":399.5,"clientY":241.5,"method":"rect","hitKind":null},"timestamp":1787926555443,"hypothesisId":"B","runId":"ipad-fix2"}
{"sessionId":"6c5c15","location":"pageInkDom.ts:resolvePageDomHit","message":"dom hit resolved","data":{"clientX":411,"clientY":234.5,"method":"rect","hitKind":null},"timestamp":1787926555452,"hypothesisId":"B","runId":"ipad-fix2"}
{"sessionId":"6c5c15","location":"pageInkDom.ts:resolvePageDomHit","message":"dom hit resolved","data":{"clientX":423,"clientY":228,"method":"rect","hitKind":null},"timestamp":1787926555460,"hypothesisId":"B","runId":"ipad-fix2"}
{"sessionId":"6c5c15","location":"pageInkDom.ts:resolvePageDomHit","message":"dom hit resolved","data":{"clientX":435,"clientY":221.5,"method":"rect","hitKind":null},"timestamp":1787926555469,"hypothesisId":"B","runId":"ipad-fix2"}
{"sessionId":"6c5c15","location":"pageInkDom.ts:resolvePageDomHit","message":"dom hit resolved","data":{"clientX":445.5,"clientY":215.5,"method":"rect","hitKind":"page","pageId":"7f5bf69a-2d2c-446d-9fdf-f9c07729cb09","localX":1198.4323533827803,"localY":49.76750127152848},"timestamp":1787926555477,"hypothesisId":"B","runId":"ipad-fix2"}
{"sessionId":"6c5c15","location":"pageInkDom.ts:resolvePageDomHit","message":"dom hit resolved","data":{"clientX":457.5,"clientY":209,"method":"rect","hitKind":null},"timestamp":1787926555485,"hypothesisId":"B","runId":"ipad-fix2"}
{"sessionId":"6c5c15","location":"pageInkDom.ts:resolvePageDomHit","message":"dom hit resolved","data":{"clientX":467,"clientY":203,"method":"rect","hitKind":"page","pageId":"7f5bf69a-2d2c-446d-9fdf-f9c07729cb09","localX":1195.7355391404467,"localY":49.76746494037637},"timestamp":1787926555493,"hypothesisId":"B","runId":"ipad-fix2"}
{"sessionId":"6c5c15","location":"pageInkDom.ts:resolvePageDomHit","message":"dom hit resolved","data":{"clientX":476,"clientY":198,"method":"rect","hitKind":"page","pageId":"7f5bf69a-2d2c-446d-9fdf-f9c07729cb09","localX":1194.3871479326758,"localY":52.46425777392207},"timestamp":1787926555502,"hypothesisId":"B","runId":"ipad-fix2"}
{"sessionId":"6c5c15","location":"pageInkDom.ts:resolvePageDomHit","message":"dom hit resolved","data":{"clientX":484.5,"clientY":192.5,"method":"rect","hitKind":"page","pageId":"7f5bf69a-2d2c-446d-9fdf-f9c07729cb09","localX":1193.0387515811808,"localY":51.11586135714922},"timestamp":1787926555510,"hypothesisId":"B","runId":"ipad-fix2"}
{"sessionId":"6c5c15","location":"pageInkDom.ts:resolvePageDomHit","message":"dom hit resolved","data":{"clientX":492.5,"clientY":187.5,"method":"rect","hitKind":"page","pageId":"7f5bf69a-2d2c-446d-9fdf-f9c07729cb09","localX":1191.6903552296858,"localY":52.46425777392207},"timestamp":1787926555519,"hypothesisId":"B","runId":"ipad-fix2"}
{"sessionId":"6c5c15","location":"pageInkDom.ts:resolvePageDomHit","message":"dom hit resolved","data":{"clientX":498.5,"clientY":183.5,"method":"rect","hitKind":"page","pageId":"7f5bf69a-2d2c-446d-9fdf-f9c07729cb09","localX":1186.296769823706,"localY":55.16105060746777},"timestamp":1787926555527,"hypothesisId":"B","runId":"ipad-fix2"}
{"sessionId":"6c5c15","location":"pageInkDom.ts:resolvePageDomHit","message":"dom hit resolved","data":{"clientX":505.5,"clientY":179,"method":"rect","hitKind":"page","pageId":"7f5bf69a-2d2c-446d-9fdf-f9c07729cb09","localX":1188.993562526696,"localY":53.812654190694914},"timestamp":1787926555535,"hypothesisId":"B","runId":"ipad-fix2"}
{"sessionId":"6c5c15","location":"pageInkDom.ts:resolvePageDomHit","message":"dom hit resolved","data":{"clientX":511,"clientY":174.5,"method":"rect","hitKind":"page","pageId":"7f5bf69a-2d2c-446d-9fdf-f9c07729cb09","localX":1184.9483734722112,"localY":53.812654190694914},"timestamp":1787926555544,"hypothesisId":"B","runId":"ipad-fix2"}
{"sessionId":"6c5c15","location":"pageInkDom.ts:resolvePageDomHit","message":"dom hit resolved","data":{"clientX":516.5,"clientY":169.5,"method":"rect","hitKind":"page","pageId":"7f5bf69a-2d2c-446d-9fdf-f9c07729cb09","localX":1184.9483734722112,"localY":52.46425777392207},"timestamp":1787926555552,"hypothesisId":"B","runId":"ipad-fix2"}
{"sessionId":"6c5c15","location":"pageInkDom.ts:resolvePageDomHit","message":"dom hit resolved","data":{"clientX":522,"clientY":165,"method":"rect","hitKind":"page","pageId":"7f5bf69a-2d2c-446d-9fdf-f9c07729cb09","localX":1184.9483734722112,"localY":53.812654190694914},"timestamp":1787926555560,"hypothesisId":"B","runId":"ipad-fix2"}
{"sessionId":"6c5c15","location":"pageInkDom.ts:resolvePageDomHit","message":"dom hit resolved","data":{"clientX":526.5,"clientY":159.5,"method":"rect","hitKind":"page","pageId":"7f5bf69a-2d2c-446d-9fdf-f9c07729cb09","localX":1182.2515807692212,"localY":51.11586135714922},"timestamp":1787926555569,"hypothesisId":"B","runId":"ipad-fix2"}
{"sessionId":"6c5c15","location":"pageInkDom.ts:resolvePageDomHit","message":"dom hit resolved","data":{"clientX":530.5,"clientY":156,"method":"rect","hitKind":"page","pageId":"7f5bf69a-2d2c-446d-9fdf-f9c07729cb09","localX":1180.9031844177264,"localY":56.509447024240615},"timestamp":1787926555577,"hypothesisId":"B","runId":"ipad-fix2"}
{"sessionId":"6c5c15","location":"pageInkDom.ts:resolvePageDomHit","message":"dom hit resolved","data":{"clientX":535,"clientY":150,"method":"rect","hitKind":"page","pageId":"7f5bf69a-2d2c-446d-9fdf-f9c07729cb09","localX":1182.2515807692212,"localY":49.76746494037637},"timestamp":1787926555585,"hypothesisId":"B","runId":"ipad-fix2"}
{"sessionId":"6c5c15","location":"pageInkDom.ts:resolvePageDomHit","message":"dom hit resolved","data":{"clientX":539,"clientY":145,"method":"rect","hitKind":"page","pageId":"7f5bf69a-2d2c-446d-9fdf-f9c07729cb09","localX":1180.9031844177264,"localY":52.464273269068016},"timestamp":1787926555594,"hypothesisId":"B","runId":"ipad-fix2"}
{"sessionId":"6c5c15","location":"pageInkDom.ts:resolvePageDomHit","message":"dom hit resolved","data":{"clientX":542.5,"clientY":140.5,"method":"rect","hitKind":"page","pageId":"7f5bf69a-2d2c-446d-9fdf-f9c07729cb09","localX":1179.5547880662314,"localY":53.812669555285034},"timestamp":1787926555602,"hypothesisId":"B","runId":"ipad-fix2"}
{"sessionId":"6c5c15","location":"pageInkDom.ts:resolvePageDomHit","message":"dom hit resolved","data":{"clientX":546.5,"clientY":135.5,"method":"rect","hitKind":"page","pageId":"7f5bf69a-2d2c-446d-9fdf-f9c07729cb09","localX":1180.9031844177264,"localY":52.464273269068016},"timestamp":1787926555610,"hypothesisId":"B","runId":"ipad-fix2"}
{"sessionId":"6c5c15","location":"pageInkDom.ts:resolvePageDomHit","message":"dom hit resolved","data":{"clientX":550,"clientY":130,"method":"rect","hitKind":"page","pageId":"7f5bf69a-2d2c-446d-9fdf-f9c07729cb09","localX":1179.5547880662314,"localY":51.11587698285099},"timestamp":1787926555619,"hypothesisId":"B","runId":"ipad-fix2"}
{"sessionId":"6c5c15","location":"pageInkDom.ts:resolvePageDomHit","message":"dom hit resolved","data":{"clientX":553.5,"clientY":124.5,"method":"rect","hitKind":"page","pageId":"7f5bf69a-2d2c-446d-9fdf-f9c07729cb09","localX":1179.5547880662314,"localY":51.11587698285099},"timestamp":1787926555627,"hypothesisId":"B","runId":"ipad-fix2"}
{"sessionId":"6c5c15","location":"pageInkDom.ts:resolvePageDomHit","message":"dom hit resolved","data":{"clientX":557,"clientY":119,"method":"rect","hitKind":"page","pageId":"7f5bf69a-2d2c-446d-9fdf-f9c07729cb09","localX":1179.5547880662314,"localY":51.11587698285099},"timestamp":1787926555635,"hypothesisId":"B","runId":"ipad-fix2"}
{"sessionId":"6c5c15","location":"pageInkDom.ts:resolvePageDomHit","message":"dom hit resolved","data":{"clientX":563,"clientY":108.5,"method":"rect","hitKind":"page","pageId":"7f5bf69a-2d2c-446d-9fdf-f9c07729cb09","localX":1176.8579953632416,"localY":52.464273269068016},"timestamp":1787926555652,"hypothesisId":"B","runId":"ipad-fix2"}
{"sessionId":"6c5c15","location":"pageInkDom.ts:resolvePageDomHit","message":"dom hit resolved","data":{"clientX":560.5,"clientY":113.5,"method":"rect","hitKind":"page","pageId":"7f5bf69a-2d2c-446d-9fdf-f9c07729cb09","localX":1179.5547880662314,"localY":51.11587698285099},"timestamp":1787926555644,"hypothesisId":"B","runId":"ipad-fix2"}
{"sessionId":"6c5c15","location":"pageInkDom.ts:resolvePageDomHit","message":"dom hit resolved","data":{"clientX":566,"clientY":102.5,"method":"rect","hitKind":"page","pageId":"7f5bf69a-2d2c-446d-9fdf-f9c07729cb09","localX":1178.206371139841,"localY":49.767480696633974},"timestamp":1787926555660,"hypothesisId":"B","runId":"ipad-fix2"}
{"sessionId":"6c5c15","location":"pageInkDom.ts:resolvePageDomHit","message":"dom hit resolved","data":{"clientX":568,"clientY":97.5,"method":"rect","hitKind":"page","pageId":"7f5bf69a-2d2c-446d-9fdf-f9c07729cb09","localX":1175.5095784368511,"localY":52.464273269068016},"timestamp":1787926555669,"hypothesisId":"B","runId":"ipad-fix2"}
{"sessionId":"6c5c15","location":"pageInkDom.ts:resolvePageDomHit","message":"dom hit resolved","data":{"clientX":570.5,"clientY":92,"method":"rect","hitKind":"page","pageId":"7f5bf69a-2d2c-446d-9fdf-f9c07729cb09","localX":1176.857974788346,"localY":51.11587698285099},"timestamp":1787926555677,"hypothesisId":"B","runId":"ipad-fix2"}
{"sessionId":"6c5c15","location":"pageInkDom.ts:resolvePageDomHit","message":"dom hit resolved","data":{"clientX":572.5,"clientY":86.5,"method":"rect","hitKind":"page","pageId":"7f5bf69a-2d2c-446d-9fdf-f9c07729cb09","localX":1175.5095784368511,"localY":51.11587698285099},"timestamp":1787926555685,"hypothesisId":"B","runId":"ipad-fix2"}
{"sessionId":"6c5c15","location":"pageInkDom.ts:resolvePageDomHit","message":"dom hit resolved","data":{"clientX":574.5,"clientY":81.5,"method":"rect","hitKind":"page","pageId":"7f5bf69a-2d2c-446d-9fdf-f9c07729cb09","localX":1175.5095784368511,"localY":52.464273269068016},"timestamp":1787926555694,"hypothesisId":"B","runId":"ipad-fix2"}
{"sessionId":"6c5c15","location":"pageInkDom.ts:resolvePageDomHit","message":"dom hit resolved","data":{"clientX":576,"clientY":76.5,"method":"rect","hitKind":"page","pageId":"7f5bf69a-2d2c-446d-9fdf-f9c07729cb09","localX":1174.1612232351472,"localY":52.464273269068016},"timestamp":1787926555702,"hypothesisId":"B","runId":"ipad-fix2"}
{"sessionId":"6c5c15","location":"pageInkDom.ts:resolvePageDomHit","message":"dom hit resolved","data":{"clientX":577.5,"clientY":72,"method":"rect","hitKind":"page","pageId":"7f5bf69a-2d2c-446d-9fdf-f9c07729cb09","localX":1174.1612232351472,"localY":53.812669555285034},"timestamp":1787926555710,"hypothesisId":"B","runId":"ipad-fix2"}
{"sessionId":"6c5c15","location":"pageInkDom.ts:resolvePageDomHit","message":"dom hit resolved","data":{"clientX":578.5,"clientY":67.5,"method":"rect","hitKind":"page","pageId":"7f5bf69a-2d2c-446d-9fdf-f9c07729cb09","localX":1172.8128268836522,"localY":53.812669555285034},"timestamp":1787926555719,"hypothesisId":"B","runId":"ipad-fix2"}
{"sessionId":"6c5c15","location":"pageInkDom.ts:resolvePageDomHit","message":"dom hit resolved","data":{"clientX":579.5,"clientY":63.5,"method":"rect","hitKind":"page","pageId":"7f5bf69a-2d2c-446d-9fdf-f9c07729cb09","localX":1172.8128268836522,"localY":55.161065841502044},"timestamp":1787926555727,"hypothesisId":"B","runId":"ipad-fix2"}
{"sessionId":"6c5c15","location":"pageInkDom.ts:resolvePageDomHit","message":"dom hit resolved","data":{"clientX":580,"clientY":59.5,"method":"rect","hitKind":"page","pageId":"7f5bf69a-2d2c-446d-9fdf-f9c07729cb09","localX":1171.4644305321574,"localY":55.161065841502044},"timestamp":1787926555735,"hypothesisId":"B","runId":"ipad-fix2"}
{"sessionId":"6c5c15","location":"pageInkDom.ts:resolvePageDomHit","message":"dom hit resolved","data":{"clientX":580,"clientY":56.5,"method":"rect","hitKind":"page","pageId":"7f5bf69a-2d2c-446d-9fdf-f9c07729cb09","localX":1170.1160341806624,"localY":57.857858413936086},"timestamp":1787926555744,"hypothesisId":"B","runId":"ipad-fix2"}
{"sessionId":"6c5c15","location":"pageInkDom.ts:resolvePageDomHit","message":"dom hit resolved","data":{"clientX":580,"clientY":53,"method":"rect","hitKind":"page","pageId":"7f5bf69a-2d2c-446d-9fdf-f9c07729cb09","localX":1170.1160341806624,"localY":56.50946212771907},"timestamp":1787926555752,"hypothesisId":"B","runId":"ipad-fix2"}
{"sessionId":"6c5c15","location":"pageInkDom.ts:resolvePageDomHit","message":"dom hit resolved","data":{"clientX":580,"clientY":50.5,"method":"rect","hitKind":"page","pageId":"7f5bf69a-2d2c-446d-9fdf-f9c07729cb09","localX":1170.1160341806624,"localY":59.20625470015311},"timestamp":1787926555760,"hypothesisId":"B","runId":"ipad-fix2"}
{"sessionId":"6c5c15","location":"pageInkDom.ts:resolvePageDomHit","message":"dom hit resolved","data":{"clientX":580,"clientY":48.5,"method":"rect","hitKind":"page","pageId":"7f5bf69a-2d2c-446d-9fdf-f9c07729cb09","localX":1170.1160341806624,"localY":60.55465098637013},"timestamp":1787926555769,"hypothesisId":"B","runId":"ipad-fix2"}
{"sessionId":"6c5c15","location":"pageInkDom.ts:resolvePageDomHit","message":"dom hit resolved","data":{"clientX":580,"clientY":47,"method":"rect","hitKind":"page","pageId":"7f5bf69a-2d2c-446d-9fdf-f9c07729cb09","localX":1170.1160341806624,"localY":61.90304727258714},"timestamp":1787926555777,"hypothesisId":"B","runId":"ipad-fix2"}
{"sessionId":"6c5c15","location":"pageInkDom.ts:resolvePageDomHit","message":"dom hit resolved","data":{"clientX":580,"clientY":46,"method":"rect","hitKind":"page","pageId":"7f5bf69a-2d2c-446d-9fdf-f9c07729cb09","localX":1170.1160341806624,"localY":63.25144355880416},"timestamp":1787926555785,"hypothesisId":"B","runId":"ipad-fix2"}
{"sessionId":"6c5c15","location":"pageInkDom.ts:resolvePageDomHit","message":"dom hit resolved","data":{"clientX":579.5,"clientY":45.5,"method":"rect","hitKind":"page","pageId":"7f5bf69a-2d2c-446d-9fdf-f9c07729cb09","localX":1168.7676378291676,"localY":64.59983984502118},"timestamp":1787926555794,"hypothesisId":"B","runId":"ipad-fix2"}
{"sessionId":"6c5c15","location":"pageInkDom.ts:resolvePageDomHit","message":"dom hit resolved","data":{"clientX":579,"clientY":45.5,"method":"rect","hitKind":"page","pageId":"7f5bf69a-2d2c-446d-9fdf-f9c07729cb09","localX":1168.7676378291676,"localY":65.9482361312382},"timestamp":1787926555802,"hypothesisId":"B","runId":"ipad-fix2"}
{"sessionId":"6c5c15","location":"pageInkDom.ts:resolvePageDomHit","message":"dom hit resolved","data":{"clientX":578.5,"clientY":45.5,"method":"rect","hitKind":"page","pageId":"7f5bf69a-2d2c-446d-9fdf-f9c07729cb09","localX":1168.7676378291676,"localY":65.9482361312382},"timestamp":1787926555819,"hypothesisId":"B","runId":"ipad-fix2"}
{"sessionId":"6c5c15","location":"pageInkDom.ts:resolvePageDomHit","message":"dom hit resolved","data":{"clientX":577.5,"clientY":47,"method":"rect","hitKind":"page","pageId":"7f5bf69a-2d2c-446d-9fdf-f9c07729cb09","localX":1167.4192414776726,"localY":69.99342498988925},"timestamp":1787926555836,"hypothesisId":"B","runId":"ipad-fix2"}
{"sessionId":"6c5c15","location":"useEditorController.tsx:textTapUp","message":"text tap up","data":{"pointerType":"touch","hasPending":false,"dist":242.1471659962181},"timestamp":1787926555844,"hypothesisId":"A,E","runId":"post-fix2"}
{"sessionId":"6c5c15","location":"pageInkDom.ts:resolvePageDomHit","message":"dom hit resolved","data":{"clientX":573,"clientY":52,"method":"rect","hitKind":"page","pageId":"7f5bf69a-2d2c-446d-9fdf-f9c07729cb09","localX":1157.980467017208,"localY":79.43219899340839},"timestamp":1787926555844,"hypothesisId":"B","runId":"ipad-fix2"}
{"sessionId":"6c5c15","location":"useEditorController.tsx:textTapDown","message":"global pointerdown","data":{"pointerType":"touch","tracked":true},"timestamp":1787926556288,"hypothesisId":"A","runId":"post-fix"}
{"sessionId":"6c5c15","location":"pageInkDom.ts:resolvePageDomHit","message":"dom hit resolved","data":{"clientX":360,"clientY":635.5,"method":"rect","hitKind":"page","pageId":"7f5bf69a-2d2c-446d-9fdf-f9c07729cb09","localX":583.5636212803676,"localY":1653.0106650086689},"timestamp":1787926556289,"hypothesisId":"B","runId":"ipad-fix2"}
{"sessionId":"6c5c15","location":"pageInkDom.ts:resolvePageDomHit","message":"dom hit resolved","data":{"clientX":356.5,"clientY":630,"method":"rect","hitKind":"page","pageId":"7f5bf69a-2d2c-446d-9fdf-f9c07729cb09","localX":574.124846819903,"localY":1638.1783058602819},"timestamp":1787926556369,"hypothesisId":"B","runId":"ipad-fix2"}
{"sessionId":"6c5c15","location":"pageInkDom.ts:resolvePageDomHit","message":"dom hit resolved","data":{"clientX":356.5,"clientY":630,"method":"rect","hitKind":"page","pageId":"7f5bf69a-2d2c-446d-9fdf-f9c07729cb09","localX":574.124846819903,"localY":1638.1783058602819},"timestamp":1787926556370,"hypothesisId":"B","runId":"ipad-fix2"}
{"sessionId":"6c5c15","location":"pageInkDom.ts:resolvePageDomHit","message":"dom hit resolved","data":{"clientX":356.5,"clientY":621,"method":"rect","hitKind":"page","pageId":"7f5bf69a-2d2c-446d-9fdf-f9c07729cb09","localX":574.124846819903,"localY":1613.9071727083756},"timestamp":1787926556377,"hypothesisId":"B","runId":"ipad-fix2"}
{"sessionId":"6c5c15","location":"pageInkDom.ts:resolvePageDomHit","message":"dom hit resolved","data":{"clientX":356.5,"clientY":614.5,"method":"rect","hitKind":"page","pageId":"7f5bf69a-2d2c-446d-9fdf-f9c07729cb09","localX":583.5636212803676,"localY":1635.4815132878477},"timestamp":1787926556386,"hypothesisId":"B","runId":"ipad-fix2"}
{"sessionId":"6c5c15","location":"pageInkDom.ts:resolvePageDomHit","message":"dom hit resolved","data":{"clientX":356,"clientY":606,"method":"rect","hitKind":"page","pageId":"7f5bf69a-2d2c-446d-9fdf-f9c07729cb09","localX":582.2152249288725,"localY":1630.0879281429798},"timestamp":1787926556394,"hypothesisId":"B","runId":"ipad-fix2"}
{"sessionId":"6c5c15","location":"pageInkDom.ts:resolvePageDomHit","message":"dom hit resolved","data":{"clientX":354.5,"clientY":596,"method":"rect","hitKind":"page","pageId":"7f5bf69a-2d2c-446d-9fdf-f9c07729cb09","localX":579.5183910760918,"localY":1626.0427392843287},"timestamp":1787926556402,"hypothesisId":"B","runId":"ipad-fix2"}
{"sessionId":"6c5c15","location":"pageInkDom.ts:resolvePageDomHit","message":"dom hit resolved","data":{"clientX":353.5,"clientY":587.5,"method":"rect","hitKind":"page","pageId":"7f5bf69a-2d2c-446d-9fdf-f9c07729cb09","localX":580.8667874275867,"localY":1630.0879281429798},"timestamp":1787926556411,"hypothesisId":"B","runId":"ipad-fix2"}
{"sessionId":"6c5c15","location":"pageInkDom.ts:resolvePageDomHit","message":"dom hit resolved","data":{"clientX":353,"clientY":578.5,"method":"rect","hitKind":"page","pageId":"7f5bf69a-2d2c-446d-9fdf-f9c07729cb09","localX":582.2151837790816,"localY":1628.7395318567628},"timestamp":1787926556419,"hypothesisId":"B","runId":"ipad-fix2"}
{"sessionId":"6c5c15","location":"pageInkDom.ts:resolvePageDomHit","message":"dom hit resolved","data":{"clientX":353,"clientY":568.5,"method":"rect","hitKind":"page","pageId":"7f5bf69a-2d2c-446d-9fdf-f9c07729cb09","localX":583.5635801305765,"localY":1626.0427392843287},"timestamp":1787926556427,"hypothesisId":"B","runId":"ipad-fix2"}
{"sessionId":"6c5c15","location":"pageInkDom.ts:resolvePageDomHit","message":"dom hit resolved","data":{"clientX":353,"clientY":557.5,"method":"rect","hitKind":"page","pageId":"7f5bf69a-2d2c-446d-9fdf-f9c07729cb09","localX":583.5635801305765,"localY":1623.3459467118946},"timestamp":1787926556436,"hypothesisId":"B","runId":"ipad-fix2"}
{"sessionId":"6c5c15","location":"pageInkDom.ts:resolvePageDomHit","message":"dom hit resolved","data":{"clientX":353,"clientY":547,"method":"rect","hitKind":"page","pageId":"7f5bf69a-2d2c-446d-9fdf-f9c07729cb09","localX":583.5635801305765,"localY":1624.6943429981118},"timestamp":1787926556444,"hypothesisId":"B","runId":"ipad-fix2"}
{"sessionId":"6c5c15","location":"pageInkDom.ts:resolvePageDomHit","message":"dom hit resolved","data":{"clientX":353.5,"clientY":533.5,"method":"rect","hitKind":"page","pageId":"7f5bf69a-2d2c-446d-9fdf-f9c07729cb09","localX":584.9119764820715,"localY":1616.6039652808095},"timestamp":1787926556452,"hypothesisId":"B","runId":"ipad-fix2"}
{"sessionId":"6c5c15","location":"pageInkDom.ts:resolvePageDomHit","message":"dom hit resolved","data":{"clientX":355.5,"clientY":524,"method":"rect","hitKind":"page","pageId":"7f5bf69a-2d2c-446d-9fdf-f9c07729cb09","localX":588.9571655365562,"localY":1627.3911561454404},"timestamp":1787926556461,"hypothesisId":"B","runId":"ipad-fix2"}
{"sessionId":"6c5c15","location":"pageInkDom.ts:resolvePageDomHit","message":"dom hit resolved","data":{"clientX":357.5,"clientY":511.5,"method":"rect","hitKind":"page","pageId":"7f5bf69a-2d2c-446d-9fdf-f9c07729cb09","localX":588.9571655365562,"localY":1619.300778428138},"timestamp":1787926556469,"hypothesisId":"B","runId":"ipad-fix2"}
{"sessionId":"6c5c15","location":"pageInkDom.ts:resolvePageDomHit","message":"dom hit resolved","data":{"clientX":359.5,"clientY":501,"method":"rect","hitKind":"page","pageId":"7f5bf69a-2d2c-446d-9fdf-f9c07729cb09","localX":588.9572066863473,"localY":1624.694363573006},"timestamp":1787926556477,"hypothesisId":"B","runId":"ipad-fix2"}
{"sessionId":"6c5c15","location":"pageInkDom.ts:resolvePageDomHit","message":"dom hit resolved","data":{"clientX":361,"clientY":489.5,"method":"rect","hitKind":"page","pageId":"7f5bf69a-2d2c-446d-9fdf-f9c07729cb09","localX":587.6088103348523,"localY":1621.9975710005722},"timestamp":1787926556486,"hypothesisId":"B","runId":"ipad-fix2"}
{"sessionId":"6c5c15","location":"pageInkDom.ts:resolvePageDomHit","message":"dom hit resolved","data":{"clientX":361.5,"clientY":481.5,"method":"rect","hitKind":"page","pageId":"7f5bf69a-2d2c-446d-9fdf-f9c07729cb09","localX":584.9120176318625,"localY":1631.4365029647215},"timestamp":1787926556494,"hypothesisId":"B","runId":"ipad-fix2"}
{"sessionId":"6c5c15","location":"pageInkDom.ts:resolvePageDomHit","message":"dom hit resolved","data":{"clientX":361.5,"clientY":471,"method":"rect","hitKind":"page","pageId":"7f5bf69a-2d2c-446d-9fdf-f9c07729cb09","localX":583.5636212803676,"localY":1624.6945208808572},"timestamp":1787926556502,"hypothesisId":"B","runId":"ipad-fix2"}
{"sessionId":"6c5c15","location":"pageInkDom.ts:resolvePageDomHit","message":"dom hit resolved","data":{"clientX":361.5,"clientY":464,"method":"rect","hitKind":"page","pageId":"7f5bf69a-2d2c-446d-9fdf-f9c07729cb09","localX":583.5636212803676,"localY":1634.1332957982675},"timestamp":1787926556511,"hypothesisId":"B","runId":"ipad-fix2"}
{"sessionId":"6c5c15","location":"pageInkDom.ts:resolvePageDomHit","message":"dom hit resolved","data":{"clientX":361,"clientY":456.5,"method":"rect","hitKind":"page","pageId":"7f5bf69a-2d2c-446d-9fdf-f9c07729cb09","localX":582.2152249288725,"localY":1632.7848993814944},"timestamp":1787926556519,"hypothesisId":"B","runId":"ipad-fix2"}
{"sessionId":"6c5c15","location":"pageInkDom.ts:resolvePageDomHit","message":"dom hit resolved","data":{"clientX":359,"clientY":450,"method":"rect","hitKind":"page","pageId":"7f5bf69a-2d2c-446d-9fdf-f9c07729cb09","localX":578.1700358743878,"localY":1635.48169221504},"timestamp":1787926556527,"hypothesisId":"B","runId":"ipad-fix2"}
{"sessionId":"6c5c15","location":"pageInkDom.ts:resolvePageDomHit","message":"dom hit resolved","data":{"clientX":356.5,"clientY":443.5,"method":"rect","hitKind":"page","pageId":"7f5bf69a-2d2c-446d-9fdf-f9c07729cb09","localX":576.8216395228928,"localY":1635.48169221504},"timestamp":1787926556536,"hypothesisId":"B","runId":"ipad-fix2"}
{"sessionId":"6c5c15","location":"pageInkDom.ts:resolvePageDomHit","message":"dom hit resolved","data":{"clientX":354,"clientY":439,"method":"rect","hitKind":"page","pageId":"7f5bf69a-2d2c-446d-9fdf-f9c07729cb09","localX":576.8216395228928,"localY":1640.8752778821315},"timestamp":1787926556544,"hypothesisId":"B","runId":"ipad-fix2"}
{"sessionId":"6c5c15","location":"pageInkDom.ts:resolvePageDomHit","message":"dom hit resolved","data":{"clientX":352,"clientY":434.5,"method":"rect","hitKind":"page","pageId":"7f5bf69a-2d2c-446d-9fdf-f9c07729cb09","localX":578.1699947245968,"localY":1640.8752778821315},"timestamp":1787926556553,"hypothesisId":"B","runId":"ipad-fix2"}
{"sessionId":"6c5c15","location":"pageInkDom.ts:resolvePageDomHit","message":"dom hit resolved","data":{"clientX":349.5,"clientY":430.5,"method":"rect","hitKind":"page","pageId":"7f5bf69a-2d2c-446d-9fdf-f9c07729cb09","localX":576.8215983731019,"localY":1642.2236742989044},"timestamp":1787926556561,"hypothesisId":"B","runId":"ipad-fix2"}
{"sessionId":"6c5c15","location":"pageInkDom.ts:resolvePageDomHit","message":"dom hit resolved","data":{"clientX":347,"clientY":426.5,"method":"rect","hitKind":"page","pageId":"7f5bf69a-2d2c-446d-9fdf-f9c07729cb09","localX":576.8215983731019,"localY":1642.2236742989044},"timestamp":1787926556569,"hypothesisId":"B","runId":"ipad-fix2"}
{"sessionId":"6c5c15","location":"pageInkDom.ts:resolvePageDomHit","message":"dom hit resolved","data":{"clientX":345,"clientY":423.5,"method":"rect","hitKind":"page","pageId":"7f5bf69a-2d2c-446d-9fdf-f9c07729cb09","localX":578.1699947245968,"localY":1644.92046713245},"timestamp":1787926556578,"hypothesisId":"B","runId":"ipad-fix2"}
{"sessionId":"6c5c15","location":"pageInkDom.ts:resolvePageDomHit","message":"dom hit resolved","data":{"clientX":342.5,"clientY":420.5,"method":"rect","hitKind":"page","pageId":"7f5bf69a-2d2c-446d-9fdf-f9c07729cb09","localX":576.8215983731019,"localY":1644.92046713245},"timestamp":1787926556586,"hypothesisId":"B","runId":"ipad-fix2"}
{"sessionId":"6c5c15","location":"pageInkDom.ts:resolvePageDomHit","message":"dom hit resolved","data":{"clientX":340.5,"clientY":418,"method":"rect","hitKind":"page","pageId":"7f5bf69a-2d2c-446d-9fdf-f9c07729cb09","localX":578.1700152994923,"localY":1646.268863549223},"timestamp":1787926556594,"hypothesisId":"B","runId":"ipad-fix2"}
{"sessionId":"6c5c15","location":"pageInkDom.ts:resolvePageDomHit","message":"dom hit resolved","data":{"clientX":338,"clientY":415,"method":"rect","hitKind":"page","pageId":"7f5bf69a-2d2c-446d-9fdf-f9c07729cb09","localX":576.8216189479973,"localY":1644.92046713245},"timestamp":1787926556603,"hypothesisId":"B","runId":"ipad-fix2"}
{"sessionId":"6c5c15","location":"pageInkDom.ts:resolvePageDomHit","message":"dom hit resolved","data":{"clientX":335,"clientY":413,"method":"rect","hitKind":"page","pageId":"7f5bf69a-2d2c-446d-9fdf-f9c07729cb09","localX":575.4732225965024,"localY":1647.6172188162027},"timestamp":1787926556611,"hypothesisId":"B","runId":"ipad-fix2"}
{"sessionId":"6c5c15","location":"pageInkDom.ts:resolvePageDomHit","message":"dom hit resolved","data":{"clientX":329,"clientY":409.5,"method":"rect","hitKind":"page","pageId":"7f5bf69a-2d2c-446d-9fdf-f9c07729cb09","localX":574.1248262450075,"localY":1648.9656152329756},"timestamp":1787926556628,"hypothesisId":"B","runId":"ipad-fix2"}
{"sessionId":"6c5c15","location":"pageInkDom.ts:resolvePageDomHit","message":"dom hit resolved","data":{"clientX":332.5,"clientY":411,"method":"rect","hitKind":"page","pageId":"7f5bf69a-2d2c-446d-9fdf-f9c07729cb09","localX":576.8216189479973,"localY":1647.6172188162027},"timestamp":1787926556619,"hypothesisId":"B","runId":"ipad-fix2"}
{"sessionId":"6c5c15","location":"pageInkDom.ts:resolvePageDomHit","message":"dom hit resolved","data":{"clientX":325.5,"clientY":409,"method":"rect","hitKind":"page","pageId":"7f5bf69a-2d2c-446d-9fdf-f9c07729cb09","localX":574.1248262450075,"localY":1651.6624080665215},"timestamp":1787926556636,"hypothesisId":"B","runId":"ipad-fix2"}
{"sessionId":"6c5c15","location":"pageInkDom.ts:resolvePageDomHit","message":"dom hit resolved","data":{"clientX":321,"clientY":409,"method":"rect","hitKind":"page","pageId":"7f5bf69a-2d2c-446d-9fdf-f9c07729cb09","localX":571.4280335420176,"localY":1653.0108044832941},"timestamp":1787926556644,"hypothesisId":"B","runId":"ipad-fix2"}
{"sessionId":"6c5c15","location":"pageInkDom.ts:resolvePageDomHit","message":"dom hit resolved","data":{"clientX":315.5,"clientY":409,"method":"rect","hitKind":"page","pageId":"7f5bf69a-2d2c-446d-9fdf-f9c07729cb09","localX":568.7312408390278,"localY":1653.0108044832941},"timestamp":1787926556652,"hypothesisId":"B","runId":"ipad-fix2"}
{"sessionId":"6c5c15","location":"pageInkDom.ts:resolvePageDomHit","message":"dom hit resolved","data":{"clientX":310,"clientY":413,"method":"rect","hitKind":"page","pageId":"7f5bf69a-2d2c-446d-9fdf-f9c07729cb09","localX":568.7312408390278,"localY":1663.797975817477},"timestamp":1787926556661,"hypothesisId":"B","runId":"ipad-fix2"}
{"sessionId":"6c5c15","location":"pageInkDom.ts:resolvePageDomHit","message":"dom hit resolved","data":{"clientX":304,"clientY":419,"method":"rect","hitKind":"page","pageId":"7f5bf69a-2d2c-446d-9fdf-f9c07729cb09","localX":567.3828444875328,"localY":1669.1915614845684},"timestamp":1787926556669,"hypothesisId":"B","runId":"ipad-fix2"}
{"sessionId":"6c5c15","location":"pageInkDom.ts:resolvePageDomHit","message":"dom hit resolved","data":{"clientX":298,"clientY":427,"method":"rect","hitKind":"page","pageId":"7f5bf69a-2d2c-446d-9fdf-f9c07729cb09","localX":567.3828444875328,"localY":1674.5851883014527},"timestamp":1787926556678,"hypothesisId":"B","runId":"ipad-fix2"}
{"sessionId":"6c5c15","location":"pageInkDom.ts:resolvePageDomHit","message":"dom hit resolved","data":{"clientX":292,"clientY":435.5,"method":"rect","hitKind":"page","pageId":"7f5bf69a-2d2c-446d-9fdf-f9c07729cb09","localX":567.3828444875328,"localY":1675.9335847182256},"timestamp":1787926556686,"hypothesisId":"B","runId":"ipad-fix2"}
{"sessionId":"6c5c15","location":"pageInkDom.ts:resolvePageDomHit","message":"dom hit resolved","data":{"clientX":287,"clientY":445,"method":"rect","hitKind":"page","pageId":"7f5bf69a-2d2c-446d-9fdf-f9c07729cb09","localX":570.0796371905227,"localY":1678.6303775517713},"timestamp":1787926556694,"hypothesisId":"B","runId":"ipad-fix2"}
{"sessionId":"6c5c15","location":"pageInkDom.ts:resolvePageDomHit","message":"dom hit resolved","data":{"clientX":281.5,"clientY":454.5,"method":"rect","hitKind":"page","pageId":"7f5bf69a-2d2c-446d-9fdf-f9c07729cb09","localX":568.7312408390278,"localY":1678.6303775517713},"timestamp":1787926556703,"hypothesisId":"B","runId":"ipad-fix2"}
{"sessionId":"6c5c15","location":"pageInkDom.ts:resolvePageDomHit","message":"dom hit resolved","data":{"clientX":276.5,"clientY":465,"method":"rect","hitKind":"page","pageId":"7f5bf69a-2d2c-446d-9fdf-f9c07729cb09","localX":570.0796371905227,"localY":1681.327170385317},"timestamp":1787926556711,"hypothesisId":"B","runId":"ipad-fix2"}
{"sessionId":"6c5c15","location":"pageInkDom.ts:resolvePageDomHit","message":"dom hit resolved","data":{"clientX":271.5,"clientY":477.5,"method":"rect","hitKind":"page","pageId":"7f5bf69a-2d2c-446d-9fdf-f9c07729cb09","localX":570.0796371905227,"localY":1686.7207560524084},"timestamp":1787926556719,"hypothesisId":"B","runId":"ipad-fix2"}
{"sessionId":"6c5c15","location":"pageInkDom.ts:resolvePageDomHit","message":"dom hit resolved","data":{"clientX":267,"clientY":489.5,"method":"rect","hitKind":"page","pageId":"7f5bf69a-2d2c-446d-9fdf-f9c07729cb09","localX":571.4280335420176,"localY":1685.3723596356356},"timestamp":1787926556728,"hypothesisId":"B","runId":"ipad-fix2"}
{"sessionId":"6c5c15","location":"pageInkDom.ts:resolvePageDomHit","message":"dom hit resolved","data":{"clientX":263.5,"clientY":500.5,"method":"rect","hitKind":"page","pageId":"7f5bf69a-2d2c-446d-9fdf-f9c07729cb09","localX":574.1248262450075,"localY":1682.6755668020899},"timestamp":1787926556736,"hypothesisId":"B","runId":"ipad-fix2"}
{"sessionId":"6c5c15","location":"pageInkDom.ts:resolvePageDomHit","message":"dom hit resolved","data":{"clientX":260,"clientY":513.5,"method":"rect","hitKind":"page","pageId":"7f5bf69a-2d2c-446d-9fdf-f9c07729cb09","localX":574.1248262450075,"localY":1688.068989025206},"timestamp":1787926556744,"hypothesisId":"B","runId":"ipad-fix2"}
{"sessionId":"6c5c15","location":"pageInkDom.ts:resolvePageDomHit","message":"dom hit resolved","data":{"clientX":257,"clientY":523,"method":"rect","hitKind":"page","pageId":"7f5bf69a-2d2c-446d-9fdf-f9c07729cb09","localX":575.4732225965024,"localY":1678.630215021687},"timestamp":1787926556753,"hypothesisId":"B","runId":"ipad-fix2"}
{"sessionId":"6c5c15","location":"pageInkDom.ts:resolvePageDomHit","message":"dom hit resolved","data":{"clientX":253.5,"clientY":535,"method":"rect","hitKind":"page","pageId":"7f5bf69a-2d2c-446d-9fdf-f9c07729cb09","localX":574.1248262450075,"localY":1685.372196452772},"timestamp":1787926556761,"hypothesisId":"B","runId":"ipad-fix2"}
{"sessionId":"6c5c15","location":"pageInkDom.ts:resolvePageDomHit","message":"dom hit resolved","data":{"clientX":251,"clientY":546,"method":"rect","hitKind":"page","pageId":"7f5bf69a-2d2c-446d-9fdf-f9c07729cb09","localX":576.8216189479973,"localY":1682.6754038803379},"timestamp":1787926556769,"hypothesisId":"B","runId":"ipad-fix2"}
{"sessionId":"6c5c15","location":"pageInkDom.ts:resolvePageDomHit","message":"dom hit resolved","data":{"clientX":248,"clientY":558.5,"method":"rect","hitKind":"page","pageId":"7f5bf69a-2d2c-446d-9fdf-f9c07729cb09","localX":575.4732225965024,"localY":1686.7205721640946},"timestamp":1787926556778,"hypothesisId":"B","runId":"ipad-fix2"}
{"sessionId":"6c5c15","location":"pageInkDom.ts:resolvePageDomHit","message":"dom hit resolved","data":{"clientX":245.5,"clientY":568.5,"method":"rect","hitKind":"page","pageId":"7f5bf69a-2d2c-446d-9fdf-f9c07729cb09","localX":576.8216138042735,"localY":1679.9785907330095},"timestamp":1787926556786,"hypothesisId":"B","runId":"ipad-fix2"}
{"sessionId":"6c5c15","location":"pageInkDom.ts:resolvePageDomHit","message":"dom hit resolved","data":{"clientX":244,"clientY":579.5,"method":"rect","hitKind":"page","pageId":"7f5bf69a-2d2c-446d-9fdf-f9c07729cb09","localX":579.5184065072633,"localY":1682.6753833054433},"timestamp":1787926556794,"hypothesisId":"B","runId":"ipad-fix2"}
{"sessionId":"6c5c15","location":"pageInkDom.ts:resolvePageDomHit","message":"dom hit resolved","data":{"clientX":242,"clientY":590.5,"method":"rect","hitKind":"page","pageId":"7f5bf69a-2d2c-446d-9fdf-f9c07729cb09","localX":578.1700101557684,"localY":1682.6753833054433},"timestamp":1787926556803,"hypothesisId":"B","runId":"ipad-fix2"}
{"sessionId":"6c5c15","location":"pageInkDom.ts:resolvePageDomHit","message":"dom hit resolved","data":{"clientX":241.5,"clientY":601,"method":"rect","hitKind":"page","pageId":"7f5bf69a-2d2c-446d-9fdf-f9c07729cb09","localX":582.2151992102532,"localY":1681.3269870192264},"timestamp":1787926556811,"hypothesisId":"B","runId":"ipad-fix2"}
{"sessionId":"6c5c15","location":"pageInkDom.ts:resolvePageDomHit","message":"dom hit resolved","data":{"clientX":240.5,"clientY":610,"method":"rect","hitKind":"page","pageId":"7f5bf69a-2d2c-446d-9fdf-f9c07729cb09","localX":580.8668028587583,"localY":1677.2817981605754},"timestamp":1787926556819,"hypothesisId":"B","runId":"ipad-fix2"}
{"sessionId":"6c5c15","location":"pageInkDom.ts:resolvePageDomHit","message":"dom hit resolved","data":{"clientX":240.5,"clientY":620,"method":"rect","hitKind":"page","pageId":"7f5bf69a-2d2c-446d-9fdf-f9c07729cb09","localX":583.5635955617481,"localY":1679.9785907330095},"timestamp":1787926556828,"hypothesisId":"B","runId":"ipad-fix2"}
{"sessionId":"6c5c15","location":"pageInkDom.ts:resolvePageDomHit","message":"dom hit resolved","data":{"clientX":240.5,"clientY":628,"method":"rect","hitKind":"page","pageId":"7f5bf69a-2d2c-446d-9fdf-f9c07729cb09","localX":583.5635955617481,"localY":1674.5850055881415},"timestamp":1787926556836,"hypothesisId":"B","runId":"ipad-fix2"}
{"sessionId":"6c5c15","location":"pageInkDom.ts:resolvePageDomHit","message":"dom hit resolved","data":{"clientX":240.5,"clientY":639.5,"method":"rect","hitKind":"page","pageId":"7f5bf69a-2d2c-446d-9fdf-f9c07729cb09","localX":583.5635955617481,"localY":1684.0237795916603},"timestamp":1787926556844,"hypothesisId":"B","runId":"ipad-fix2"}
{"sessionId":"6c5c15","location":"pageInkDom.ts:resolvePageDomHit","message":"dom hit resolved","data":{"clientX":240.5,"clientY":649,"method":"rect","hitKind":"page","pageId":"7f5bf69a-2d2c-446d-9fdf-f9c07729cb09","localX":583.5635955617481,"localY":1678.6301944467923},"timestamp":1787926556853,"hypothesisId":"B","runId":"ipad-fix2"}
{"sessionId":"6c5c15","location":"pageInkDom.ts:resolvePageDomHit","message":"dom hit resolved","data":{"clientX":240.5,"clientY":659,"method":"rect","hitKind":"page","pageId":"7f5bf69a-2d2c-446d-9fdf-f9c07729cb09","localX":583.5635955617481,"localY":1679.9785907330095},"timestamp":1787926556861,"hypothesisId":"B","runId":"ipad-fix2"}
{"sessionId":"6c5c15","location":"pageInkDom.ts:resolvePageDomHit","message":"dom hit resolved","data":{"clientX":240.5,"clientY":666.5,"method":"rect","hitKind":"page","pageId":"7f5bf69a-2d2c-446d-9fdf-f9c07729cb09","localX":583.5635955617481,"localY":1673.2366093019243},"timestamp":1787926556869,"hypothesisId":"B","runId":"ipad-fix2"}
{"sessionId":"6c5c15","location":"pageInkDom.ts:resolvePageDomHit","message":"dom hit resolved","data":{"clientX":241,"clientY":676,"method":"rect","hitKind":"page","pageId":"7f5bf69a-2d2c-446d-9fdf-f9c07729cb09","localX":584.9119919132431,"localY":1678.6301944467923},"timestamp":1787926556878,"hypothesisId":"B","runId":"ipad-fix2"}
{"sessionId":"6c5c15","location":"pageInkDom.ts:resolvePageDomHit","message":"dom hit resolved","data":{"clientX":241.5,"clientY":683,"method":"rect","hitKind":"page","pageId":"7f5bf69a-2d2c-446d-9fdf-f9c07729cb09","localX":584.9119919132431,"localY":1671.8882130157074},"timestamp":1787926556886,"hypothesisId":"B","runId":"ipad-fix2"}
{"sessionId":"6c5c15","location":"pageInkDom.ts:resolvePageDomHit","message":"dom hit resolved","data":{"clientX":242.5,"clientY":690,"method":"rect","hitKind":"page","pageId":"7f5bf69a-2d2c-446d-9fdf-f9c07729cb09","localX":586.260388264738,"localY":1671.8882130157074},"timestamp":1787926556894,"hypothesisId":"B","runId":"ipad-fix2"}
{"sessionId":"6c5c15","location":"pageInkDom.ts:resolvePageDomHit","message":"dom hit resolved","data":{"clientX":244.5,"clientY":700.5,"method":"rect","hitKind":"page","pageId":"7f5bf69a-2d2c-446d-9fdf-f9c07729cb09","localX":586.260388264738,"localY":1667.843024157056},"timestamp":1787926556911,"hypothesisId":"B","runId":"ipad-fix2"}
{"sessionId":"6c5c15","location":"pageInkDom.ts:resolvePageDomHit","message":"dom hit resolved","data":{"clientX":243.5,"clientY":695,"method":"rect","hitKind":"page","pageId":"7f5bf69a-2d2c-446d-9fdf-f9c07729cb09","localX":586.260388264738,"localY":1666.4946278708392},"timestamp":1787926556903,"hypothesisId":"B","runId":"ipad-fix2"}
{"sessionId":"6c5c15","location":"pageInkDom.ts:resolvePageDomHit","message":"dom hit resolved","data":{"clientX":245,"clientY":705,"method":"rect","hitKind":"page","pageId":"7f5bf69a-2d2c-446d-9fdf-f9c07729cb09","localX":584.9119919132431,"localY":1665.1462315846222},"timestamp":1787926556920,"hypothesisId":"B","runId":"ipad-fix2"}
{"sessionId":"6c5c15","location":"pageInkDom.ts:resolvePageDomHit","message":"dom hit resolved","data":{"clientX":246,"clientY":709.5,"method":"rect","hitKind":"page","pageId":"7f5bf69a-2d2c-446d-9fdf-f9c07729cb09","localX":586.260388264738,"localY":1665.1462315846222},"timestamp":1787926556928,"hypothesisId":"B","runId":"ipad-fix2"}
{"sessionId":"6c5c15","location":"pageInkDom.ts:resolvePageDomHit","message":"dom hit resolved","data":{"clientX":247,"clientY":713,"method":"rect","hitKind":"page","pageId":"7f5bf69a-2d2c-446d-9fdf-f9c07729cb09","localX":586.260388264738,"localY":1662.4494390121881},"timestamp":1787926556936,"hypothesisId":"B","runId":"ipad-fix2"}
{"sessionId":"6c5c15","location":"pageInkDom.ts:resolvePageDomHit","message":"dom hit resolved","data":{"clientX":248.5,"clientY":716.5,"method":"rect","hitKind":"page","pageId":"7f5bf69a-2d2c-446d-9fdf-f9c07729cb09","localX":587.6087846162329,"localY":1662.4494390121881},"timestamp":1787926556944,"hypothesisId":"B","runId":"ipad-fix2"}
{"sessionId":"6c5c15","location":"pageInkDom.ts:resolvePageDomHit","message":"dom hit resolved","data":{"clientX":248.5,"clientY":719.5,"method":"rect","hitKind":"page","pageId":"7f5bf69a-2d2c-446d-9fdf-f9c07729cb09","localX":583.563600705472,"localY":1661.1010427259712},"timestamp":1787926556953,"hypothesisId":"B","runId":"ipad-fix2"}
{"sessionId":"6c5c15","location":"pageInkDom.ts:resolvePageDomHit","message":"dom hit resolved","data":{"clientX":250,"clientY":722.5,"method":"rect","hitKind":"page","pageId":"7f5bf69a-2d2c-446d-9fdf-f9c07729cb09","localX":587.6087897599568,"localY":1661.1010427259712},"timestamp":1787926556961,"hypothesisId":"B","runId":"ipad-fix2"}
{"sessionId":"6c5c15","location":"pageInkDom.ts:resolvePageDomHit","message":"dom hit resolved","data":{"clientX":250.5,"clientY":724.5,"method":"rect","hitKind":"page","pageId":"7f5bf69a-2d2c-446d-9fdf-f9c07729cb09","localX":584.9119970569669,"localY":1658.404250153537},"timestamp":1787926556969,"hypothesisId":"B","runId":"ipad-fix2"}
{"sessionId":"6c5c15","location":"pageInkDom.ts:resolvePageDomHit","message":"dom hit resolved","data":{"clientX":251,"clientY":727,"method":"rect","hitKind":"page","pageId":"7f5bf69a-2d2c-446d-9fdf-f9c07729cb09","localX":584.9119970569669,"localY":1659.7526464397542},"timestamp":1787926556978,"hypothesisId":"B","runId":"ipad-fix2"}
{"sessionId":"6c5c15","location":"pageInkDom.ts:resolvePageDomHit","message":"dom hit resolved","data":{"clientX":251,"clientY":728,"method":"rect","hitKind":"page","pageId":"7f5bf69a-2d2c-446d-9fdf-f9c07729cb09","localX":583.563600705472,"localY":1655.7074575811032},"timestamp":1787926556986,"hypothesisId":"B","runId":"ipad-fix2"}
{"sessionId":"6c5c15","location":"pageInkDom.ts:resolvePageDomHit","message":"dom hit resolved","data":{"clientX":251.5,"clientY":729,"method":"rect","hitKind":"page","pageId":"7f5bf69a-2d2c-446d-9fdf-f9c07729cb09","localX":584.9119970569669,"localY":1655.7074575811032},"timestamp":1787926556994,"hypothesisId":"B","runId":"ipad-fix2"}
{"sessionId":"6c5c15","location":"pageInkDom.ts:resolvePageDomHit","message":"dom hit resolved","data":{"clientX":251.5,"clientY":729.5,"method":"rect","hitKind":"page","pageId":"7f5bf69a-2d2c-446d-9fdf-f9c07729cb09","localX":583.563600705472,"localY":1654.3590612948863},"timestamp":1787926557003,"hypothesisId":"B","runId":"ipad-fix2"}
{"sessionId":"6c5c15","location":"pageInkDom.ts:resolvePageDomHit","message":"dom hit resolved","data":{"clientX":251.5,"clientY":730,"method":"rect","hitKind":"page","pageId":"7f5bf69a-2d2c-446d-9fdf-f9c07729cb09","localX":583.563600705472,"localY":1654.3590612948863},"timestamp":1787926557011,"hypothesisId":"B","runId":"ipad-fix2"}
{"sessionId":"6c5c15","location":"pageInkDom.ts:resolvePageDomHit","message":"dom hit resolved","data":{"clientX":251.5,"clientY":729.5,"method":"rect","hitKind":"page","pageId":"7f5bf69a-2d2c-446d-9fdf-f9c07729cb09","localX":583.563600705472,"localY":1651.662268722452},"timestamp":1787926557111,"hypothesisId":"B","runId":"ipad-fix2"}
{"sessionId":"6c5c15","location":"useEditorController.tsx:textTapUp","message":"text tap up","data":{"pointerType":"touch","hasPending":false,"dist":141.06204308743014},"timestamp":1787926557119,"hypothesisId":"A,E","runId":"post-fix2"}
{"sessionId":"6c5c15","location":"pageInkDom.ts:resolvePageDomHit","message":"dom hit resolved","data":{"clientX":253.5,"clientY":728,"method":"rect","hitKind":"page","pageId":"7f5bf69a-2d2c-446d-9fdf-f9c07729cb09","localX":588.9571861114517,"localY":1648.965476150018},"timestamp":1787926557120,"hypothesisId":"B","runId":"ipad-fix2"}
{"sessionId":"6c5c15","location":"useEditorController.tsx:textTapDown","message":"global pointerdown","data":{"pointerType":"touch","tracked":true},"timestamp":1787926557670,"hypothesisId":"A","runId":"post-fix"}
{"sessionId":"6c5c15","location":"pageInkDom.ts:resolvePageDomHit","message":"dom hit resolved","data":{"clientX":471.5,"clientY":136.5,"method":"rect","hitKind":"page","pageId":"7f5bf69a-2d2c-446d-9fdf-f9c07729cb09","localX":1176.8579953632416,"localY":53.812669555285034},"timestamp":1787926557670,"hypothesisId":"B","runId":"ipad-fix2"}
{"sessionId":"6c5c15","location":"pageInkDom.ts:resolvePageDomHit","message":"dom hit resolved","data":{"clientX":472,"clientY":136.5,"method":"rect","hitKind":"page","pageId":"7f5bf69a-2d2c-446d-9fdf-f9c07729cb09","localX":1178.2063917147364,"localY":53.812669555285034},"timestamp":1787926558140,"hypothesisId":"B","runId":"ipad-fix2"}
{"sessionId":"6c5c15","location":"pageInkDom.ts:resolvePageDomHit","message":"dom hit resolved","data":{"clientX":472,"clientY":136.5,"method":"rect","hitKind":"page","pageId":"7f5bf69a-2d2c-446d-9fdf-f9c07729cb09","localX":1178.2063917147364,"localY":53.812669555285034},"timestamp":1787926558141,"hypothesisId":"B","runId":"ipad-fix2"}
{"sessionId":"6c5c15","location":"pageInkDom.ts:resolvePageDomHit","message":"dom hit resolved","data":{"clientX":472,"clientY":137,"method":"rect","hitKind":"page","pageId":"7f5bf69a-2d2c-446d-9fdf-f9c07729cb09","localX":1178.2063917147364,"localY":55.161065841502044},"timestamp":1787926558524,"hypothesisId":"B","runId":"ipad-fix2"}
{"sessionId":"6c5c15","location":"pageInkDom.ts:resolvePageDomHit","message":"dom hit resolved","data":{"clientX":472,"clientY":137.5,"method":"rect","hitKind":"page","pageId":"7f5bf69a-2d2c-446d-9fdf-f9c07729cb09","localX":1178.2063917147364,"localY":56.50946212771907},"timestamp":1787926558538,"hypothesisId":"B","runId":"ipad-fix2"}
{"sessionId":"6c5c15","location":"pageInkDom.ts:resolvePageDomHit","message":"dom hit resolved","data":{"clientX":472,"clientY":138,"method":"rect","hitKind":"page","pageId":"7f5bf69a-2d2c-446d-9fdf-f9c07729cb09","localX":1178.2063917147364,"localY":57.857858413936086},"timestamp":1787926558546,"hypothesisId":"B","runId":"ipad-fix2"}
{"sessionId":"6c5c15","location":"pageInkDom.ts:resolvePageDomHit","message":"dom hit resolved","data":{"clientX":471.5,"clientY":138,"method":"rect","hitKind":"page","pageId":"7f5bf69a-2d2c-446d-9fdf-f9c07729cb09","localX":1176.8579953632416,"localY":57.857858413936086},"timestamp":1787926558554,"hypothesisId":"B","runId":"ipad-fix2"}
{"sessionId":"6c5c15","location":"pageInkDom.ts:resolvePageDomHit","message":"dom hit resolved","data":{"clientX":471,"clientY":138.5,"method":"rect","hitKind":"page","pageId":"7f5bf69a-2d2c-446d-9fdf-f9c07729cb09","localX":1175.5095990117466,"localY":59.20625470015311},"timestamp":1787926558562,"hypothesisId":"B","runId":"ipad-fix2"}
{"sessionId":"6c5c15","location":"pageInkDom.ts:resolvePageDomHit","message":"dom hit resolved","data":{"clientX":470.5,"clientY":138.5,"method":"rect","hitKind":"page","pageId":"7f5bf69a-2d2c-446d-9fdf-f9c07729cb09","localX":1174.1612026602518,"localY":59.20625470015311},"timestamp":1787926558570,"hypothesisId":"B","runId":"ipad-fix2"}
{"sessionId":"6c5c15","location":"pageInkDom.ts:resolvePageDomHit","message":"dom hit resolved","data":{"clientX":470,"clientY":139,"method":"rect","hitKind":"page","pageId":"7f5bf69a-2d2c-446d-9fdf-f9c07729cb09","localX":1172.8128063087568,"localY":60.55465098637013},"timestamp":1787926558579,"hypothesisId":"B","runId":"ipad-fix2"}
{"sessionId":"6c5c15","location":"pageInkDom.ts:resolvePageDomHit","message":"dom hit resolved","data":{"clientX":469.5,"clientY":140,"method":"rect","hitKind":"page","pageId":"7f5bf69a-2d2c-446d-9fdf-f9c07729cb09","localX":1171.4644099572618,"localY":63.25144355880416},"timestamp":1787926558587,"hypothesisId":"B","runId":"ipad-fix2"}
{"sessionId":"6c5c15","location":"pageInkDom.ts:resolvePageDomHit","message":"dom hit resolved","data":{"clientX":469,"clientY":140.5,"method":"rect","hitKind":"page","pageId":"7f5bf69a-2d2c-446d-9fdf-f9c07729cb09","localX":1170.1160136057667,"localY":64.59983984502118},"timestamp":1787926558595,"hypothesisId":"B","runId":"ipad-fix2"}
{"sessionId":"6c5c15","location":"pageInkDom.ts:resolvePageDomHit","message":"dom hit resolved","data":{"clientX":468,"clientY":142,"method":"rect","hitKind":"page","pageId":"7f5bf69a-2d2c-446d-9fdf-f9c07729cb09","localX":1167.419220902777,"localY":68.64502870367224},"timestamp":1787926558604,"hypothesisId":"B","runId":"ipad-fix2"}
{"sessionId":"6c5c15","location":"pageInkDom.ts:resolvePageDomHit","message":"dom hit resolved","data":{"clientX":466.5,"clientY":145,"method":"rect","hitKind":"page","pageId":"7f5bf69a-2d2c-446d-9fdf-f9c07729cb09","localX":1163.3740318482924,"localY":76.73540642097434},"timestamp":1787926558612,"hypothesisId":"B","runId":"ipad-fix2"}
{"sessionId":"6c5c15","location":"pageInkDom.ts:resolvePageDomHit","message":"dom hit resolved","data":{"clientX":464.5,"clientY":149,"method":"rect","hitKind":"page","pageId":"7f5bf69a-2d2c-446d-9fdf-f9c07729cb09","localX":1157.9804464423125,"localY":87.5225767107105},"timestamp":1787926558620,"hypothesisId":"B","runId":"ipad-fix2"}
{"sessionId":"6c5c15","location":"pageInkDom.ts:resolvePageDomHit","message":"dom hit resolved","data":{"clientX":461,"clientY":153.5,"method":"rect","hitKind":"page","pageId":"7f5bf69a-2d2c-446d-9fdf-f9c07729cb09","localX":1148.541671981848,"localY":99.65814328666366},"timestamp":1787926558629,"hypothesisId":"B","runId":"ipad-fix2"}
{"sessionId":"6c5c15","location":"pageInkDom.ts:resolvePageDomHit","message":"dom hit resolved","data":{"clientX":457.5,"clientY":158.5,"method":"rect","hitKind":"page","pageId":"7f5bf69a-2d2c-446d-9fdf-f9c07729cb09","localX":1139.1028975213835,"localY":113.14210614883385},"timestamp":1787926558637,"hypothesisId":"B","runId":"ipad-fix2"}
{"sessionId":"6c5c15","location":"pageInkDom.ts:resolvePageDomHit","message":"dom hit resolved","data":{"clientX":452.5,"clientY":166,"method":"rect","hitKind":"page","pageId":"7f5bf69a-2d2c-446d-9fdf-f9c07729cb09","localX":1125.6189340064343,"localY":133.36805044208913},"timestamp":1787926558645,"hypothesisId":"B","runId":"ipad-fix2"}
{"sessionId":"6c5c15","location":"pageInkDom.ts:resolvePageDomHit","message":"dom hit resolved","data":{"clientX":449,"clientY":171.5,"method":"rect","hitKind":"page","pageId":"7f5bf69a-2d2c-446d-9fdf-f9c07729cb09","localX":1116.1801595459697,"localY":148.20040959047634},"timestamp":1787926558654,"hypothesisId":"B","runId":"ipad-fix2"}
{"sessionId":"6c5c15","location":"pageInkDom.ts:resolvePageDomHit","message":"dom hit resolved","data":{"clientX":444,"clientY":178.5,"method":"rect","hitKind":"page","pageId":"7f5bf69a-2d2c-446d-9fdf-f9c07729cb09","localX":1102.6961960310205,"localY":167.0779575975146},"timestamp":1787926558662,"hypothesisId":"B","runId":"ipad-fix2"}
{"sessionId":"6c5c15","location":"pageInkDom.ts:resolvePageDomHit","message":"dom hit resolved","data":{"clientX":438.5,"clientY":186,"method":"rect","hitKind":"page","pageId":"7f5bf69a-2d2c-446d-9fdf-f9c07729cb09","localX":1087.863836164576,"localY":187.30390189076985},"timestamp":1787926558670,"hypothesisId":"B","runId":"ipad-fix2"}
{"sessionId":"6c5c15","location":"pageInkDom.ts:resolvePageDomHit","message":"dom hit resolved","data":{"clientX":433,"clientY":193,"method":"rect","hitKind":"page","pageId":"7f5bf69a-2d2c-446d-9fdf-f9c07729cb09","localX":1073.031476298132,"localY":206.18144989780814},"timestamp":1787926558679,"hypothesisId":"B","runId":"ipad-fix2"}
{"sessionId":"6c5c15","location":"pageInkDom.ts:resolvePageDomHit","message":"dom hit resolved","data":{"clientX":428.5,"clientY":198,"method":"rect","hitKind":"page","pageId":"7f5bf69a-2d2c-446d-9fdf-f9c07729cb09","localX":1060.8959091346776,"localY":219.6654127599783},"timestamp":1787926558687,"hypothesisId":"B","runId":"ipad-fix2"}
{"sessionId":"6c5c15","location":"pageInkDom.ts:resolvePageDomHit","message":"dom hit resolved","data":{"clientX":424.5,"clientY":203.5,"method":"rect","hitKind":"page","pageId":"7f5bf69a-2d2c-446d-9fdf-f9c07729cb09","localX":1050.1087383227182,"localY":234.4977719083655},"timestamp":1787926558696,"hypothesisId":"B","runId":"ipad-fix2"}
{"sessionId":"6c5c15","location":"pageInkDom.ts:resolvePageDomHit","message":"dom hit resolved","data":{"clientX":421.5,"clientY":207,"method":"rect","hitKind":"page","pageId":"7f5bf69a-2d2c-446d-9fdf-f9c07729cb09","localX":1042.0183602137486,"localY":243.93654591188468},"timestamp":1787926558704,"hypothesisId":"B","runId":"ipad-fix2"}
{"sessionId":"6c5c15","location":"pageInkDom.ts:resolvePageDomHit","message":"dom hit resolved","data":{"clientX":418.5,"clientY":210,"method":"rect","hitKind":"page","pageId":"7f5bf69a-2d2c-446d-9fdf-f9c07729cb09","localX":1033.927982104779,"localY":252.02692362918677},"timestamp":1787926558712,"hypothesisId":"B","runId":"ipad-fix2"}
{"sessionId":"6c5c15","location":"pageInkDom.ts:resolvePageDomHit","message":"dom hit resolved","data":{"clientX":416.5,"clientY":212,"method":"rect","hitKind":"page","pageId":"7f5bf69a-2d2c-446d-9fdf-f9c07729cb09","localX":1028.5343966987991,"localY":257.42050877405484},"timestamp":1787926558720,"hypothesisId":"B","runId":"ipad-fix2"}
{"sessionId":"6c5c15","location":"pageInkDom.ts:resolvePageDomHit","message":"dom hit resolved","data":{"clientX":415.5,"clientY":213.5,"method":"rect","hitKind":"page","pageId":"7f5bf69a-2d2c-446d-9fdf-f9c07729cb09","localX":1025.8376039958093,"localY":261.4656976327059},"timestamp":1787926558729,"hypothesisId":"B","runId":"ipad-fix2"}
{"sessionId":"6c5c15","location":"pageInkDom.ts:resolvePageDomHit","message":"dom hit resolved","data":{"clientX":415,"clientY":214,"method":"rect","hitKind":"page","pageId":"7f5bf69a-2d2c-446d-9fdf-f9c07729cb09","localX":1024.4892076443143,"localY":262.81409391892294},"timestamp":1787926558737,"hypothesisId":"B","runId":"ipad-fix2"}
{"sessionId":"6c5c15","location":"pageInkDom.ts:resolvePageDomHit","message":"dom hit resolved","data":{"clientX":414.5,"clientY":214.5,"method":"rect","hitKind":"page","pageId":"7f5bf69a-2d2c-446d-9fdf-f9c07729cb09","localX":1023.1408112928195,"localY":264.16249020513993},"timestamp":1787926558745,"hypothesisId":"B","runId":"ipad-fix2"}
{"sessionId":"6c5c15","location":"pageInkDom.ts:resolvePageDomHit","message":"dom hit resolved","data":{"clientX":414.5,"clientY":215,"method":"rect","hitKind":"page","pageId":"7f5bf69a-2d2c-446d-9fdf-f9c07729cb09","localX":1023.1408112928195,"localY":265.5108864913569},"timestamp":1787926558787,"hypothesisId":"B","runId":"ipad-fix2"}
{"sessionId":"6c5c15","location":"pageInkDom.ts:resolvePageDomHit","message":"dom hit resolved","data":{"clientX":414.5,"clientY":215.5,"method":"rect","hitKind":"page","pageId":"7f5bf69a-2d2c-446d-9fdf-f9c07729cb09","localX":1023.1408112928195,"localY":266.859282777574},"timestamp":1787926558821,"hypothesisId":"B","runId":"ipad-fix2"}
{"sessionId":"6c5c15","location":"pageInkDom.ts:resolvePageDomHit","message":"dom hit resolved","data":{"clientX":414.5,"clientY":216,"method":"rect","hitKind":"page","pageId":"7f5bf69a-2d2c-446d-9fdf-f9c07729cb09","localX":1023.1408112928195,"localY":268.207679063791},"timestamp":1787926558846,"hypothesisId":"B","runId":"ipad-fix2"}
{"sessionId":"6c5c15","location":"pageInkDom.ts:resolvePageDomHit","message":"dom hit resolved","data":{"clientX":414.5,"clientY":215.5,"method":"rect","hitKind":"page","pageId":"7f5bf69a-2d2c-446d-9fdf-f9c07729cb09","localX":1023.1408112928195,"localY":266.859282777574},"timestamp":1787926558921,"hypothesisId":"B","runId":"ipad-fix2"}
{"sessionId":"6c5c15","location":"pageInkDom.ts:resolvePageDomHit","message":"dom hit resolved","data":{"clientX":414.5,"clientY":215,"method":"rect","hitKind":"page","pageId":"7f5bf69a-2d2c-446d-9fdf-f9c07729cb09","localX":1023.1408112928195,"localY":265.5108864913569},"timestamp":1787926558929,"hypothesisId":"B","runId":"ipad-fix2"}
{"sessionId":"6c5c15","location":"useEditorController.tsx:textTapUp","message":"text tap up","data":{"pointerType":"touch","hasPending":false,"dist":96.20420988709382},"timestamp":1787926558946,"hypothesisId":"A,E","runId":"post-fix2"}
{"sessionId":"6c5c15","location":"pageInkDom.ts:resolvePageDomHit","message":"dom hit resolved","data":{"clientX":414.5,"clientY":214,"method":"rect","hitKind":"page","pageId":"7f5bf69a-2d2c-446d-9fdf-f9c07729cb09","localX":1023.1408112928195,"localY":262.81409391892294},"timestamp":1787926558949,"hypothesisId":"B","runId":"ipad-fix2"}
{"sessionId":"6c5c15","location":"useEditorController.tsx:textTapDown","message":"global pointerdown","data":{"pointerType":"touch","tracked":true},"timestamp":1787926559802,"hypothesisId":"A","runId":"post-fix"}
{"sessionId":"6c5c15","location":"pageInkDom.ts:resolvePageDomHit","message":"dom hit resolved","data":{"clientX":549,"clientY":209.5,"method":"rect","hitKind":null},"timestamp":1787926559803,"hypothesisId":"B","runId":"ipad-fix2"}
{"sessionId":"6c5c15","location":"useEditorController.tsx:textTapUp","message":"text tap up","data":{"pointerType":"touch","hasPending":false,"dist":0},"timestamp":1787926559829,"hypothesisId":"A,E","runId":"post-fix2"}
{"sessionId":"6c5c15","location":"pageInkDom.ts:resolvePageDomHit","message":"dom hit resolved","data":{"clientX":549,"clientY":209.5,"method":"rect","hitKind":null},"timestamp":1787926559830,"hypothesisId":"B","runId":"ipad-fix2"}
{"sessionId":"6c5c15","location":"workspaceFsm.tsx:fingerTapUp","message":"finger tap up","data":{"tool":"text","downHitKind":"empty","upHitKind":"empty","usedHitKind":"empty","effectTypes":[],"clientX":549,"clientY":209.5},"timestamp":1787926559830,"hypothesisId":"A,D,F","runId":"ipad-fix3"}
{"sessionId":"6c5c15","location":"useEditorController.tsx:textTapDown","message":"global pointerdown","data":{"pointerType":"touch","tracked":true},"timestamp":1787926560315,"hypothesisId":"A","runId":"post-fix"}
{"sessionId":"6c5c15","location":"pageInkDom.ts:resolvePageDomHit","message":"dom hit resolved","data":{"clientX":493,"clientY":242,"method":"rect","hitKind":null},"timestamp":1787926560315,"hypothesisId":"B","runId":"ipad-fix2"}
{"sessionId":"6c5c15","location":"pageInkDom.ts:resolvePageDomHit","message":"dom hit resolved","data":{"clientX":492.5,"clientY":253.5,"method":"rect","hitKind":null},"timestamp":1787926560323,"hypothesisId":"B","runId":"ipad-fix2"}
{"sessionId":"6c5c15","location":"pageInkDom.ts:resolvePageDomHit","message":"dom hit resolved","data":{"clientX":492.5,"clientY":253.5,"method":"rect","hitKind":null},"timestamp":1787926560323,"hypothesisId":"B","runId":"ipad-fix2"}
{"sessionId":"6c5c15","location":"pageInkDom.ts:resolvePageDomHit","message":"dom hit resolved","data":{"clientX":492.5,"clientY":255.5,"method":"rect","hitKind":null},"timestamp":1787926560380,"hypothesisId":"B","runId":"ipad-fix2"}
{"sessionId":"6c5c15","location":"useEditorController.tsx:textTapUp","message":"text tap up","data":{"pointerType":"touch","hasPending":false,"dist":15.008331019803634},"timestamp":1787926560388,"hypothesisId":"A,E","runId":"post-fix2"}
{"sessionId":"6c5c15","location":"pageInkDom.ts:resolvePageDomHit","message":"dom hit resolved","data":{"clientX":493.5,"clientY":257,"method":"rect","hitKind":null},"timestamp":1787926560388,"hypothesisId":"B","runId":"ipad-fix2"}
{"sessionId":"6c5c15","location":"useEditorController.tsx:textTapDown","message":"global pointerdown","data":{"pointerType":"touch","tracked":true},"timestamp":1787926561100,"hypothesisId":"A","runId":"post-fix"}
{"sessionId":"6c5c15","location":"pageInkDom.ts:resolvePageDomHit","message":"dom hit resolved","data":{"clientX":472,"clientY":150.5,"method":"rect","hitKind":"page","pageId":"7f5bf69a-2d2c-446d-9fdf-f9c07729cb09","localX":1179.5547880662314,"localY":55.16105060746777},"timestamp":1787926561101,"hypothesisId":"B","runId":"ipad-fix2"}
{"sessionId":"6c5c15","location":"useEditorController.tsx:textTapUp","message":"text tap up","data":{"pointerType":"touch","hasPending":false,"dist":0},"timestamp":1787926561164,"hypothesisId":"A,E","runId":"post-fix2"}
{"sessionId":"6c5c15","location":"pageInkDom.ts:resolvePageDomHit","message":"dom hit resolved","data":{"clientX":472,"clientY":150.5,"method":"rect","hitKind":"page","pageId":"7f5bf69a-2d2c-446d-9fdf-f9c07729cb09","localX":1179.5547880662314,"localY":55.16105060746777},"timestamp":1787926561164,"hypothesisId":"B","runId":"ipad-fix2"}
{"sessionId":"6c5c15","location":"workspaceFsm.tsx:fingerTapUp","message":"finger tap up","data":{"tool":"text","downHitKind":"page","upHitKind":"page","usedHitKind":"page","effectTypes":["createText"],"createX":1179.5547880662314,"createY":55.16105060746777,"domLocalX":1179.5547880662314,"domLocalY":55.16105060746777,"clientX":472,"clientY":150.5},"timestamp":1787926561164,"hypothesisId":"A,D,F","runId":"ipad-fix3"}
{"sessionId":"6c5c15","location":"useEditorController.tsx:createTextEffect","message":"createText effect","data":{"pageId":"7f5bf69a-2d2c-446d-9fdf-f9c07729cb09","x":1179.5547880662314,"y":55.16105060746777,"hasTrack":false,"tool":"text","pointerType":"unknown"},"timestamp":1787926561164,"hypothesisId":"A,E","runId":"ipad-fix"}
{"sessionId":"6c5c15","location":"useEditorController.tsx:textTapDown","message":"global pointerdown","data":{"pointerType":"touch","tracked":true},"timestamp":1787926561816,"hypothesisId":"A","runId":"post-fix"}
{"sessionId":"6c5c15","location":"pageInkDom.ts:resolvePageDomHit","message":"dom hit resolved","data":{"clientX":477,"clientY":154.5,"method":"rect","hitKind":"pageText","pageId":"7f5bf69a-2d2c-446d-9fdf-f9c07729cb09","localX":1193.0387515811808,"localY":65.94822194165056},"timestamp":1787926561817,"hypothesisId":"B","runId":"ipad-fix2"}
{"sessionId":"6c5c15","location":"pageInkDom.ts:resolvePageDomHit","message":"dom hit resolved","data":{"clientX":472,"clientY":161.5,"method":"rect","hitKind":"pageText","pageId":"7f5bf69a-2d2c-446d-9fdf-f9c07729cb09","localX":1179.5547880662314,"localY":84.82577177647045},"timestamp":1787926561932,"hypothesisId":"B","runId":"ipad-fix2"}
{"sessionId":"6c5c15","location":"pageInkDom.ts:resolvePageDomHit","message":"dom hit resolved","data":{"clientX":472,"clientY":161.5,"method":"rect","hitKind":"pageText","pageId":"7f5bf69a-2d2c-446d-9fdf-f9c07729cb09","localX":1179.5547880662314,"localY":84.82577177647045},"timestamp":1787926561932,"hypothesisId":"B","runId":"ipad-fix2"}
{"sessionId":"6c5c15","location":"pageInkDom.ts:resolvePageDomHit","message":"dom hit resolved","data":{"clientX":469.5,"clientY":163.5,"method":"rect","hitKind":"pageText","pageId":"7f5bf69a-2d2c-446d-9fdf-f9c07729cb09","localX":1172.8128063087568,"localY":90.21935744356185},"timestamp":1787926561939,"hypothesisId":"B","runId":"ipad-fix2"}
{"sessionId":"6c5c15","location":"pageInkDom.ts:resolvePageDomHit","message":"dom hit resolved","data":{"clientX":467,"clientY":166,"method":"rect","hitKind":"pageText","pageId":"7f5bf69a-2d2c-446d-9fdf-f9c07729cb09","localX":1166.0708245512822,"localY":96.9613395274261},"timestamp":1787926561947,"hypothesisId":"B","runId":"ipad-fix2"}
{"sessionId":"6c5c15","location":"pageInkDom.ts:resolvePageDomHit","message":"dom hit resolved","data":{"clientX":464.5,"clientY":168,"method":"rect","hitKind":"pageText","pageId":"7f5bf69a-2d2c-446d-9fdf-f9c07729cb09","localX":1159.3288427938073,"localY":102.35492519451749},"timestamp":1787926561956,"hypothesisId":"B","runId":"ipad-fix2"}
{"sessionId":"6c5c15","location":"pageInkDom.ts:resolvePageDomHit","message":"dom hit resolved","data":{"clientX":461.5,"clientY":170.5,"method":"rect","hitKind":"pageText","pageId":"7f5bf69a-2d2c-446d-9fdf-f9c07729cb09","localX":1151.238464684838,"localY":109.09690727838175},"timestamp":1787926561964,"hypothesisId":"B","runId":"ipad-fix2"}
{"sessionId":"6c5c15","location":"pageInkDom.ts:resolvePageDomHit","message":"dom hit resolved","data":{"clientX":459,"clientY":173,"method":"rect","hitKind":"pageText","pageId":"7f5bf69a-2d2c-446d-9fdf-f9c07729cb09","localX":1144.4964829273633,"localY":115.838889362246},"timestamp":1787926561972,"hypothesisId":"B","runId":"ipad-fix2"}
{"sessionId":"6c5c15","location":"pageInkDom.ts:resolvePageDomHit","message":"dom hit resolved","data":{"clientX":456.5,"clientY":175,"method":"rect","hitKind":"pageText","pageId":"7f5bf69a-2d2c-446d-9fdf-f9c07729cb09","localX":1137.7545011698885,"localY":121.2324750293374},"timestamp":1787926561981,"hypothesisId":"B","runId":"ipad-fix2"}
{"sessionId":"6c5c15","location":"pageInkDom.ts:resolvePageDomHit","message":"dom hit resolved","data":{"clientX":453.5,"clientY":177.5,"method":"rect","hitKind":"pageText","pageId":"7f5bf69a-2d2c-446d-9fdf-f9c07729cb09","localX":1129.6641230609189,"localY":127.97445711320164},"timestamp":1787926561989,"hypothesisId":"B","runId":"ipad-fix2"}
{"sessionId":"6c5c15","location":"pageInkDom.ts:resolvePageDomHit","message":"dom hit resolved","data":{"clientX":451,"clientY":179.5,"method":"rect","hitKind":"pageText","pageId":"7f5bf69a-2d2c-446d-9fdf-f9c07729cb09","localX":1122.9221413034443,"localY":133.36804278029302},"timestamp":1787926561997,"hypothesisId":"B","runId":"ipad-fix2"}
{"sessionId":"6c5c15","location":"pageInkDom.ts:resolvePageDomHit","message":"dom hit resolved","data":{"clientX":448.5,"clientY":182,"method":"rect","hitKind":"pageText","pageId":"7f5bf69a-2d2c-446d-9fdf-f9c07729cb09","localX":1116.1801595459697,"localY":140.11002486415728},"timestamp":1787926562006,"hypothesisId":"B","runId":"ipad-fix2"}
{"sessionId":"6c5c15","location":"pageInkDom.ts:resolvePageDomHit","message":"dom hit resolved","data":{"clientX":446,"clientY":184,"method":"rect","hitKind":"pageText","pageId":"7f5bf69a-2d2c-446d-9fdf-f9c07729cb09","localX":1109.438177788495,"localY":145.50361053124865},"timestamp":1787926562014,"hypothesisId":"B","runId":"ipad-fix2"}
{"sessionId":"6c5c15","location":"pageInkDom.ts:resolvePageDomHit","message":"dom hit resolved","data":{"clientX":443.5,"clientY":186.5,"method":"rect","hitKind":"page","pageId":"7f5bf69a-2d2c-446d-9fdf-f9c07729cb09","localX":1102.6961960310205,"localY":152.2455926151129},"timestamp":1787926562022,"hypothesisId":"B","runId":"ipad-fix2"}
{"sessionId":"6c5c15","location":"pageInkDom.ts:resolvePageDomHit","message":"dom hit resolved","data":{"clientX":441.5,"clientY":188.5,"method":"rect","hitKind":"page","pageId":"7f5bf69a-2d2c-446d-9fdf-f9c07729cb09","localX":1097.3026106250406,"localY":157.6391782822043},"timestamp":1787926562031,"hypothesisId":"B","runId":"ipad-fix2"}
{"sessionId":"6c5c15","location":"pageInkDom.ts:resolvePageDomHit","message":"dom hit resolved","data":{"clientX":439,"clientY":190.5,"method":"rect","hitKind":"page","pageId":"7f5bf69a-2d2c-446d-9fdf-f9c07729cb09","localX":1090.560628867566,"localY":163.0327639492957},"timestamp":1787926562039,"hypothesisId":"B","runId":"ipad-fix2"}
{"sessionId":"6c5c15","location":"pageInkDom.ts:resolvePageDomHit","message":"dom hit resolved","data":{"clientX":437,"clientY":192.5,"method":"rect","hitKind":"page","pageId":"7f5bf69a-2d2c-446d-9fdf-f9c07729cb09","localX":1085.1670434615862,"localY":168.4263496163871},"timestamp":1787926562047,"hypothesisId":"B","runId":"ipad-fix2"}
{"sessionId":"6c5c15","location":"pageInkDom.ts:resolvePageDomHit","message":"dom hit resolved","data":{"clientX":435.5,"clientY":194,"method":"rect","hitKind":"page","pageId":"7f5bf69a-2d2c-446d-9fdf-f9c07729cb09","localX":1081.1218544071014,"localY":172.47153886670566},"timestamp":1787926562056,"hypothesisId":"B","runId":"ipad-fix2"}
{"sessionId":"6c5c15","location":"pageInkDom.ts:resolvePageDomHit","message":"dom hit resolved","data":{"clientX":433.5,"clientY":195.5,"method":"rect","hitKind":"page","pageId":"7f5bf69a-2d2c-446d-9fdf-f9c07729cb09","localX":1075.7282690011218,"localY":176.5167281170242},"timestamp":1787926562064,"hypothesisId":"B","runId":"ipad-fix2"}
{"sessionId":"6c5c15","location":"pageInkDom.ts:resolvePageDomHit","message":"dom hit resolved","data":{"clientX":432.5,"clientY":197.5,"method":"rect","hitKind":"page","pageId":"7f5bf69a-2d2c-446d-9fdf-f9c07729cb09","localX":1073.031476298132,"localY":181.9103137841156},"timestamp":1787926562072,"hypothesisId":"B","runId":"ipad-fix2"}
{"sessionId":"6c5c15","location":"pageInkDom.ts:resolvePageDomHit","message":"dom hit resolved","data":{"clientX":431.5,"clientY":198.5,"method":"rect","hitKind":"page","pageId":"7f5bf69a-2d2c-446d-9fdf-f9c07729cb09","localX":1070.334683595142,"localY":184.6071066176613},"timestamp":1787926562081,"hypothesisId":"B","runId":"ipad-fix2"}
{"sessionId":"6c5c15","location":"pageInkDom.ts:resolvePageDomHit","message":"dom hit resolved","data":{"clientX":431,"clientY":200,"method":"rect","hitKind":"page","pageId":"7f5bf69a-2d2c-446d-9fdf-f9c07729cb09","localX":1068.986287243647,"localY":188.65229586797983},"timestamp":1787926562089,"hypothesisId":"B","runId":"ipad-fix2"}
{"sessionId":"6c5c15","location":"pageInkDom.ts:resolvePageDomHit","message":"dom hit resolved","data":{"clientX":430,"clientY":201,"method":"rect","hitKind":"page","pageId":"7f5bf69a-2d2c-446d-9fdf-f9c07729cb09","localX":1066.2894945406572,"localY":191.34908870152555},"timestamp":1787926562097,"hypothesisId":"B","runId":"ipad-fix2"}
{"sessionId":"6c5c15","location":"pageInkDom.ts:resolvePageDomHit","message":"dom hit resolved","data":{"clientX":430,"clientY":202,"method":"rect","hitKind":"page","pageId":"7f5bf69a-2d2c-446d-9fdf-f9c07729cb09","localX":1066.2894945406572,"localY":194.04588153507123},"timestamp":1787926562106,"hypothesisId":"B","runId":"ipad-fix2"}
{"sessionId":"6c5c15","location":"pageInkDom.ts:resolvePageDomHit","message":"dom hit resolved","data":{"clientX":429.5,"clientY":202.5,"method":"rect","hitKind":"page","pageId":"7f5bf69a-2d2c-446d-9fdf-f9c07729cb09","localX":1064.9410981891624,"localY":195.3942779518441},"timestamp":1787926562114,"hypothesisId":"B","runId":"ipad-fix2"}
{"sessionId":"6c5c15","location":"pageInkDom.ts:resolvePageDomHit","message":"dom hit resolved","data":{"clientX":429.5,"clientY":203,"method":"rect","hitKind":"page","pageId":"7f5bf69a-2d2c-446d-9fdf-f9c07729cb09","localX":1064.9410981891624,"localY":196.74267436861695},"timestamp":1787926562122,"hypothesisId":"B","runId":"ipad-fix2"}
{"sessionId":"6c5c15","location":"pageInkDom.ts:resolvePageDomHit","message":"dom hit resolved","data":{"clientX":429.5,"clientY":203.5,"method":"rect","hitKind":"page","pageId":"7f5bf69a-2d2c-446d-9fdf-f9c07729cb09","localX":1064.9410981891624,"localY":198.0910707853898},"timestamp":1787926562131,"hypothesisId":"B","runId":"ipad-fix2"}
{"sessionId":"6c5c15","location":"pageInkDom.ts:resolvePageDomHit","message":"dom hit resolved","data":{"clientX":429.5,"clientY":204,"method":"rect","hitKind":"page","pageId":"7f5bf69a-2d2c-446d-9fdf-f9c07729cb09","localX":1064.9410981891624,"localY":199.43946720216263},"timestamp":1787926562139,"hypothesisId":"B","runId":"ipad-fix2"}
{"sessionId":"6c5c15","location":"pageInkDom.ts:resolvePageDomHit","message":"dom hit resolved","data":{"clientX":429.5,"clientY":204.5,"method":"rect","hitKind":"page","pageId":"7f5bf69a-2d2c-446d-9fdf-f9c07729cb09","localX":1064.9410981891624,"localY":200.7878636189355},"timestamp":1787926562147,"hypothesisId":"B","runId":"ipad-fix2"}
{"sessionId":"6c5c15","location":"pageInkDom.ts:resolvePageDomHit","message":"dom hit resolved","data":{"clientX":429.5,"clientY":205,"method":"rect","hitKind":"page","pageId":"7f5bf69a-2d2c-446d-9fdf-f9c07729cb09","localX":1064.9410981891624,"localY":202.13626003570835},"timestamp":1787926562172,"hypothesisId":"B","runId":"ipad-fix2"}
{"sessionId":"6c5c15","location":"pageInkDom.ts:resolvePageDomHit","message":"dom hit resolved","data":{"clientX":429.5,"clientY":205.5,"method":"rect","hitKind":"page","pageId":"7f5bf69a-2d2c-446d-9fdf-f9c07729cb09","localX":1064.9410981891624,"localY":203.48465645248118},"timestamp":1787926562181,"hypothesisId":"B","runId":"ipad-fix2"}
{"sessionId":"6c5c15","location":"pageInkDom.ts:resolvePageDomHit","message":"dom hit resolved","data":{"clientX":429.5,"clientY":206,"method":"rect","hitKind":"page","pageId":"7f5bf69a-2d2c-446d-9fdf-f9c07729cb09","localX":1064.9410981891624,"localY":204.83305286925403},"timestamp":1787926562189,"hypothesisId":"B","runId":"ipad-fix2"}
{"sessionId":"6c5c15","location":"pageInkDom.ts:resolvePageDomHit","message":"dom hit resolved","data":{"clientX":429.5,"clientY":206.5,"method":"rect","hitKind":"page","pageId":"7f5bf69a-2d2c-446d-9fdf-f9c07729cb09","localX":1064.9410981891624,"localY":206.1814492860269},"timestamp":1787926562197,"hypothesisId":"B","runId":"ipad-fix2"}
{"sessionId":"6c5c15","location":"pageInkDom.ts:resolvePageDomHit","message":"dom hit resolved","data":{"clientX":429.5,"clientY":207,"method":"rect","hitKind":"page","pageId":"7f5bf69a-2d2c-446d-9fdf-f9c07729cb09","localX":1064.9410981891624,"localY":207.52984570279975},"timestamp":1787926562206,"hypothesisId":"B","runId":"ipad-fix2"}
{"sessionId":"6c5c15","location":"pageInkDom.ts:resolvePageDomHit","message":"dom hit resolved","data":{"clientX":429.5,"clientY":208,"method":"rect","hitKind":"page","pageId":"7f5bf69a-2d2c-446d-9fdf-f9c07729cb09","localX":1064.9410981891624,"localY":210.22663853634543},"timestamp":1787926562214,"hypothesisId":"B","runId":"ipad-fix2"}
{"sessionId":"6c5c15","location":"pageInkDom.ts:resolvePageDomHit","message":"dom hit resolved","data":{"clientX":429.5,"clientY":209.5,"method":"rect","hitKind":"page","pageId":"7f5bf69a-2d2c-446d-9fdf-f9c07729cb09","localX":1064.9410981891624,"localY":214.271827786664},"timestamp":1787926562222,"hypothesisId":"B","runId":"ipad-fix2"}
{"sessionId":"6c5c15","location":"pageInkDom.ts:resolvePageDomHit","message":"dom hit resolved","data":{"clientX":429.5,"clientY":211.5,"method":"rect","hitKind":"page","pageId":"7f5bf69a-2d2c-446d-9fdf-f9c07729cb09","localX":1064.9410981891624,"localY":219.66541345375538},"timestamp":1787926562231,"hypothesisId":"B","runId":"ipad-fix2"}
{"sessionId":"6c5c15","location":"pageInkDom.ts:resolvePageDomHit","message":"dom hit resolved","data":{"clientX":429.5,"clientY":213.5,"method":"rect","hitKind":"page","pageId":"7f5bf69a-2d2c-446d-9fdf-f9c07729cb09","localX":1064.9410981891624,"localY":225.05899912084675},"timestamp":1787926562239,"hypothesisId":"B","runId":"ipad-fix2"}
{"sessionId":"6c5c15","location":"pageInkDom.ts:resolvePageDomHit","message":"dom hit resolved","data":{"clientX":429.5,"clientY":216,"method":"rect","hitKind":"page","pageId":"7f5bf69a-2d2c-446d-9fdf-f9c07729cb09","localX":1064.9410981891624,"localY":231.800981204711},"timestamp":1787926562247,"hypothesisId":"B","runId":"ipad-fix2"}
{"sessionId":"6c5c15","location":"pageInkDom.ts:resolvePageDomHit","message":"dom hit resolved","data":{"clientX":429.5,"clientY":219,"method":"rect","hitKind":"page","pageId":"7f5bf69a-2d2c-446d-9fdf-f9c07729cb09","localX":1064.9410981891624,"localY":239.89135970534812},"timestamp":1787926562256,"hypothesisId":"B","runId":"ipad-fix2"}
{"sessionId":"6c5c15","location":"pageInkDom.ts:resolvePageDomHit","message":"dom hit resolved","data":{"clientX":429.5,"clientY":221.5,"method":"rect","hitKind":"page","pageId":"7f5bf69a-2d2c-446d-9fdf-f9c07729cb09","localX":1064.9410981891624,"localY":246.63334178921235},"timestamp":1787926562264,"hypothesisId":"B","runId":"ipad-fix2"}
{"sessionId":"6c5c15","location":"pageInkDom.ts:resolvePageDomHit","message":"dom hit resolved","data":{"clientX":429.5,"clientY":224.5,"method":"rect","hitKind":"page","pageId":"7f5bf69a-2d2c-446d-9fdf-f9c07729cb09","localX":1064.9410981891624,"localY":254.72372028984947},"timestamp":1787926562273,"hypothesisId":"B","runId":"ipad-fix2"}
{"sessionId":"6c5c15","location":"pageInkDom.ts:resolvePageDomHit","message":"dom hit resolved","data":{"clientX":428.5,"clientY":228,"method":"rect","hitKind":"page","pageId":"7f5bf69a-2d2c-446d-9fdf-f9c07729cb09","localX":1062.2443054861726,"localY":264.1624952072594},"timestamp":1787926562281,"hypothesisId":"B","runId":"ipad-fix2"}
{"sessionId":"6c5c15","location":"pageInkDom.ts:resolvePageDomHit","message":"dom hit resolved","data":{"clientX":427,"clientY":231.5,"method":"rect","hitKind":"page","pageId":"7f5bf69a-2d2c-446d-9fdf-f9c07729cb09","localX":1058.1991164316876,"localY":273.6012701246693},"timestamp":1787926562289,"hypothesisId":"B","runId":"ipad-fix2"}
{"sessionId":"6c5c15","location":"pageInkDom.ts:resolvePageDomHit","message":"dom hit resolved","data":{"clientX":426,"clientY":234.5,"method":"rect","hitKind":"page","pageId":"7f5bf69a-2d2c-446d-9fdf-f9c07729cb09","localX":1055.5023237286978,"localY":281.69164862530647},"timestamp":1787926562297,"hypothesisId":"B","runId":"ipad-fix2"}
{"sessionId":"6c5c15","location":"pageInkDom.ts:resolvePageDomHit","message":"dom hit resolved","data":{"clientX":425,"clientY":238,"method":"rect","hitKind":"page","pageId":"7f5bf69a-2d2c-446d-9fdf-f9c07729cb09","localX":1052.805531025708,"localY":291.1304235427164},"timestamp":1787926562306,"hypothesisId":"B","runId":"ipad-fix2"}
{"sessionId":"6c5c15","location":"pageInkDom.ts:resolvePageDomHit","message":"dom hit resolved","data":{"clientX":424,"clientY":240.5,"method":"rect","hitKind":"page","pageId":"7f5bf69a-2d2c-446d-9fdf-f9c07729cb09","localX":1050.1087383227182,"localY":297.87240562658064},"timestamp":1787926562314,"hypothesisId":"B","runId":"ipad-fix2"}
{"sessionId":"6c5c15","location":"pageInkDom.ts:resolvePageDomHit","message":"dom hit resolved","data":{"clientX":423,"clientY":243.5,"method":"rect","hitKind":"page","pageId":"7f5bf69a-2d2c-446d-9fdf-f9c07729cb09","localX":1047.4119456197282,"localY":305.96278412721773},"timestamp":1787926562322,"hypothesisId":"B","runId":"ipad-fix2"}
{"sessionId":"6c5c15","location":"pageInkDom.ts:resolvePageDomHit","message":"dom hit resolved","data":{"clientX":422.5,"clientY":245.5,"method":"rect","hitKind":"page","pageId":"7f5bf69a-2d2c-446d-9fdf-f9c07729cb09","localX":1046.0635492682331,"localY":311.3563697943091},"timestamp":1787926562331,"hypothesisId":"B","runId":"ipad-fix2"}
{"sessionId":"6c5c15","location":"pageInkDom.ts:resolvePageDomHit","message":"dom hit resolved","data":{"clientX":422,"clientY":248,"method":"rect","hitKind":"page","pageId":"7f5bf69a-2d2c-446d-9fdf-f9c07729cb09","localX":1044.7151529167384,"localY":318.0983518781734},"timestamp":1787926562339,"hypothesisId":"B","runId":"ipad-fix2"}
{"sessionId":"6c5c15","location":"pageInkDom.ts:resolvePageDomHit","message":"dom hit resolved","data":{"clientX":421.5,"clientY":249.5,"method":"rect","hitKind":"page","pageId":"7f5bf69a-2d2c-446d-9fdf-f9c07729cb09","localX":1043.3667565652433,"localY":322.1435411284919},"timestamp":1787926562347,"hypothesisId":"B","runId":"ipad-fix2"}
{"sessionId":"6c5c15","location":"pageInkDom.ts:resolvePageDomHit","message":"dom hit resolved","data":{"clientX":421.5,"clientY":251.5,"method":"rect","hitKind":"page","pageId":"7f5bf69a-2d2c-446d-9fdf-f9c07729cb09","localX":1043.3667565652433,"localY":327.53712679558333},"timestamp":1787926562356,"hypothesisId":"B","runId":"ipad-fix2"}
{"sessionId":"6c5c15","location":"pageInkDom.ts:resolvePageDomHit","message":"dom hit resolved","data":{"clientX":421.5,"clientY":254,"method":"rect","hitKind":"page","pageId":"7f5bf69a-2d2c-446d-9fdf-f9c07729cb09","localX":1043.3667565652433,"localY":334.27910887944756},"timestamp":1787926562364,"hypothesisId":"B","runId":"ipad-fix2"}
{"sessionId":"6c5c15","location":"pageInkDom.ts:resolvePageDomHit","message":"dom hit resolved","data":{"clientX":421.5,"clientY":257.5,"method":"rect","hitKind":"page","pageId":"7f5bf69a-2d2c-446d-9fdf-f9c07729cb09","localX":1043.3667565652433,"localY":343.7178837968575},"timestamp":1787926562372,"hypothesisId":"B","runId":"ipad-fix2"}
{"sessionId":"6c5c15","location":"pageInkDom.ts:resolvePageDomHit","message":"dom hit resolved","data":{"clientX":421.5,"clientY":262,"method":"rect","hitKind":"page","pageId":"7f5bf69a-2d2c-446d-9fdf-f9c07729cb09","localX":1043.3667565652433,"localY":355.85345154781317},"timestamp":1787926562381,"hypothesisId":"B","runId":"ipad-fix2"}
{"sessionId":"6c5c15","location":"useEditorController.tsx:textTapUp","message":"text tap up","data":{"pointerType":"touch","hasPending":false,"dist":126.56322530656368},"timestamp":1787926562389,"hypothesisId":"A,E","runId":"post-fix2"}
{"sessionId":"6c5c15","location":"pageInkDom.ts:resolvePageDomHit","message":"dom hit resolved","data":{"clientX":421,"clientY":268,"method":"rect","hitKind":"page","pageId":"7f5bf69a-2d2c-446d-9fdf-f9c07729cb09","localX":1042.0183602137486,"localY":372.03420854908734},"timestamp":1787926562389,"hypothesisId":"B","runId":"ipad-fix2"}
{"sessionId":"6c5c15","location":"useEditorController.tsx:textTapDown","message":"global pointerdown","data":{"pointerType":"touch","tracked":true},"timestamp":1787926562749,"hypothesisId":"A","runId":"post-fix"}
{"sessionId":"6c5c15","location":"pageInkDom.ts:resolvePageDomHit","message":"dom hit resolved","data":{"clientX":82.5,"clientY":776,"method":"rect","hitKind":"pageNumber","pageId":"7f5bf69a-2d2c-446d-9fdf-f9c07729cb09"},"timestamp":1787926562749,"hypothesisId":"B","runId":"ipad-fix2"}
{"sessionId":"6c5c15","location":"useEditorController.tsx:textTapUp","message":"text tap up","data":{"pointerType":"touch","hasPending":false,"dist":0},"timestamp":1787926562814,"hypothesisId":"A,E","runId":"post-fix2"}
{"sessionId":"6c5c15","location":"pageInkDom.ts:resolvePageDomHit","message":"dom hit resolved","data":{"clientX":82.5,"clientY":776,"method":"rect","hitKind":"pageNumber","pageId":"7f5bf69a-2d2c-446d-9fdf-f9c07729cb09"},"timestamp":1787926562815,"hypothesisId":"B","runId":"ipad-fix2"}
{"sessionId":"6c5c15","location":"workspaceFsm.tsx:fingerTapUp","message":"finger tap up","data":{"tool":"text","downHitKind":"pageNumber","upHitKind":"pageNumber","usedHitKind":"pageNumber","effectTypes":["insertAfterSelected"],"clientX":82.5,"clientY":776},"timestamp":1787926562818,"hypothesisId":"A,D,F","runId":"ipad-fix3"}
{"sessionId":"6c5c15","location":"useEditorController.tsx:textTapDown","message":"global pointerdown","data":{"pointerType":"touch","tracked":true},"timestamp":1787926563776,"hypothesisId":"A","runId":"post-fix"}
{"sessionId":"6c5c15","location":"pageInkDom.ts:resolvePageDomHit","message":"dom hit resolved","data":{"clientX":457,"clientY":507,"method":"rect","hitKind":"page","pageId":"2562e1e9-3fe1-4801-856a-39859a194c35","localX":1139.1028975213835,"localY":1016.5676957665092},"timestamp":1787926563776,"hypothesisId":"B","runId":"ipad-fix2"}
{"sessionId":"6c5c15","location":"pageInkDom.ts:resolvePageDomHit","message":"dom hit resolved","data":{"clientX":436.5,"clientY":514.5,"method":"rect","hitKind":"page","pageId":"2562e1e9-3fe1-4801-856a-39859a194c35","localX":1083.8186471100914,"localY":1036.7936420181022},"timestamp":1787926563784,"hypothesisId":"B","runId":"ipad-fix2"}
{"sessionId":"6c5c15","location":"pageInkDom.ts:resolvePageDomHit","message":"dom hit resolved","data":{"clientX":436.5,"clientY":514.5,"method":"rect","hitKind":"page","pageId":"2562e1e9-3fe1-4801-856a-39859a194c35","localX":1083.8186471100914,"localY":1036.7936420181022},"timestamp":1787926563785,"hypothesisId":"B","runId":"ipad-fix2"}
{"sessionId":"6c5c15","location":"pageInkDom.ts:resolvePageDomHit","message":"dom hit resolved","data":{"clientX":424,"clientY":520,"method":"rect","hitKind":"page","pageId":"2562e1e9-3fe1-4801-856a-39859a194c35","localX":1105.3929835902863,"localY":1031.4000563510106},"timestamp":1787926563790,"hypothesisId":"B","runId":"ipad-fix2"}
{"sessionId":"6c5c15","location":"pageInkDom.ts:resolvePageDomHit","message":"dom hit resolved","data":{"clientX":412.5,"clientY":525,"method":"rect","hitKind":"page","pageId":"2562e1e9-3fe1-4801-856a-39859a194c35","localX":1108.08979783262,"localY":1030.0516599342377},"timestamp":1787926563798,"hypothesisId":"B","runId":"ipad-fix2"}
{"sessionId":"6c5c15","location":"pageInkDom.ts:resolvePageDomHit","message":"dom hit resolved","data":{"clientX":400,"clientY":530,"method":"rect","hitKind":"page","pageId":"2562e1e9-3fe1-4801-856a-39859a194c35","localX":1105.3930041651818,"localY":1030.0516599342377},"timestamp":1787926563807,"hypothesisId":"B","runId":"ipad-fix2"}
{"sessionId":"6c5c15","location":"pageInkDom.ts:resolvePageDomHit","message":"dom hit resolved","data":{"clientX":386.5,"clientY":535,"method":"rect","hitKind":"page","pageId":"2562e1e9-3fe1-4801-856a-39859a194c35","localX":1102.696211462192,"localY":1030.0516599342377},"timestamp":1787926563815,"hypothesisId":"B","runId":"ipad-fix2"}
{"sessionId":"6c5c15","location":"pageInkDom.ts:resolvePageDomHit","message":"dom hit resolved","data":{"clientX":369,"clientY":541,"method":"rect","hitKind":"page","pageId":"2562e1e9-3fe1-4801-856a-39859a194c35","localX":1091.9090457939565,"localY":1032.7484527677834},"timestamp":1787926563823,"hypothesisId":"B","runId":"ipad-fix2"}
{"sessionId":"6c5c15","location":"pageInkDom.ts:resolvePageDomHit","message":"dom hit resolved","data":{"clientX":353,"clientY":547,"method":"rect","hitKind":"page","pageId":"2562e1e9-3fe1-4801-856a-39859a194c35","localX":1095.9542348484413,"localY":1032.7484527677834},"timestamp":1787926563832,"hypothesisId":"B","runId":"ipad-fix2"}
{"sessionId":"6c5c15","location":"pageInkDom.ts:resolvePageDomHit","message":"dom hit resolved","data":{"clientX":339,"clientY":552,"method":"rect","hitKind":"page","pageId":"2562e1e9-3fe1-4801-856a-39859a194c35","localX":1101.3478202544209,"localY":1030.0516599342377},"timestamp":1787926563840,"hypothesisId":"B","runId":"ipad-fix2"}
{"sessionId":"6c5c15","location":"pageInkDom.ts:resolvePageDomHit","message":"dom hit resolved","data":{"clientX":321.5,"clientY":558,"method":"rect","hitKind":"page","pageId":"2562e1e9-3fe1-4801-856a-39859a194c35","localX":1091.9090457939565,"localY":1032.7484527677834},"timestamp":1787926563848,"hypothesisId":"B","runId":"ipad-fix2"}
{"sessionId":"6c5c15","location":"pageInkDom.ts:resolvePageDomHit","message":"dom hit resolved","data":{"clientX":305,"clientY":563,"method":"rect","hitKind":"page","pageId":"2562e1e9-3fe1-4801-856a-39859a194c35","localX":1094.6058384969463,"localY":1030.0516599342377},"timestamp":1787926563857,"hypothesisId":"B","runId":"ipad-fix2"}
{"sessionId":"6c5c15","location":"pageInkDom.ts:resolvePageDomHit","message":"dom hit resolved","data":{"clientX":291,"clientY":567,"method":"rect","hitKind":"page","pageId":"2562e1e9-3fe1-4801-856a-39859a194c35","localX":1101.3478202544209,"localY":1027.354867100692},"timestamp":1787926563865,"hypothesisId":"B","runId":"ipad-fix2"}
{"sessionId":"6c5c15","location":"pageInkDom.ts:resolvePageDomHit","message":"dom hit resolved","data":{"clientX":275.5,"clientY":571.5,"method":"rect","hitKind":"page","pageId":"2562e1e9-3fe1-4801-856a-39859a194c35","localX":1097.3025900501452,"localY":1028.703205065084},"timestamp":1787926563873,"hypothesisId":"B","runId":"ipad-fix2"}
{"sessionId":"6c5c15","location":"pageInkDom.ts:resolvePageDomHit","message":"dom hit resolved","data":{"clientX":260.5,"clientY":575.5,"method":"rect","hitKind":"page","pageId":"2562e1e9-3fe1-4801-856a-39859a194c35","localX":1098.65098640164,"localY":1027.354808778867},"timestamp":1787926563882,"hypothesisId":"B","runId":"ipad-fix2"}
{"sessionId":"6c5c15","location":"pageInkDom.ts:resolvePageDomHit","message":"dom hit resolved","data":{"clientX":246,"clientY":578.5,"method":"rect","hitKind":"page","pageId":"2562e1e9-3fe1-4801-856a-39859a194c35","localX":1099.999382753135,"localY":1024.6580162064329},"timestamp":1787926563890,"hypothesisId":"B","runId":"ipad-fix2"}
{"sessionId":"6c5c15","location":"pageInkDom.ts:resolvePageDomHit","message":"dom hit resolved","data":{"clientX":232,"clientY":580.5,"method":"rect","hitKind":"page","pageId":"2562e1e9-3fe1-4801-856a-39859a194c35","localX":1101.3477791046298,"localY":1021.9612236339989},"timestamp":1787926563898,"hypothesisId":"B","runId":"ipad-fix2"}
{"sessionId":"6c5c15","location":"pageInkDom.ts:resolvePageDomHit","message":"dom hit resolved","data":{"clientX":219,"clientY":581.5,"method":"rect","hitKind":"page","pageId":"2562e1e9-3fe1-4801-856a-39859a194c35","localX":1104.0445718076198,"localY":1019.2644310615648},"timestamp":1787926563907,"hypothesisId":"B","runId":"ipad-fix2"}
{"sessionId":"6c5c15","location":"pageInkDom.ts:resolvePageDomHit","message":"dom hit resolved","data":{"clientX":207.5,"clientY":583,"method":"rect","hitKind":"page","pageId":"2562e1e9-3fe1-4801-856a-39859a194c35","localX":1108.0897608621046,"localY":1020.612827347782},"timestamp":1787926563915,"hypothesisId":"B","runId":"ipad-fix2"}
{"sessionId":"6c5c15","location":"pageInkDom.ts:resolvePageDomHit","message":"dom hit resolved","data":{"clientX":194,"clientY":583.5,"method":"rect","hitKind":"page","pageId":"2562e1e9-3fe1-4801-856a-39859a194c35","localX":1102.6961754561248,"localY":1017.9160347753477},"timestamp":1787926563923,"hypothesisId":"B","runId":"ipad-fix2"}
{"sessionId":"6c5c15","location":"pageInkDom.ts:resolvePageDomHit","message":"dom hit resolved","data":{"clientX":182,"clientY":583.5,"method":"rect","hitKind":"page","pageId":"2562e1e9-3fe1-4801-856a-39859a194c35","localX":1106.7413645106096,"localY":1016.5676384891308},"timestamp":1787926563932,"hypothesisId":"B","runId":"ipad-fix2"}
{"sessionId":"6c5c15","location":"pageInkDom.ts:resolvePageDomHit","message":"dom hit resolved","data":{"clientX":172,"clientY":583.5,"method":"rect","hitKind":"page","pageId":"2562e1e9-3fe1-4801-856a-39859a194c35","localX":1112.1349499165894,"localY":1016.5676384891308},"timestamp":1787926563940,"hypothesisId":"B","runId":"ipad-fix2"}
{"sessionId":"6c5c15","location":"pageInkDom.ts:resolvePageDomHit","message":"dom hit resolved","data":{"clientX":161,"clientY":583.5,"method":"rect","hitKind":"page","pageId":"2562e1e9-3fe1-4801-856a-39859a194c35","localX":1109.4381572135997,"localY":1016.5676384891308},"timestamp":1787926563948,"hypothesisId":"B","runId":"ipad-fix2"}
{"sessionId":"6c5c15","location":"pageInkDom.ts:resolvePageDomHit","message":"dom hit resolved","data":{"clientX":151,"clientY":583.5,"method":"rect","hitKind":"page","pageId":"2562e1e9-3fe1-4801-856a-39859a194c35","localX":1112.1349087667984,"localY":1016.5676384891308},"timestamp":1787926563957,"hypothesisId":"B","runId":"ipad-fix2"}
{"sessionId":"6c5c15","location":"pageInkDom.ts:resolvePageDomHit","message":"dom hit resolved","data":{"clientX":141,"clientY":583,"method":"rect","hitKind":"page","pageId":"2562e1e9-3fe1-4801-856a-39859a194c35","localX":1112.1349087667984,"localY":1015.2192422029137},"timestamp":1787926563965,"hypothesisId":"B","runId":"ipad-fix2"}
{"sessionId":"6c5c15","location":"pageInkDom.ts:resolvePageDomHit","message":"dom hit resolved","data":{"clientX":132,"clientY":581.5,"method":"rect","hitKind":"page","pageId":"2562e1e9-3fe1-4801-856a-39859a194c35","localX":1114.8317014697882,"localY":1012.5224496304797},"timestamp":1787926563973,"hypothesisId":"B","runId":"ipad-fix2"}
{"sessionId":"6c5c15","location":"pageInkDom.ts:resolvePageDomHit","message":"dom hit resolved","data":{"clientX":123.5,"clientY":581,"method":"rect","hitKind":"page","pageId":"2562e1e9-3fe1-4801-856a-39859a194c35","localX":1116.1800978212832,"localY":1015.2192422029137},"timestamp":1787926563982,"hypothesisId":"B","runId":"ipad-fix2"}
{"sessionId":"6c5c15","location":"pageInkDom.ts:resolvePageDomHit","message":"dom hit resolved","data":{"clientX":115.5,"clientY":580,"method":"rect","hitKind":"page","pageId":"2562e1e9-3fe1-4801-856a-39859a194c35","localX":1117.5284941727782,"localY":1013.8708459166967},"timestamp":1787926563990,"hypothesisId":"B","runId":"ipad-fix2"}
{"sessionId":"6c5c15","location":"pageInkDom.ts:resolvePageDomHit","message":"dom hit resolved","data":{"clientX":107,"clientY":579,"method":"rect","hitKind":"page","pageId":"2562e1e9-3fe1-4801-856a-39859a194c35","localX":1116.1800978212832,"localY":1013.8708459166967},"timestamp":1787926563998,"hypothesisId":"B","runId":"ipad-fix2"}
{"sessionId":"6c5c15","location":"pageInkDom.ts:resolvePageDomHit","message":"dom hit resolved","data":{"clientX":99.5,"clientY":578.5,"method":"rect","hitKind":"page","pageId":"2562e1e9-3fe1-4801-856a-39859a194c35","localX":1118.876890524273,"localY":1015.2192422029137},"timestamp":1787926564007,"hypothesisId":"B","runId":"ipad-fix2"}
{"sessionId":"6c5c15","location":"pageInkDom.ts:resolvePageDomHit","message":"dom hit resolved","data":{"clientX":92,"clientY":578,"method":"rect","hitKind":"page","pageId":"2562e1e9-3fe1-4801-856a-39859a194c35","localX":1118.876890524273,"localY":1015.2192422029137},"timestamp":1787926564015,"hypothesisId":"B","runId":"ipad-fix2"}
{"sessionId":"6c5c15","location":"pageInkDom.ts:resolvePageDomHit","message":"dom hit resolved","data":{"clientX":85,"clientY":577.5,"method":"rect","hitKind":"page","pageId":"2562e1e9-3fe1-4801-856a-39859a194c35","localX":1120.225286875768,"localY":1015.2192422029137},"timestamp":1787926564024,"hypothesisId":"B","runId":"ipad-fix2"}
{"sessionId":"6c5c15","location":"pageInkDom.ts:resolvePageDomHit","message":"dom hit resolved","data":{"clientX":78,"clientY":577,"method":"rect","hitKind":"page","pageId":"2562e1e9-3fe1-4801-856a-39859a194c35","localX":1120.225286875768,"localY":1015.2192422029137},"timestamp":1787926564032,"hypothesisId":"B","runId":"ipad-fix2"}
{"sessionId":"6c5c15","location":"pageInkDom.ts:resolvePageDomHit","message":"dom hit resolved","data":{"clientX":71.5,"clientY":576.5,"method":"rect","hitKind":"page","pageId":"2562e1e9-3fe1-4801-856a-39859a194c35","localX":1121.5736832272628,"localY":1015.2192422029137},"timestamp":1787926564040,"hypothesisId":"B","runId":"ipad-fix2"}
{"sessionId":"6c5c15","location":"pageInkDom.ts:resolvePageDomHit","message":"dom hit resolved","data":{"clientX":66,"clientY":576.5,"method":"rect","hitKind":"page","pageId":"2562e1e9-3fe1-4801-856a-39859a194c35","localX":1124.2704759302526,"localY":1016.5676384891308},"timestamp":1787926564049,"hypothesisId":"B","runId":"ipad-fix2"}
{"sessionId":"6c5c15","location":"pageInkDom.ts:resolvePageDomHit","message":"dom hit resolved","data":{"clientX":60,"clientY":576,"method":"rect","hitKind":"page","pageId":"2562e1e9-3fe1-4801-856a-39859a194c35","localX":1122.9220795787578,"localY":1015.2192422029137},"timestamp":1787926564057,"hypothesisId":"B","runId":"ipad-fix2"}
{"sessionId":"6c5c15","location":"pageInkDom.ts:resolvePageDomHit","message":"dom hit resolved","data":{"clientX":55,"clientY":576,"method":"rect","hitKind":"page","pageId":"2562e1e9-3fe1-4801-856a-39859a194c35","localX":1125.6188722817476,"localY":1016.5676384891308},"timestamp":1787926564065,"hypothesisId":"B","runId":"ipad-fix2"}
{"sessionId":"6c5c15","location":"pageInkDom.ts:resolvePageDomHit","message":"dom hit resolved","data":{"clientX":49.5,"clientY":576,"method":"rect","hitKind":"page","pageId":"2562e1e9-3fe1-4801-856a-39859a194c35","localX":1124.2704759302526,"localY":1016.5676384891308},"timestamp":1787926564074,"hypothesisId":"B","runId":"ipad-fix2"}
{"sessionId":"6c5c15","location":"useEditorController.tsx:textTapUp","message":"text tap up","data":{"pointerType":"touch","hasPending":false,"dist":418.80693642775304},"timestamp":1787926564082,"hypothesisId":"A,E","runId":"post-fix2"}
{"sessionId":"6c5c15","location":"pageInkDom.ts:resolvePageDomHit","message":"dom hit resolved","data":{"clientX":44,"clientY":576.5,"method":"rect","hitKind":"page","pageId":"2562e1e9-3fe1-4801-856a-39859a194c35","localX":1124.2704759302526,"localY":1017.9160347753477},"timestamp":1787926564082,"hypothesisId":"B","runId":"ipad-fix2"}
{"sessionId":"6c5c15","location":"useEditorController.tsx:textTapDown","message":"global pointerdown","data":{"pointerType":"touch","tracked":true},"timestamp":1787926564323,"hypothesisId":"A","runId":"post-fix"}
{"sessionId":"6c5c15","location":"pageInkDom.ts:resolvePageDomHit","message":"dom hit resolved","data":{"clientX":366.5,"clientY":519.5,"method":"rect","hitKind":"page","pageId":"7f5bf69a-2d2c-446d-9fdf-f9c07729cb09","localX":705.0972657609872,"localY":864.1988581466077},"timestamp":1787926564324,"hypothesisId":"B","runId":"ipad-fix2"}
{"sessionId":"6c5c15","location":"pageInkDom.ts:resolvePageDomHit","message":"dom hit resolved","data":{"clientX":375,"clientY":519.5,"method":"rect","hitKind":"page","pageId":"7f5bf69a-2d2c-446d-9fdf-f9c07729cb09","localX":728.0200037364011,"localY":864.1988581466077},"timestamp":1787926564332,"hypothesisId":"B","runId":"ipad-fix2"}
{"sessionId":"6c5c15","location":"pageInkDom.ts:resolvePageDomHit","message":"dom hit resolved","data":{"clientX":375,"clientY":519.5,"method":"rect","hitKind":"page","pageId":"7f5bf69a-2d2c-446d-9fdf-f9c07729cb09","localX":728.0200037364011,"localY":864.1988581466077},"timestamp":1787926564333,"hypothesisId":"B","runId":"ipad-fix2"}
{"sessionId":"6c5c15","location":"pageInkDom.ts:resolvePageDomHit","message":"dom hit resolved","data":{"clientX":378.5,"clientY":519.5,"method":"rect","hitKind":"page","pageId":"7f5bf69a-2d2c-446d-9fdf-f9c07729cb09","localX":737.4587781968655,"localY":864.1988581466077},"timestamp":1787926564340,"hypothesisId":"B","runId":"ipad-fix2"}
{"sessionId":"6c5c15","location":"pageInkDom.ts:resolvePageDomHit","message":"dom hit resolved","data":{"clientX":380,"clientY":519.5,"method":"rect","hitKind":"page","pageId":"7f5bf69a-2d2c-446d-9fdf-f9c07729cb09","localX":709.142454815472,"localY":864.1988581466077},"timestamp":1787926564349,"hypothesisId":"B","runId":"ipad-fix2"}
{"sessionId":"6c5c15","location":"pageInkDom.ts:resolvePageDomHit","message":"dom hit resolved","data":{"clientX":381,"clientY":519.5,"method":"rect","hitKind":"page","pageId":"7f5bf69a-2d2c-446d-9fdf-f9c07729cb09","localX":707.7940584639771,"localY":864.1988581466077},"timestamp":1787926564357,"hypothesisId":"B","runId":"ipad-fix2"}
{"sessionId":"6c5c15","location":"pageInkDom.ts:resolvePageDomHit","message":"dom hit resolved","data":{"clientX":381.5,"clientY":520,"method":"rect","hitKind":"page","pageId":"7f5bf69a-2d2c-446d-9fdf-f9c07729cb09","localX":706.4456621124821,"localY":865.5472544328246},"timestamp":1787926564365,"hypothesisId":"B","runId":"ipad-fix2"}
{"sessionId":"6c5c15","location":"pageInkDom.ts:resolvePageDomHit","message":"dom hit resolved","data":{"clientX":381.5,"clientY":520.5,"method":"rect","hitKind":"page","pageId":"7f5bf69a-2d2c-446d-9fdf-f9c07729cb09","localX":705.0972657609872,"localY":865.5472544328246},"timestamp":1787926564382,"hypothesisId":"B","runId":"ipad-fix2"}
{"sessionId":"6c5c15","location":"pageInkDom.ts:resolvePageDomHit","message":"dom hit resolved","data":{"clientX":380.5,"clientY":521.5,"method":"rect","hitKind":"page","pageId":"7f5bf69a-2d2c-446d-9fdf-f9c07729cb09","localX":702.4004730579974,"localY":866.8956507190417},"timestamp":1787926564399,"hypothesisId":"B","runId":"ipad-fix2"}
{"sessionId":"6c5c15","location":"pageInkDom.ts:resolvePageDomHit","message":"dom hit resolved","data":{"clientX":373.5,"clientY":523,"method":"rect","hitKind":"page","pageId":"7f5bf69a-2d2c-446d-9fdf-f9c07729cb09","localX":686.2197168400583,"localY":868.2440470052588},"timestamp":1787926564407,"hypothesisId":"B","runId":"ipad-fix2"}
{"sessionId":"6c5c15","location":"pageInkDom.ts:resolvePageDomHit","message":"dom hit resolved","data":{"clientX":364,"clientY":526.5,"method":"rect","hitKind":"page","pageId":"7f5bf69a-2d2c-446d-9fdf-f9c07729cb09","localX":679.4777350825835,"localY":873.6376321501268},"timestamp":1787926564415,"hypothesisId":"B","runId":"ipad-fix2"}
{"sessionId":"6c5c15","location":"pageInkDom.ts:resolvePageDomHit","message":"dom hit resolved","data":{"clientX":351.5,"clientY":530.5,"method":"rect","hitKind":"page","pageId":"7f5bf69a-2d2c-446d-9fdf-f9c07729cb09","localX":671.3873569736139,"localY":874.9860284363439},"timestamp":1787926564424,"hypothesisId":"B","runId":"ipad-fix2"}
{"sessionId":"6c5c15","location":"pageInkDom.ts:resolvePageDomHit","message":"dom hit resolved","data":{"clientX":342,"clientY":533,"method":"rect","hitKind":"page","pageId":"7f5bf69a-2d2c-446d-9fdf-f9c07729cb09","localX":679.4778173821655,"localY":870.9408395776928},"timestamp":1787926564432,"hypothesisId":"B","runId":"ipad-fix2"}
{"sessionId":"6c5c15","location":"pageInkDom.ts:resolvePageDomHit","message":"dom hit resolved","data":{"clientX":331,"clientY":535,"method":"rect","hitKind":"page","pageId":"7f5bf69a-2d2c-446d-9fdf-f9c07729cb09","localX":675.4326283276807,"localY":869.5924432914759},"timestamp":1787926564440,"hypothesisId":"B","runId":"ipad-fix2"}
{"sessionId":"6c5c15","location":"pageInkDom.ts:resolvePageDomHit","message":"dom hit resolved","data":{"clientX":321.5,"clientY":537.5,"method":"rect","hitKind":"page","pageId":"7f5bf69a-2d2c-446d-9fdf-f9c07729cb09","localX":679.4778173821655,"localY":870.9408395776928},"timestamp":1787926564449,"hypothesisId":"B","runId":"ipad-fix2"}
{"sessionId":"6c5c15","location":"pageInkDom.ts:resolvePageDomHit","message":"dom hit resolved","data":{"clientX":313.5,"clientY":538.5,"method":"rect","hitKind":"page","pageId":"7f5bf69a-2d2c-446d-9fdf-f9c07729cb09","localX":683.5230167240982,"localY":866.8956507190417},"timestamp":1787926564457,"hypothesisId":"B","runId":"ipad-fix2"}
{"sessionId":"6c5c15","location":"pageInkDom.ts:resolvePageDomHit","message":"dom hit resolved","data":{"clientX":303,"clientY":540,"method":"rect","hitKind":"page","pageId":"7f5bf69a-2d2c-446d-9fdf-f9c07729cb09","localX":676.7810349666235,"localY":868.2440470052588},"timestamp":1787926564465,"hypothesisId":"B","runId":"ipad-fix2"}
{"sessionId":"6c5c15","location":"pageInkDom.ts:resolvePageDomHit","message":"dom hit resolved","data":{"clientX":294,"clientY":541,"method":"rect","hitKind":"page","pageId":"7f5bf69a-2d2c-446d-9fdf-f9c07729cb09","localX":680.8262240211083,"localY":866.8956507190417},"timestamp":1787926564474,"hypothesisId":"B","runId":"ipad-fix2"}
{"sessionId":"6c5c15","location":"pageInkDom.ts:resolvePageDomHit","message":"dom hit resolved","data":{"clientX":284.5,"clientY":542.5,"method":"rect","hitKind":"page","pageId":"7f5bf69a-2d2c-446d-9fdf-f9c07729cb09","localX":679.4778276696132,"localY":868.2440470052588},"timestamp":1787926564482,"hypothesisId":"B","runId":"ipad-fix2"}
{"sessionId":"6c5c15","location":"pageInkDom.ts:resolvePageDomHit","message":"dom hit resolved","data":{"clientX":274.5,"clientY":543,"method":"rect","hitKind":"page","pageId":"7f5bf69a-2d2c-446d-9fdf-f9c07729cb09","localX":678.1294261743944,"localY":865.5472544328246},"timestamp":1787926564490,"hypothesisId":"B","runId":"ipad-fix2"}
{"sessionId":"6c5c15","location":"pageInkDom.ts:resolvePageDomHit","message":"dom hit resolved","data":{"clientX":265,"clientY":544.5,"method":"rect","hitKind":"page","pageId":"7f5bf69a-2d2c-446d-9fdf-f9c07729cb09","localX":679.4778225258895,"localY":868.2440470052588},"timestamp":1787926564499,"hypothesisId":"B","runId":"ipad-fix2"}
{"sessionId":"6c5c15","location":"pageInkDom.ts:resolvePageDomHit","message":"dom hit resolved","data":{"clientX":256.5,"clientY":545,"method":"rect","hitKind":"page","pageId":"7f5bf69a-2d2c-446d-9fdf-f9c07729cb09","localX":682.1746158718447,"localY":865.5472544328246},"timestamp":1787926564507,"hypothesisId":"B","runId":"ipad-fix2"}
{"sessionId":"6c5c15","location":"pageInkDom.ts:resolvePageDomHit","message":"dom hit resolved","data":{"clientX":248.5,"clientY":545.5,"method":"rect","hitKind":"page","pageId":"7f5bf69a-2d2c-446d-9fdf-f9c07729cb09","localX":683.5230115803741,"localY":865.5472544328246},"timestamp":1787926564515,"hypothesisId":"B","runId":"ipad-fix2"}
{"sessionId":"6c5c15","location":"pageInkDom.ts:resolvePageDomHit","message":"dom hit resolved","data":{"clientX":240.5,"clientY":545.5,"method":"rect","hitKind":"page","pageId":"7f5bf69a-2d2c-446d-9fdf-f9c07729cb09","localX":683.5230115803741,"localY":864.1988581466077},"timestamp":1787926564524,"hypothesisId":"B","runId":"ipad-fix2"}
{"sessionId":"6c5c15","location":"pageInkDom.ts:resolvePageDomHit","message":"dom hit resolved","data":{"clientX":234,"clientY":545.5,"method":"rect","hitKind":"page","pageId":"7f5bf69a-2d2c-446d-9fdf-f9c07729cb09","localX":687.568200634859,"localY":864.1988581466077},"timestamp":1787926564532,"hypothesisId":"B","runId":"ipad-fix2"}
{"sessionId":"6c5c15","location":"pageInkDom.ts:resolvePageDomHit","message":"dom hit resolved","data":{"clientX":228,"clientY":545.5,"method":"rect","hitKind":"page","pageId":"7f5bf69a-2d2c-446d-9fdf-f9c07729cb09","localX":688.9165969863539,"localY":864.1988581466077},"timestamp":1787926564540,"hypothesisId":"B","runId":"ipad-fix2"}
{"sessionId":"6c5c15","location":"pageInkDom.ts:resolvePageDomHit","message":"dom hit resolved","data":{"clientX":222.5,"clientY":545.5,"method":"rect","hitKind":"page","pageId":"7f5bf69a-2d2c-446d-9fdf-f9c07729cb09","localX":690.2649984815727,"localY":864.1988581466077},"timestamp":1787926564549,"hypothesisId":"B","runId":"ipad-fix2"}
{"sessionId":"6c5c15","location":"pageInkDom.ts:resolvePageDomHit","message":"dom hit resolved","data":{"clientX":217.5,"clientY":545.5,"method":"rect","hitKind":"page","pageId":"7f5bf69a-2d2c-446d-9fdf-f9c07729cb09","localX":691.6133948330677,"localY":864.1988581466077},"timestamp":1787926564557,"hypothesisId":"B","runId":"ipad-fix2"}
{"sessionId":"6c5c15","location":"pageInkDom.ts:resolvePageDomHit","message":"dom hit resolved","data":{"clientX":213,"clientY":545.5,"method":"rect","hitKind":"page","pageId":"7f5bf69a-2d2c-446d-9fdf-f9c07729cb09","localX":692.9617911845626,"localY":864.1988581466077},"timestamp":1787926564566,"hypothesisId":"B","runId":"ipad-fix2"}
{"sessionId":"6c5c15","location":"pageInkDom.ts:resolvePageDomHit","message":"dom hit resolved","data":{"clientX":209.5,"clientY":545,"method":"rect","hitKind":"page","pageId":"7f5bf69a-2d2c-446d-9fdf-f9c07729cb09","localX":695.6585838875524,"localY":862.8504618603906},"timestamp":1787926564574,"hypothesisId":"B","runId":"ipad-fix2"}
{"sessionId":"6c5c15","location":"pageInkDom.ts:resolvePageDomHit","message":"dom hit resolved","data":{"clientX":205.5,"clientY":545,"method":"rect","hitKind":"page","pageId":"7f5bf69a-2d2c-446d-9fdf-f9c07729cb09","localX":694.3101875360576,"localY":864.1988581466077},"timestamp":1787926564582,"hypothesisId":"B","runId":"ipad-fix2"}
{"sessionId":"6c5c15","location":"pageInkDom.ts:resolvePageDomHit","message":"dom hit resolved","data":{"clientX":203,"clientY":543.5,"method":"rect","hitKind":"page","pageId":"7f5bf69a-2d2c-446d-9fdf-f9c07729cb09","localX":698.3553765905423,"localY":860.1536692879566},"timestamp":1787926564591,"hypothesisId":"B","runId":"ipad-fix2"}
{"sessionId":"6c5c15","location":"pageInkDom.ts:resolvePageDomHit","message":"dom hit resolved","data":{"clientX":200.5,"clientY":542.5,"method":"rect","hitKind":"page","pageId":"7f5bf69a-2d2c-446d-9fdf-f9c07729cb09","localX":698.3553765905423,"localY":861.5020655741737},"timestamp":1787926564599,"hypothesisId":"B","runId":"ipad-fix2"}
{"sessionId":"6c5c15","location":"pageInkDom.ts:resolvePageDomHit","message":"dom hit resolved","data":{"clientX":198,"clientY":541,"method":"rect","hitKind":"page","pageId":"7f5bf69a-2d2c-446d-9fdf-f9c07729cb09","localX":698.3553765905423,"localY":860.1536692879566},"timestamp":1787926564607,"hypothesisId":"B","runId":"ipad-fix2"}
{"sessionId":"6c5c15","location":"pageInkDom.ts:resolvePageDomHit","message":"dom hit resolved","data":{"clientX":196,"clientY":540,"method":"rect","hitKind":"page","pageId":"7f5bf69a-2d2c-446d-9fdf-f9c07729cb09","localX":699.7037729420373,"localY":861.5020655741737},"timestamp":1787926564615,"hypothesisId":"B","runId":"ipad-fix2"}
{"sessionId":"6c5c15","location":"pageInkDom.ts:resolvePageDomHit","message":"dom hit resolved","data":{"clientX":194.5,"clientY":538,"method":"rect","hitKind":"page","pageId":"7f5bf69a-2d2c-446d-9fdf-f9c07729cb09","localX":701.0521590060845,"localY":858.8052730017396},"timestamp":1787926564624,"hypothesisId":"B","runId":"ipad-fix2"}
{"sessionId":"6c5c15","location":"pageInkDom.ts:resolvePageDomHit","message":"dom hit resolved","data":{"clientX":193.5,"clientY":537,"method":"rect","hitKind":"page","pageId":"7f5bf69a-2d2c-446d-9fdf-f9c07729cb09","localX":702.4005553575793,"localY":861.5020655741737},"timestamp":1787926564632,"hypothesisId":"B","runId":"ipad-fix2"}
{"sessionId":"6c5c15","location":"pageInkDom.ts:resolvePageDomHit","message":"dom hit resolved","data":{"clientX":193,"clientY":535,"method":"rect","hitKind":"page","pageId":"7f5bf69a-2d2c-446d-9fdf-f9c07729cb09","localX":703.7489517090743,"localY":858.8052730017396},"timestamp":1787926564640,"hypothesisId":"B","runId":"ipad-fix2"}
{"sessionId":"6c5c15","location":"pageInkDom.ts:resolvePageDomHit","message":"dom hit resolved","data":{"clientX":192.5,"clientY":533.5,"method":"rect","hitKind":"page","pageId":"7f5bf69a-2d2c-446d-9fdf-f9c07729cb09","localX":703.7489517090743,"localY":860.1536692879566},"timestamp":1787926564649,"hypothesisId":"B","runId":"ipad-fix2"}
{"sessionId":"6c5c15","location":"pageInkDom.ts:resolvePageDomHit","message":"dom hit resolved","data":{"clientX":192,"clientY":531.5,"method":"rect","hitKind":"page","pageId":"7f5bf69a-2d2c-446d-9fdf-f9c07729cb09","localX":703.7489517090743,"localY":858.8052730017396},"timestamp":1787926564657,"hypothesisId":"B","runId":"ipad-fix2"}
{"sessionId":"6c5c15","location":"useEditorController.tsx:textTapUp","message":"text tap up","data":{"pointerType":"touch","hasPending":false,"dist":176.31293202712047},"timestamp":1787926564665,"hypothesisId":"A,E","runId":"post-fix2"}
{"sessionId":"6c5c15","location":"pageInkDom.ts:resolvePageDomHit","message":"dom hit resolved","data":{"clientX":190.5,"clientY":530,"method":"rect","hitKind":"page","pageId":"7f5bf69a-2d2c-446d-9fdf-f9c07729cb09","localX":701.0521590060845,"localY":860.1536692879566},"timestamp":1787926564666,"hypothesisId":"B","runId":"ipad-fix2"}
{"sessionId":"6c5c15","location":"useEditorController.tsx:textTapDown","message":"global pointerdown","data":{"pointerType":"touch","tracked":true},"timestamp":1787926565145,"hypothesisId":"A","runId":"post-fix"}
{"sessionId":"6c5c15","location":"pageInkDom.ts:resolvePageDomHit","message":"dom hit resolved","data":{"clientX":357.5,"clientY":228.5,"method":"rect","hitKind":"page","pageId":"7f5bf69a-2d2c-446d-9fdf-f9c07729cb09","localX":1151.4165404053913,"localY":47.070708699094446},"timestamp":1787926565146,"hypothesisId":"B","runId":"ipad-fix2"}
{"sessionId":"6c5c15","location":"useEditorController.tsx:textTapUp","message":"text tap up","data":{"pointerType":"touch","hasPending":false,"dist":0},"timestamp":1787926565216,"hypothesisId":"A,E","runId":"post-fix2"}
{"sessionId":"6c5c15","location":"pageInkDom.ts:resolvePageDomHit","message":"dom hit resolved","data":{"clientX":357.5,"clientY":228.5,"method":"rect","hitKind":"page","pageId":"7f5bf69a-2d2c-446d-9fdf-f9c07729cb09","localX":1151.4165404053913,"localY":47.070708699094446},"timestamp":1787926565216,"hypothesisId":"B","runId":"ipad-fix2"}
{"sessionId":"6c5c15","location":"workspaceFsm.tsx:fingerTapUp","message":"finger tap up","data":{"tool":"text","downHitKind":"page","upHitKind":"page","usedHitKind":"page","effectTypes":["createText"],"createX":1151.4165404053913,"createY":47.070708699094446,"domLocalX":1151.4165404053913,"domLocalY":47.070708699094446,"clientX":357.5,"clientY":228.5},"timestamp":1787926565217,"hypothesisId":"A,D,F","runId":"ipad-fix3"}
{"sessionId":"6c5c15","location":"useEditorController.tsx:createTextEffect","message":"createText effect","data":{"pageId":"7f5bf69a-2d2c-446d-9fdf-f9c07729cb09","x":1151.4165404053913,"y":47.070708699094446,"hasTrack":false,"tool":"text","pointerType":"unknown"},"timestamp":1787926565217,"hypothesisId":"A,E","runId":"ipad-fix"}
{"sessionId":"6c5c15","location":"useEditorController.tsx:textTapDown","message":"global pointerdown","data":{"pointerType":"touch","tracked":true},"timestamp":1787926566629,"hypothesisId":"A","runId":"post-fix"}
{"sessionId":"6c5c15","location":"pageInkDom.ts:resolvePageDomHit","message":"dom hit resolved","data":{"clientX":368,"clientY":227.5,"method":"rect","hitKind":"pageText","pageId":"7f5bf69a-2d2c-446d-9fdf-f9c07729cb09","localX":1179.7328637867847,"localY":44.373916126660404},"timestamp":1787926566630,"hypothesisId":"B","runId":"ipad-fix2"}
{"sessionId":"6c5c15","location":"pageInkDom.ts:resolvePageDomHit","message":"dom hit resolved","data":{"clientX":365,"clientY":236.5,"method":"rect","hitKind":"pageText","pageId":"7f5bf69a-2d2c-446d-9fdf-f9c07729cb09","localX":1171.6424856778153,"localY":68.64504927856673},"timestamp":1787926566750,"hypothesisId":"B","runId":"ipad-fix2"}
{"sessionId":"6c5c15","location":"pageInkDom.ts:resolvePageDomHit","message":"dom hit resolved","data":{"clientX":365,"clientY":236.5,"method":"rect","hitKind":"pageText","pageId":"7f5bf69a-2d2c-446d-9fdf-f9c07729cb09","localX":1171.6424856778153,"localY":68.64504927856673},"timestamp":1787926566751,"hypothesisId":"B","runId":"ipad-fix2"}
{"sessionId":"6c5c15","location":"pageInkDom.ts:resolvePageDomHit","message":"dom hit resolved","data":{"clientX":364,"clientY":239,"method":"rect","hitKind":"pageText","pageId":"7f5bf69a-2d2c-446d-9fdf-f9c07729cb09","localX":1168.9456929748253,"localY":75.38703070965182},"timestamp":1787926566758,"hypothesisId":"B","runId":"ipad-fix2"}
{"sessionId":"6c5c15","location":"pageInkDom.ts:resolvePageDomHit","message":"dom hit resolved","data":{"clientX":362,"clientY":242,"method":"rect","hitKind":"pageText","pageId":"7f5bf69a-2d2c-446d-9fdf-f9c07729cb09","localX":1163.5521075688457,"localY":83.47740842695394},"timestamp":1787926566767,"hypothesisId":"B","runId":"ipad-fix2"}
{"sessionId":"6c5c15","location":"pageInkDom.ts:resolvePageDomHit","message":"dom hit resolved","data":{"clientX":360,"clientY":246,"method":"rect","hitKind":"pageText","pageId":"7f5bf69a-2d2c-446d-9fdf-f9c07729cb09","localX":1158.158522162866,"localY":94.2645787166901},"timestamp":1787926566775,"hypothesisId":"B","runId":"ipad-fix2"}
{"sessionId":"6c5c15","location":"pageInkDom.ts:resolvePageDomHit","message":"dom hit resolved","data":{"clientX":357.5,"clientY":249,"method":"rect","hitKind":"pageText","pageId":"7f5bf69a-2d2c-446d-9fdf-f9c07729cb09","localX":1151.4165404053913,"localY":102.35495643399221},"timestamp":1787926566783,"hypothesisId":"B","runId":"ipad-fix2"}
{"sessionId":"6c5c15","location":"pageInkDom.ts:resolvePageDomHit","message":"dom hit resolved","data":{"clientX":354.5,"clientY":253,"method":"rect","hitKind":"pageText","pageId":"7f5bf69a-2d2c-446d-9fdf-f9c07729cb09","localX":1143.3261622964217,"localY":113.14212672372837},"timestamp":1787926566792,"hypothesisId":"B","runId":"ipad-fix2"}
{"sessionId":"6c5c15","location":"pageInkDom.ts:resolvePageDomHit","message":"dom hit resolved","data":{"clientX":352,"clientY":257,"method":"rect","hitKind":"pageText","pageId":"7f5bf69a-2d2c-446d-9fdf-f9c07729cb09","localX":1136.584180538947,"localY":123.92929701346449},"timestamp":1787926566800,"hypothesisId":"B","runId":"ipad-fix2"}
{"sessionId":"6c5c15","location":"pageInkDom.ts:resolvePageDomHit","message":"dom hit resolved","data":{"clientX":349,"clientY":261,"method":"rect","hitKind":"pageText","pageId":"7f5bf69a-2d2c-446d-9fdf-f9c07729cb09","localX":1128.4938024299774,"localY":134.71646730320066},"timestamp":1787926566808,"hypothesisId":"B","runId":"ipad-fix2"}
{"sessionId":"6c5c15","location":"pageInkDom.ts:resolvePageDomHit","message":"dom hit resolved","data":{"clientX":346,"clientY":264.5,"method":"rect","hitKind":"pageText","pageId":"7f5bf69a-2d2c-446d-9fdf-f9c07729cb09","localX":1120.4034243210078,"localY":144.15524130671977},"timestamp":1787926566817,"hypothesisId":"B","runId":"ipad-fix2"}
{"sessionId":"6c5c15","location":"pageInkDom.ts:resolvePageDomHit","message":"dom hit resolved","data":{"clientX":342.5,"clientY":268,"method":"rect","hitKind":"pageText","pageId":"7f5bf69a-2d2c-446d-9fdf-f9c07729cb09","localX":1110.9646498605434,"localY":153.59401531023892},"timestamp":1787926566825,"hypothesisId":"B","runId":"ipad-fix2"}
{"sessionId":"6c5c15","location":"pageInkDom.ts:resolvePageDomHit","message":"dom hit resolved","data":{"clientX":340,"clientY":271,"method":"rect","hitKind":"pageText","pageId":"7f5bf69a-2d2c-446d-9fdf-f9c07729cb09","localX":1104.2226681030686,"localY":161.684393027541},"timestamp":1787926566833,"hypothesisId":"B","runId":"ipad-fix2"}
{"sessionId":"6c5c15","location":"pageInkDom.ts:resolvePageDomHit","message":"dom hit resolved","data":{"clientX":336.5,"clientY":275,"method":"rect","hitKind":"page","pageId":"7f5bf69a-2d2c-446d-9fdf-f9c07729cb09","localX":1094.7838936426042,"localY":172.47156331727717},"timestamp":1787926566842,"hypothesisId":"B","runId":"ipad-fix2"}
{"sessionId":"6c5c15","location":"pageInkDom.ts:resolvePageDomHit","message":"dom hit resolved","data":{"clientX":333.5,"clientY":278.5,"method":"rect","hitKind":"page","pageId":"7f5bf69a-2d2c-446d-9fdf-f9c07729cb09","localX":1086.6935155336346,"localY":181.91033732079632},"timestamp":1787926566850,"hypothesisId":"B","runId":"ipad-fix2"}
{"sessionId":"6c5c15","location":"pageInkDom.ts:resolvePageDomHit","message":"dom hit resolved","data":{"clientX":330.5,"clientY":281.5,"method":"rect","hitKind":"page","pageId":"7f5bf69a-2d2c-446d-9fdf-f9c07729cb09","localX":1078.603137424665,"localY":190.0007150380984},"timestamp":1787926566858,"hypothesisId":"B","runId":"ipad-fix2"}
{"sessionId":"6c5c15","location":"pageInkDom.ts:resolvePageDomHit","message":"dom hit resolved","data":{"clientX":328,"clientY":284.5,"method":"rect","hitKind":"page","pageId":"7f5bf69a-2d2c-446d-9fdf-f9c07729cb09","localX":1071.8611556671904,"localY":198.09109275540052},"timestamp":1787926566867,"hypothesisId":"B","runId":"ipad-fix2"}
{"sessionId":"6c5c15","location":"pageInkDom.ts:resolvePageDomHit","message":"dom hit resolved","data":{"clientX":326,"clientY":286.5,"method":"rect","hitKind":"page","pageId":"7f5bf69a-2d2c-446d-9fdf-f9c07729cb09","localX":1066.4675702612105,"localY":203.4846779002686},"timestamp":1787926566875,"hypothesisId":"B","runId":"ipad-fix2"}
{"sessionId":"6c5c15","location":"pageInkDom.ts:resolvePageDomHit","message":"dom hit resolved","data":{"clientX":324,"clientY":289,"method":"rect","hitKind":"page","pageId":"7f5bf69a-2d2c-446d-9fdf-f9c07729cb09","localX":1061.073984855231,"localY":210.2266593313537},"timestamp":1787926566884,"hypothesisId":"B","runId":"ipad-fix2"}
{"sessionId":"6c5c15","location":"pageInkDom.ts:resolvePageDomHit","message":"dom hit resolved","data":{"clientX":322,"clientY":291.5,"method":"rect","hitKind":"page","pageId":"7f5bf69a-2d2c-446d-9fdf-f9c07729cb09","localX":1055.6803994492511,"localY":216.9686407624388},"timestamp":1787926566892,"hypothesisId":"B","runId":"ipad-fix2"}
{"sessionId":"6c5c15","location":"pageInkDom.ts:resolvePageDomHit","message":"dom hit resolved","data":{"clientX":320.5,"clientY":293,"method":"rect","hitKind":"page","pageId":"7f5bf69a-2d2c-446d-9fdf-f9c07729cb09","localX":1051.6352103947665,"localY":221.01382962108985},"timestamp":1787926566900,"hypothesisId":"B","runId":"ipad-fix2"}
{"sessionId":"6c5c15","location":"pageInkDom.ts:resolvePageDomHit","message":"dom hit resolved","data":{"clientX":319,"clientY":295,"method":"rect","hitKind":"page","pageId":"7f5bf69a-2d2c-446d-9fdf-f9c07729cb09","localX":1047.5900213402815,"localY":226.4074147659579},"timestamp":1787926566908,"hypothesisId":"B","runId":"ipad-fix2"}
{"sessionId":"6c5c15","location":"pageInkDom.ts:resolvePageDomHit","message":"dom hit resolved","data":{"clientX":317.5,"clientY":297,"method":"rect","hitKind":"page","pageId":"7f5bf69a-2d2c-446d-9fdf-f9c07729cb09","localX":1043.544832285797,"localY":231.80099991082602},"timestamp":1787926566917,"hypothesisId":"B","runId":"ipad-fix2"}
{"sessionId":"6c5c15","location":"pageInkDom.ts:resolvePageDomHit","message":"dom hit resolved","data":{"clientX":316,"clientY":299.5,"method":"rect","hitKind":"page","pageId":"7f5bf69a-2d2c-446d-9fdf-f9c07729cb09","localX":1039.4996432313121,"localY":238.54298134191106},"timestamp":1787926566925,"hypothesisId":"B","runId":"ipad-fix2"}
{"sessionId":"6c5c15","location":"pageInkDom.ts:resolvePageDomHit","message":"dom hit resolved","data":{"clientX":314.5,"clientY":301.5,"method":"rect","hitKind":"page","pageId":"7f5bf69a-2d2c-446d-9fdf-f9c07729cb09","localX":1035.454454176827,"localY":243.93656648677916},"timestamp":1787926566933,"hypothesisId":"B","runId":"ipad-fix2"}
{"sessionId":"6c5c15","location":"pageInkDom.ts:resolvePageDomHit","message":"dom hit resolved","data":{"clientX":313,"clientY":303.5,"method":"rect","hitKind":"page","pageId":"7f5bf69a-2d2c-446d-9fdf-f9c07729cb09","localX":1031.4092651223425,"localY":249.33015163164723},"timestamp":1787926566942,"hypothesisId":"B","runId":"ipad-fix2"}
{"sessionId":"6c5c15","location":"pageInkDom.ts:resolvePageDomHit","message":"dom hit resolved","data":{"clientX":311,"clientY":305.5,"method":"rect","hitKind":"page","pageId":"7f5bf69a-2d2c-446d-9fdf-f9c07729cb09","localX":1026.0156797163627,"localY":254.72373677651532},"timestamp":1787926566950,"hypothesisId":"B","runId":"ipad-fix2"}
{"sessionId":"6c5c15","location":"pageInkDom.ts:resolvePageDomHit","message":"dom hit resolved","data":{"clientX":309,"clientY":307.5,"method":"rect","hitKind":"page","pageId":"7f5bf69a-2d2c-446d-9fdf-f9c07729cb09","localX":1020.622094310383,"localY":260.1173219213834},"timestamp":1787926566958,"hypothesisId":"B","runId":"ipad-fix2"}
{"sessionId":"6c5c15","location":"pageInkDom.ts:resolvePageDomHit","message":"dom hit resolved","data":{"clientX":307,"clientY":310,"method":"rect","hitKind":"page","pageId":"7f5bf69a-2d2c-446d-9fdf-f9c07729cb09","localX":1015.2285089044033,"localY":266.8593033524685},"timestamp":1787926566967,"hypothesisId":"B","runId":"ipad-fix2"}
{"sessionId":"6c5c15","location":"pageInkDom.ts:resolvePageDomHit","message":"dom hit resolved","data":{"clientX":305,"clientY":312.5,"method":"rect","hitKind":"page","pageId":"7f5bf69a-2d2c-446d-9fdf-f9c07729cb09","localX":1009.8349234984236,"localY":273.6012847835536},"timestamp":1787926566975,"hypothesisId":"B","runId":"ipad-fix2"}
{"sessionId":"6c5c15","location":"pageInkDom.ts:resolvePageDomHit","message":"dom hit resolved","data":{"clientX":303,"clientY":315,"method":"rect","hitKind":"page","pageId":"7f5bf69a-2d2c-446d-9fdf-f9c07729cb09","localX":1004.4413380924439,"localY":280.3432662146386},"timestamp":1787926566984,"hypothesisId":"B","runId":"ipad-fix2"}
{"sessionId":"6c5c15","location":"pageInkDom.ts:resolvePageDomHit","message":"dom hit resolved","data":{"clientX":299,"clientY":319,"method":"rect","hitKind":"page","pageId":"7f5bf69a-2d2c-446d-9fdf-f9c07729cb09","localX":993.6541672804844,"localY":291.1304365043748},"timestamp":1787926567000,"hypothesisId":"B","runId":"ipad-fix2"}
{"sessionId":"6c5c15","location":"pageInkDom.ts:resolvePageDomHit","message":"dom hit resolved","data":{"clientX":301.5,"clientY":317,"method":"rect","hitKind":"page","pageId":"7f5bf69a-2d2c-446d-9fdf-f9c07729cb09","localX":1000.396149037959,"localY":285.7368513595067},"timestamp":1787926566992,"hypothesisId":"B","runId":"ipad-fix2"}
{"sessionId":"6c5c15","location":"pageInkDom.ts:resolvePageDomHit","message":"dom hit resolved","data":{"clientX":297,"clientY":321.5,"method":"rect","hitKind":"page","pageId":"7f5bf69a-2d2c-446d-9fdf-f9c07729cb09","localX":988.2605818745047,"localY":297.8724179354599},"timestamp":1787926567008,"hypothesisId":"B","runId":"ipad-fix2"}
{"sessionId":"6c5c15","location":"pageInkDom.ts:resolvePageDomHit","message":"dom hit resolved","data":{"clientX":295,"clientY":324,"method":"rect","hitKind":"page","pageId":"7f5bf69a-2d2c-446d-9fdf-f9c07729cb09","localX":982.866996468525,"localY":304.614399366545},"timestamp":1787926567017,"hypothesisId":"B","runId":"ipad-fix2"}
{"sessionId":"6c5c15","location":"pageInkDom.ts:resolvePageDomHit","message":"dom hit resolved","data":{"clientX":292.5,"clientY":326,"method":"rect","hitKind":"pageText","pageId":"7f5bf69a-2d2c-446d-9fdf-f9c07729cb09","localX":976.1250147110503,"localY":310.00798451141304},"timestamp":1787926567025,"hypothesisId":"B","runId":"ipad-fix2"}
{"sessionId":"6c5c15","location":"pageInkDom.ts:resolvePageDomHit","message":"dom hit resolved","data":{"clientX":290.5,"clientY":328.5,"method":"rect","hitKind":"pageText","pageId":"7f5bf69a-2d2c-446d-9fdf-f9c07729cb09","localX":970.7314293050706,"localY":316.74996594249814},"timestamp":1787926567034,"hypothesisId":"B","runId":"ipad-fix2"}
{"sessionId":"6c5c15","location":"pageInkDom.ts:resolvePageDomHit","message":"dom hit resolved","data":{"clientX":287.5,"clientY":330.5,"method":"rect","hitKind":"pageText","pageId":"7f5bf69a-2d2c-446d-9fdf-f9c07729cb09","localX":962.641051196101,"localY":322.14355108736623},"timestamp":1787926567042,"hypothesisId":"B","runId":"ipad-fix2"}
{"sessionId":"6c5c15","location":"pageInkDom.ts:resolvePageDomHit","message":"dom hit resolved","data":{"clientX":284.5,"clientY":333.5,"method":"rect","hitKind":"pageText","pageId":"7f5bf69a-2d2c-446d-9fdf-f9c07729cb09","localX":954.5506730871314,"localY":330.2339288046683},"timestamp":1787926567050,"hypothesisId":"B","runId":"ipad-fix2"}
{"sessionId":"6c5c15","location":"pageInkDom.ts:resolvePageDomHit","message":"dom hit resolved","data":{"clientX":281,"clientY":336,"method":"rect","hitKind":"page","pageId":"7f5bf69a-2d2c-446d-9fdf-f9c07729cb09","localX":945.1118986266669,"localY":336.9759102357534},"timestamp":1787926567058,"hypothesisId":"B","runId":"ipad-fix2"}
{"sessionId":"6c5c15","location":"pageInkDom.ts:resolvePageDomHit","message":"dom hit resolved","data":{"clientX":277.5,"clientY":339,"method":"rect","hitKind":"page","pageId":"7f5bf69a-2d2c-446d-9fdf-f9c07729cb09","localX":935.6731241662025,"localY":345.0662879530555},"timestamp":1787926567067,"hypothesisId":"B","runId":"ipad-fix2"}
{"sessionId":"6c5c15","location":"pageInkDom.ts:resolvePageDomHit","message":"dom hit resolved","data":{"clientX":273.5,"clientY":342.5,"method":"rect","hitKind":"page","pageId":"7f5bf69a-2d2c-446d-9fdf-f9c07729cb09","localX":924.8859533542429,"localY":354.5050619565747},"timestamp":1787926567075,"hypothesisId":"B","runId":"ipad-fix2"}
{"sessionId":"6c5c15","location":"pageInkDom.ts:resolvePageDomHit","message":"dom hit resolved","data":{"clientX":269.5,"clientY":345.5,"method":"rect","hitKind":"page","pageId":"7f5bf69a-2d2c-446d-9fdf-f9c07729cb09","localX":914.0987825422834,"localY":362.5954396738768},"timestamp":1787926567084,"hypothesisId":"B","runId":"ipad-fix2"}
{"sessionId":"6c5c15","location":"pageInkDom.ts:resolvePageDomHit","message":"dom hit resolved","data":{"clientX":265,"clientY":349.5,"method":"rect","hitKind":"page","pageId":"7f5bf69a-2d2c-446d-9fdf-f9c07729cb09","localX":901.9632153788291,"localY":373.38260996361294},"timestamp":1787926567092,"hypothesisId":"B","runId":"ipad-fix2"}
{"sessionId":"6c5c15","location":"pageInkDom.ts:resolvePageDomHit","message":"dom hit resolved","data":{"clientX":260.5,"clientY":353,"method":"rect","hitKind":"page","pageId":"7f5bf69a-2d2c-446d-9fdf-f9c07729cb09","localX":889.8276482153747,"localY":382.8213839671321},"timestamp":1787926567100,"hypothesisId":"B","runId":"ipad-fix2"}
{"sessionId":"6c5c15","location":"pageInkDom.ts:resolvePageDomHit","message":"dom hit resolved","data":{"clientX":256,"clientY":358,"method":"rect","hitKind":"page","pageId":"7f5bf69a-2d2c-446d-9fdf-f9c07729cb09","localX":877.6920810519204,"localY":396.30534682930227},"timestamp":1787926567109,"hypothesisId":"B","runId":"ipad-fix2"}
{"sessionId":"6c5c15","location":"pageInkDom.ts:resolvePageDomHit","message":"dom hit resolved","data":{"clientX":252,"clientY":361.5,"method":"rect","hitKind":"page","pageId":"7f5bf69a-2d2c-446d-9fdf-f9c07729cb09","localX":866.9049102399609,"localY":405.74412083282135},"timestamp":1787926567117,"hypothesisId":"B","runId":"ipad-fix2"}
{"sessionId":"6c5c15","location":"pageInkDom.ts:resolvePageDomHit","message":"dom hit resolved","data":{"clientX":247,"clientY":366,"method":"rect","hitKind":"page","pageId":"7f5bf69a-2d2c-446d-9fdf-f9c07729cb09","localX":853.4209467250115,"localY":417.87968740877454},"timestamp":1787926567125,"hypothesisId":"B","runId":"ipad-fix2"}
{"sessionId":"6c5c15","location":"pageInkDom.ts:resolvePageDomHit","message":"dom hit resolved","data":{"clientX":242.5,"clientY":371,"method":"rect","hitKind":"page","pageId":"7f5bf69a-2d2c-446d-9fdf-f9c07729cb09","localX":841.2853795615572,"localY":431.3636502709448},"timestamp":1787926567134,"hypothesisId":"B","runId":"ipad-fix2"}
{"sessionId":"6c5c15","location":"pageInkDom.ts:resolvePageDomHit","message":"dom hit resolved","data":{"clientX":238.5,"clientY":375,"method":"rect","hitKind":"page","pageId":"7f5bf69a-2d2c-446d-9fdf-f9c07729cb09","localX":830.4982087495978,"localY":442.15082056068087},"timestamp":1787926567142,"hypothesisId":"B","runId":"ipad-fix2"}
{"sessionId":"6c5c15","location":"pageInkDom.ts:resolvePageDomHit","message":"dom hit resolved","data":{"clientX":233.5,"clientY":379.5,"method":"rect","hitKind":"page","pageId":"7f5bf69a-2d2c-446d-9fdf-f9c07729cb09","localX":817.0142452346485,"localY":454.28638713663406},"timestamp":1787926567150,"hypothesisId":"B","runId":"ipad-fix2"}
{"sessionId":"6c5c15","location":"pageInkDom.ts:resolvePageDomHit","message":"dom hit resolved","data":{"clientX":229,"clientY":384.5,"method":"rect","hitKind":"pageText","pageId":"7f5bf69a-2d2c-446d-9fdf-f9c07729cb09","localX":804.878678071194,"localY":467.7703499988042},"timestamp":1787926567159,"hypothesisId":"B","runId":"ipad-fix2"}
{"sessionId":"6c5c15","location":"pageInkDom.ts:resolvePageDomHit","message":"dom hit resolved","data":{"clientX":225,"clientY":389,"method":"rect","hitKind":"pageText","pageId":"7f5bf69a-2d2c-446d-9fdf-f9c07729cb09","localX":794.0915072592346,"localY":479.9059165747574},"timestamp":1787926567167,"hypothesisId":"B","runId":"ipad-fix2"}
{"sessionId":"6c5c15","location":"pageInkDom.ts:resolvePageDomHit","message":"dom hit resolved","data":{"clientX":219.5,"clientY":394,"method":"rect","hitKind":"pageText","pageId":"7f5bf69a-2d2c-446d-9fdf-f9c07729cb09","localX":779.2591473927904,"localY":493.38987943692763},"timestamp":1787926567175,"hypothesisId":"B","runId":"ipad-fix2"}
{"sessionId":"6c5c15","location":"pageInkDom.ts:resolvePageDomHit","message":"dom hit resolved","data":{"clientX":215.5,"clientY":399,"method":"rect","hitKind":"pageText","pageId":"7f5bf69a-2d2c-446d-9fdf-f9c07729cb09","localX":768.4719765808309,"localY":506.8738422990978},"timestamp":1787926567184,"hypothesisId":"B","runId":"ipad-fix2"}
{"sessionId":"6c5c15","location":"pageInkDom.ts:resolvePageDomHit","message":"dom hit resolved","data":{"clientX":211.5,"clientY":403,"method":"rect","hitKind":"pageText","pageId":"7f5bf69a-2d2c-446d-9fdf-f9c07729cb09","localX":757.6848057688715,"localY":517.661012588834},"timestamp":1787926567192,"hypothesisId":"B","runId":"ipad-fix2"}
{"sessionId":"6c5c15","location":"pageInkDom.ts:resolvePageDomHit","message":"dom hit resolved","data":{"clientX":206.5,"clientY":408.5,"method":"rect","hitKind":"pageText","pageId":"7f5bf69a-2d2c-446d-9fdf-f9c07729cb09","localX":744.2008422539221,"localY":532.4933717372211},"timestamp":1787926567200,"hypothesisId":"B","runId":"ipad-fix2"}
{"sessionId":"6c5c15","location":"pageInkDom.ts:resolvePageDomHit","message":"dom hit resolved","data":{"clientX":202.5,"clientY":412.5,"method":"rect","hitKind":"pageText","pageId":"7f5bf69a-2d2c-446d-9fdf-f9c07729cb09","localX":733.4136714419627,"localY":543.2805420269573},"timestamp":1787926567209,"hypothesisId":"B","runId":"ipad-fix2"}
{"sessionId":"6c5c15","location":"pageInkDom.ts:resolvePageDomHit","message":"dom hit resolved","data":{"clientX":198.5,"clientY":417,"method":"rect","hitKind":"pageText","pageId":"7f5bf69a-2d2c-446d-9fdf-f9c07729cb09","localX":722.6265006300033,"localY":555.4161086029104},"timestamp":1787926567217,"hypothesisId":"B","runId":"ipad-fix2"}
{"sessionId":"6c5c15","location":"pageInkDom.ts:resolvePageDomHit","message":"dom hit resolved","data":{"clientX":194.5,"clientY":422,"method":"rect","hitKind":"pageText","pageId":"7f5bf69a-2d2c-446d-9fdf-f9c07729cb09","localX":711.8393298180439,"localY":568.9000714650807},"timestamp":1787926567225,"hypothesisId":"B","runId":"ipad-fix2"}
{"sessionId":"6c5c15","location":"pageInkDom.ts:resolvePageDomHit","message":"dom hit resolved","data":{"clientX":190.5,"clientY":427,"method":"rect","hitKind":"pageText","pageId":"7f5bf69a-2d2c-446d-9fdf-f9c07729cb09","localX":701.0521590060845,"localY":582.3840343272508},"timestamp":1787926567234,"hypothesisId":"B","runId":"ipad-fix2"}
{"sessionId":"6c5c15","location":"pageInkDom.ts:resolvePageDomHit","message":"dom hit resolved","data":{"clientX":186.5,"clientY":431,"method":"rect","hitKind":"pageText","pageId":"7f5bf69a-2d2c-446d-9fdf-f9c07729cb09","localX":690.264988194125,"localY":593.171204616987},"timestamp":1787926567242,"hypothesisId":"B","runId":"ipad-fix2"}
{"sessionId":"6c5c15","location":"pageInkDom.ts:resolvePageDomHit","message":"dom hit resolved","data":{"clientX":182.5,"clientY":436.5,"method":"rect","hitKind":"pageText","pageId":"7f5bf69a-2d2c-446d-9fdf-f9c07729cb09","localX":679.4778173821655,"localY":608.0035637653742},"timestamp":1787926567250,"hypothesisId":"B","runId":"ipad-fix2"}
{"sessionId":"6c5c15","location":"pageInkDom.ts:resolvePageDomHit","message":"dom hit resolved","data":{"clientX":178.5,"clientY":442,"method":"rect","hitKind":"pageText","pageId":"7f5bf69a-2d2c-446d-9fdf-f9c07729cb09","localX":668.690646570206,"localY":622.8359229137614},"timestamp":1787926567259,"hypothesisId":"B","runId":"ipad-fix2"}
{"sessionId":"6c5c15","location":"pageInkDom.ts:resolvePageDomHit","message":"dom hit resolved","data":{"clientX":174,"clientY":447.5,"method":"rect","hitKind":"pageText","pageId":"7f5bf69a-2d2c-446d-9fdf-f9c07729cb09","localX":656.5550794067517,"localY":637.6682820621486},"timestamp":1787926567267,"hypothesisId":"B","runId":"ipad-fix2"}
{"sessionId":"6c5c15","location":"pageInkDom.ts:resolvePageDomHit","message":"dom hit resolved","data":{"clientX":169.5,"clientY":453,"method":"rect","hitKind":"page","pageId":"7f5bf69a-2d2c-446d-9fdf-f9c07729cb09","localX":644.4195122432973,"localY":652.5006412105358},"timestamp":1787926567275,"hypothesisId":"B","runId":"ipad-fix2"}
{"sessionId":"6c5c15","location":"pageInkDom.ts:resolvePageDomHit","message":"dom hit resolved","data":{"clientX":165,"clientY":459,"method":"rect","hitKind":"page","pageId":"7f5bf69a-2d2c-446d-9fdf-f9c07729cb09","localX":632.283945079843,"localY":668.68139664514},"timestamp":1787926567284,"hypothesisId":"B","runId":"ipad-fix2"}
{"sessionId":"6c5c15","location":"pageInkDom.ts:resolvePageDomHit","message":"dom hit resolved","data":{"clientX":161,"clientY":465,"method":"rect","hitKind":"page","pageId":"7f5bf69a-2d2c-446d-9fdf-f9c07729cb09","localX":621.4967742678836,"localY":684.8621520797442},"timestamp":1787926567292,"hypothesisId":"B","runId":"ipad-fix2"}
{"sessionId":"6c5c15","location":"pageInkDom.ts:resolvePageDomHit","message":"dom hit resolved","data":{"clientX":157,"clientY":470.5,"method":"rect","hitKind":"page","pageId":"7f5bf69a-2d2c-446d-9fdf-f9c07729cb09","localX":610.7096034559241,"localY":699.6945112281314},"timestamp":1787926567300,"hypothesisId":"B","runId":"ipad-fix2"}
{"sessionId":"6c5c15","location":"pageInkDom.ts:resolvePageDomHit","message":"dom hit resolved","data":{"clientX":153,"clientY":476,"method":"rect","hitKind":"page","pageId":"7f5bf69a-2d2c-446d-9fdf-f9c07729cb09","localX":599.9224326439646,"localY":714.5268703765187},"timestamp":1787926567309,"hypothesisId":"B","runId":"ipad-fix2"}
{"sessionId":"6c5c15","location":"pageInkDom.ts:resolvePageDomHit","message":"dom hit resolved","data":{"clientX":150,"clientY":481,"method":"rect","hitKind":"page","pageId":"7f5bf69a-2d2c-446d-9fdf-f9c07729cb09","localX":591.832054534995,"localY":728.0108332386889},"timestamp":1787926567317,"hypothesisId":"B","runId":"ipad-fix2"}
{"sessionId":"6c5c15","location":"pageInkDom.ts:resolvePageDomHit","message":"dom hit resolved","data":{"clientX":146.5,"clientY":486,"method":"rect","hitKind":"page","pageId":"7f5bf69a-2d2c-446d-9fdf-f9c07729cb09","localX":582.3932800745305,"localY":741.4947961008589},"timestamp":1787926567325,"hypothesisId":"B","runId":"ipad-fix2"}
{"sessionId":"6c5c15","location":"pageInkDom.ts:resolvePageDomHit","message":"dom hit resolved","data":{"clientX":143,"clientY":490.5,"method":"rect","hitKind":"page","pageId":"7f5bf69a-2d2c-446d-9fdf-f9c07729cb09","localX":572.954505614066,"localY":753.6303626768122},"timestamp":1787926567334,"hypothesisId":"B","runId":"ipad-fix2"}
{"sessionId":"6c5c15","location":"pageInkDom.ts:resolvePageDomHit","message":"dom hit resolved","data":{"clientX":140.5,"clientY":494.5,"method":"rect","hitKind":"page","pageId":"7f5bf69a-2d2c-446d-9fdf-f9c07729cb09","localX":566.2125238565914,"localY":764.4175329665483},"timestamp":1787926567342,"hypothesisId":"B","runId":"ipad-fix2"}
{"sessionId":"6c5c15","location":"pageInkDom.ts:resolvePageDomHit","message":"dom hit resolved","data":{"clientX":137.5,"clientY":499,"method":"rect","hitKind":"page","pageId":"7f5bf69a-2d2c-446d-9fdf-f9c07729cb09","localX":558.1221457476217,"localY":776.5530995425015},"timestamp":1787926567350,"hypothesisId":"B","runId":"ipad-fix2"}
{"sessionId":"6c5c15","location":"pageInkDom.ts:resolvePageDomHit","message":"dom hit resolved","data":{"clientX":135,"clientY":502.5,"method":"rect","hitKind":"page","pageId":"7f5bf69a-2d2c-446d-9fdf-f9c07729cb09","localX":551.3801639901471,"localY":785.9918735460205},"timestamp":1787926567359,"hypothesisId":"B","runId":"ipad-fix2"}
{"sessionId":"6c5c15","location":"pageInkDom.ts:resolvePageDomHit","message":"dom hit resolved","data":{"clientX":133,"clientY":506,"method":"rect","hitKind":"page","pageId":"7f5bf69a-2d2c-446d-9fdf-f9c07729cb09","localX":545.9865785841673,"localY":795.4306475495398},"timestamp":1787926567367,"hypothesisId":"B","runId":"ipad-fix2"}
{"sessionId":"6c5c15","location":"pageInkDom.ts:resolvePageDomHit","message":"dom hit resolved","data":{"clientX":131,"clientY":509,"method":"rect","hitKind":"page","pageId":"7f5bf69a-2d2c-446d-9fdf-f9c07729cb09","localX":540.5929931781876,"localY":803.5210252668419},"timestamp":1787926567375,"hypothesisId":"B","runId":"ipad-fix2"}
{"sessionId":"6c5c15","location":"pageInkDom.ts:resolvePageDomHit","message":"dom hit resolved","data":{"clientX":128.5,"clientY":512,"method":"rect","hitKind":"page","pageId":"7f5bf69a-2d2c-446d-9fdf-f9c07729cb09","localX":533.851011420713,"localY":811.611402984144},"timestamp":1787926567384,"hypothesisId":"B","runId":"ipad-fix2"}
{"sessionId":"6c5c15","location":"pageInkDom.ts:resolvePageDomHit","message":"dom hit resolved","data":{"clientX":127,"clientY":515,"method":"rect","hitKind":"page","pageId":"7f5bf69a-2d2c-446d-9fdf-f9c07729cb09","localX":529.8058223662282,"localY":819.7017807014461},"timestamp":1787926567392,"hypothesisId":"B","runId":"ipad-fix2"}
{"sessionId":"6c5c15","location":"pageInkDom.ts:resolvePageDomHit","message":"dom hit resolved","data":{"clientX":125.5,"clientY":517,"method":"rect","hitKind":"page","pageId":"7f5bf69a-2d2c-446d-9fdf-f9c07729cb09","localX":525.7606333117434,"localY":825.0953658463142},"timestamp":1787926567400,"hypothesisId":"B","runId":"ipad-fix2"}
{"sessionId":"6c5c15","location":"pageInkDom.ts:resolvePageDomHit","message":"dom hit resolved","data":{"clientX":124.5,"clientY":519,"method":"rect","hitKind":"page","pageId":"7f5bf69a-2d2c-446d-9fdf-f9c07729cb09","localX":523.0638406087536,"localY":830.4889509911823},"timestamp":1787926567409,"hypothesisId":"B","runId":"ipad-fix2"}
{"sessionId":"6c5c15","location":"pageInkDom.ts:resolvePageDomHit","message":"dom hit resolved","data":{"clientX":124,"clientY":520.5,"method":"rect","hitKind":"page","pageId":"7f5bf69a-2d2c-446d-9fdf-f9c07729cb09","localX":521.7154442572587,"localY":834.5341398498333},"timestamp":1787926567417,"hypothesisId":"B","runId":"ipad-fix2"}
{"sessionId":"6c5c15","location":"pageInkDom.ts:resolvePageDomHit","message":"dom hit resolved","data":{"clientX":124,"clientY":523,"method":"rect","hitKind":"page","pageId":"7f5bf69a-2d2c-446d-9fdf-f9c07729cb09","localX":521.7154442572587,"localY":841.2761212809185},"timestamp":1787926567425,"hypothesisId":"B","runId":"ipad-fix2"}
{"sessionId":"6c5c15","location":"useEditorController.tsx:textTapUp","message":"text tap up","data":{"pointerType":"touch","hasPending":false,"dist":385.466276086508},"timestamp":1787926567434,"hypothesisId":"A,E","runId":"post-fix2"}
{"sessionId":"6c5c15","location":"pageInkDom.ts:resolvePageDomHit","message":"dom hit resolved","data":{"clientX":123.5,"clientY":525.5,"method":"rect","hitKind":"page","pageId":"7f5bf69a-2d2c-446d-9fdf-f9c07729cb09","localX":520.3670479057637,"localY":848.0181027120034},"timestamp":1787926567434,"hypothesisId":"B","runId":"ipad-fix2"}
{"sessionId":"6c5c15","location":"useEditorController.tsx:textTapDown","message":"global pointerdown","data":{"pointerType":"touch","tracked":true},"timestamp":1787926568010,"hypothesisId":"A","runId":"post-fix"}
{"sessionId":"6c5c15","location":"pageInkDom.ts:resolvePageDomHit","message":"dom hit resolved","data":{"clientX":326.5,"clientY":476.5,"method":"rect","hitKind":"page","pageId":"7f5bf69a-2d2c-446d-9fdf-f9c07729cb09","localX":1067.8159666127056,"localY":715.8752666627356},"timestamp":1787926568010,"hypothesisId":"B","runId":"ipad-fix2"}
{"sessionId":"6c5c15","location":"pageInkDom.ts:resolvePageDomHit","message":"dom hit resolved","data":{"clientX":334,"clientY":465.5,"method":"rect","hitKind":"page","pageId":"7f5bf69a-2d2c-446d-9fdf-f9c07729cb09","localX":1088.0419118851296,"localY":686.2105483659612},"timestamp":1787926568018,"hypothesisId":"B","runId":"ipad-fix2"}
{"sessionId":"6c5c15","location":"pageInkDom.ts:resolvePageDomHit","message":"dom hit resolved","data":{"clientX":334,"clientY":465.5,"method":"rect","hitKind":"page","pageId":"7f5bf69a-2d2c-446d-9fdf-f9c07729cb09","localX":1088.0419118851296,"localY":686.2105483659612},"timestamp":1787926568019,"hypothesisId":"B","runId":"ipad-fix2"}
{"sessionId":"6c5c15","location":"pageInkDom.ts:resolvePageDomHit","message":"dom hit resolved","data":{"clientX":340.5,"clientY":458.5,"method":"rect","hitKind":"page","pageId":"7f5bf69a-2d2c-446d-9fdf-f9c07729cb09","localX":1085.3451294695874,"localY":696.9977186556974},"timestamp":1787926568026,"hypothesisId":"B","runId":"ipad-fix2"}
{"sessionId":"6c5c15","location":"pageInkDom.ts:resolvePageDomHit","message":"dom hit resolved","data":{"clientX":348,"clientY":452,"method":"rect","hitKind":"page","pageId":"7f5bf69a-2d2c-446d-9fdf-f9c07729cb09","localX":1088.0419221725774,"localY":698.3461149419145},"timestamp":1787926568034,"hypothesisId":"B","runId":"ipad-fix2"}
{"sessionId":"6c5c15","location":"pageInkDom.ts:resolvePageDomHit","message":"dom hit resolved","data":{"clientX":355.5,"clientY":445,"method":"rect","hitKind":"page","pageId":"7f5bf69a-2d2c-446d-9fdf-f9c07729cb09","localX":1088.0419221725774,"localY":696.997744991344},"timestamp":1787926568042,"hypothesisId":"B","runId":"ipad-fix2"}
{"sessionId":"6c5c15","location":"pageInkDom.ts:resolvePageDomHit","message":"dom hit resolved","data":{"clientX":364,"clientY":438,"method":"rect","hitKind":"page","pageId":"7f5bf69a-2d2c-446d-9fdf-f9c07729cb09","localX":1090.7387148755672,"localY":696.997744991344},"timestamp":1787926568051,"hypothesisId":"B","runId":"ipad-fix2"}
{"sessionId":"6c5c15","location":"pageInkDom.ts:resolvePageDomHit","message":"dom hit resolved","data":{"clientX":374,"clientY":429.5,"method":"rect","hitKind":"page","pageId":"7f5bf69a-2d2c-446d-9fdf-f9c07729cb09","localX":1094.783898786328,"localY":692.9525557410255},"timestamp":1787926568059,"hypothesisId":"B","runId":"ipad-fix2"}
{"sessionId":"6c5c15","location":"pageInkDom.ts:resolvePageDomHit","message":"dom hit resolved","data":{"clientX":384.5,"clientY":421,"method":"rect","hitKind":"page","pageId":"7f5bf69a-2d2c-446d-9fdf-f9c07729cb09","localX":1096.1322951378231,"localY":692.9525557410255},"timestamp":1787926568067,"hypothesisId":"B","runId":"ipad-fix2"}
{"sessionId":"6c5c15","location":"pageInkDom.ts:resolvePageDomHit","message":"dom hit resolved","data":{"clientX":418.5,"clientY":394.5,"method":"rect","hitKind":"page","pageId":"7f5bf69a-2d2c-446d-9fdf-f9c07729cb09","localX":1098.829087840813,"localY":691.6041593242527},"timestamp":1787926568093,"hypothesisId":"B","runId":"ipad-fix2"}
{"sessionId":"6c5c15","location":"pageInkDom.ts:resolvePageDomHit","message":"dom hit resolved","data":{"clientX":396,"clientY":412,"method":"rect","hitKind":"page","pageId":"7f5bf69a-2d2c-446d-9fdf-f9c07729cb09","localX":1098.829087840813,"localY":691.6041593242527},"timestamp":1787926568076,"hypothesisId":"B","runId":"ipad-fix2"}
{"sessionId":"6c5c15","location":"pageInkDom.ts:resolvePageDomHit","message":"dom hit resolved","data":{"clientX":407,"clientY":403.5,"method":"rect","hitKind":"page","pageId":"7f5bf69a-2d2c-446d-9fdf-f9c07729cb09","localX":1097.4806920217736,"localY":692.9525557410255},"timestamp":1787926568084,"hypothesisId":"B","runId":"ipad-fix2"}
{"sessionId":"6c5c15","location":"pageInkDom.ts:resolvePageDomHit","message":"dom hit resolved","data":{"clientX":428.5,"clientY":387.5,"method":"rect","hitKind":"page","pageId":"7f5bf69a-2d2c-446d-9fdf-f9c07729cb09","localX":1094.783898786328,"localY":696.997744991344},"timestamp":1787926568101,"hypothesisId":"B","runId":"ipad-fix2"}
{"sessionId":"6c5c15","location":"pageInkDom.ts:resolvePageDomHit","message":"dom hit resolved","data":{"clientX":439.5,"clientY":379.5,"method":"rect","hitKind":"page","pageId":"7f5bf69a-2d2c-446d-9fdf-f9c07729cb09","localX":1097.4806966330418,"localY":694.3009055083689},"timestamp":1787926568109,"hypothesisId":"B","runId":"ipad-fix2"}
{"sessionId":"6c5c15","location":"pageInkDom.ts:resolvePageDomHit","message":"dom hit resolved","data":{"clientX":448,"clientY":373.5,"method":"rect","hitKind":"page","pageId":"7f5bf69a-2d2c-446d-9fdf-f9c07729cb09","localX":1090.7387148755672,"localY":699.6944906532369},"timestamp":1787926568118,"hypothesisId":"B","runId":"ipad-fix2"}
{"sessionId":"6c5c15","location":"pageInkDom.ts:resolvePageDomHit","message":"dom hit resolved","data":{"clientX":456,"clientY":367.5,"method":"rect","hitKind":"page","pageId":"7f5bf69a-2d2c-446d-9fdf-f9c07729cb09","localX":1089.3903185240722,"localY":699.6944906532369},"timestamp":1787926568126,"hypothesisId":"B","runId":"ipad-fix2"}
{"sessionId":"6c5c15","location":"pageInkDom.ts:resolvePageDomHit","message":"dom hit resolved","data":{"clientX":462,"clientY":363.5,"method":"rect","hitKind":"page","pageId":"7f5bf69a-2d2c-446d-9fdf-f9c07729cb09","localX":1083.9967331180924,"localY":705.088075798105},"timestamp":1787926568134,"hypothesisId":"B","runId":"ipad-fix2"}
{"sessionId":"6c5c15","location":"pageInkDom.ts:resolvePageDomHit","message":"dom hit resolved","data":{"clientX":467.5,"clientY":359.5,"method":"rect","hitKind":"page","pageId":"7f5bf69a-2d2c-446d-9fdf-f9c07729cb09","localX":1082.6483264791498,"localY":705.088075798105},"timestamp":1787926568143,"hypothesisId":"B","runId":"ipad-fix2"}
{"sessionId":"6c5c15","location":"pageInkDom.ts:resolvePageDomHit","message":"dom hit resolved","data":{"clientX":471.5,"clientY":356.5,"method":"rect","hitKind":"page","pageId":"7f5bf69a-2d2c-446d-9fdf-f9c07729cb09","localX":1078.603137424665,"localY":707.784868370539},"timestamp":1787926568151,"hypothesisId":"B","runId":"ipad-fix2"}
{"sessionId":"6c5c15","location":"pageInkDom.ts:resolvePageDomHit","message":"dom hit resolved","data":{"clientX":474.5,"clientY":353.5,"method":"rect","hitKind":"page","pageId":"7f5bf69a-2d2c-446d-9fdf-f9c07729cb09","localX":1075.9063447216752,"localY":707.784868370539},"timestamp":1787926568159,"hypothesisId":"B","runId":"ipad-fix2"}
{"sessionId":"6c5c15","location":"pageInkDom.ts:resolvePageDomHit","message":"dom hit resolved","data":{"clientX":476,"clientY":352,"method":"rect","hitKind":"page","pageId":"7f5bf69a-2d2c-446d-9fdf-f9c07729cb09","localX":1071.8611556671904,"localY":711.8300572291901},"timestamp":1787926568168,"hypothesisId":"B","runId":"ipad-fix2"}
{"sessionId":"6c5c15","location":"pageInkDom.ts:resolvePageDomHit","message":"dom hit resolved","data":{"clientX":476.5,"clientY":350.5,"method":"rect","hitKind":"page","pageId":"7f5bf69a-2d2c-446d-9fdf-f9c07729cb09","localX":1069.1643629642006,"localY":711.8300572291901},"timestamp":1787926568176,"hypothesisId":"B","runId":"ipad-fix2"}
{"sessionId":"6c5c15","location":"pageInkDom.ts:resolvePageDomHit","message":"dom hit resolved","data":{"clientX":477,"clientY":349.5,"method":"rect","hitKind":"page","pageId":"7f5bf69a-2d2c-446d-9fdf-f9c07729cb09","localX":1069.1643629642006,"localY":713.1784535154071},"timestamp":1787926568184,"hypothesisId":"B","runId":"ipad-fix2"}
{"sessionId":"6c5c15","location":"pageInkDom.ts:resolvePageDomHit","message":"dom hit resolved","data":{"clientX":477.5,"clientY":348.5,"method":"rect","hitKind":"page","pageId":"7f5bf69a-2d2c-446d-9fdf-f9c07729cb09","localX":1069.1643629642006,"localY":713.1784535154071},"timestamp":1787926568193,"hypothesisId":"B","runId":"ipad-fix2"}
{"sessionId":"6c5c15","location":"pageInkDom.ts:resolvePageDomHit","message":"dom hit resolved","data":{"clientX":477.5,"clientY":348,"method":"rect","hitKind":"page","pageId":"7f5bf69a-2d2c-446d-9fdf-f9c07729cb09","localX":1067.8159666127056,"localY":714.526849801624},"timestamp":1787926568201,"hypothesisId":"B","runId":"ipad-fix2"}
{"sessionId":"6c5c15","location":"pageInkDom.ts:resolvePageDomHit","message":"dom hit resolved","data":{"clientX":477.5,"clientY":347.5,"method":"rect","hitKind":"page","pageId":"7f5bf69a-2d2c-446d-9fdf-f9c07729cb09","localX":1067.8159666127056,"localY":714.526849801624},"timestamp":1787926568218,"hypothesisId":"B","runId":"ipad-fix2"}
{"sessionId":"6c5c15","location":"pageInkDom.ts:resolvePageDomHit","message":"dom hit resolved","data":{"clientX":477.5,"clientY":347,"method":"rect","hitKind":"page","pageId":"7f5bf69a-2d2c-446d-9fdf-f9c07729cb09","localX":1067.8159666127056,"localY":714.526849801624},"timestamp":1787926568318,"hypothesisId":"B","runId":"ipad-fix2"}
{"sessionId":"6c5c15","location":"pageInkDom.ts:resolvePageDomHit","message":"dom hit resolved","data":{"clientX":476.5,"clientY":347,"method":"rect","hitKind":"page","pageId":"7f5bf69a-2d2c-446d-9fdf-f9c07729cb09","localX":1065.1191739097158,"localY":715.8752460878411},"timestamp":1787926568326,"hypothesisId":"B","runId":"ipad-fix2"}
{"sessionId":"6c5c15","location":"pageInkDom.ts:resolvePageDomHit","message":"dom hit resolved","data":{"clientX":476,"clientY":346.5,"method":"rect","hitKind":"page","pageId":"7f5bf69a-2d2c-446d-9fdf-f9c07729cb09","localX":1066.4675702612105,"localY":714.526849801624},"timestamp":1787926568334,"hypothesisId":"B","runId":"ipad-fix2"}
{"sessionId":"6c5c15","location":"useEditorController.tsx:textTapUp","message":"text tap up","data":{"pointerType":"touch","hasPending":false,"dist":196.45419313417568},"timestamp":1787926568343,"hypothesisId":"A,E","runId":"post-fix2"}
{"sessionId":"6c5c15","location":"pageInkDom.ts:resolvePageDomHit","message":"dom hit resolved","data":{"clientX":472,"clientY":344.5,"method":"rect","hitKind":"page","pageId":"7f5bf69a-2d2c-446d-9fdf-f9c07729cb09","localX":1057.0287958007461,"localY":710.4816609429731},"timestamp":1787926568343,"hypothesisId":"B","runId":"ipad-fix2"}
{"sessionId":"6c5c15","location":"useEditorController.tsx:textTapDown","message":"global pointerdown","data":{"pointerType":"touch","tracked":true},"timestamp":1787926570796,"hypothesisId":"A","runId":"post-fix"}
{"sessionId":"6c5c15","location":"useEditorController.tsx:textTapUp","message":"text tap up","data":{"pointerType":"touch","hasPending":false,"dist":8.94427190999916},"timestamp":1787926571196,"hypothesisId":"A,E","runId":"post-fix2"}
{"sessionId":"6c5c15","location":"useEditorController.tsx:textTapDown","message":"global pointerdown","data":{"pointerType":"pen","tracked":true},"timestamp":1787926571222,"hypothesisId":"A","runId":"post-fix"}
{"sessionId":"6c5c15","location":"pageInkDom.ts:resolvePageDomHit","message":"dom hit resolved","data":{"clientX":513,"clientY":100.5,"method":"rect","hitKind":"page","pageId":"7f5bf69a-2d2c-446d-9fdf-f9c07729cb09","localX":1167.5972966233305,"localY":52.464273269068016},"timestamp":1787926571222,"hypothesisId":"B","runId":"ipad-fix2"}
{"sessionId":"6c5c15","location":"useEditorController.tsx:createTextEffect","message":"createText effect","data":{"pageId":"7f5bf69a-2d2c-446d-9fdf-f9c07729cb09","x":1167.5972966233305,"y":52.464273269068016,"hasTrack":true,"tool":"text","pointerType":"touch"},"timestamp":1787926571223,"hypothesisId":"A,E","runId":"ipad-fix"}
{"sessionId":"6c5c15","location":"pageInkDom.ts:resolvePageDomHit","message":"dom hit resolved","data":{"clientX":513,"clientY":99.5,"method":"rect","hitKind":"pageText","pageId":"7f5bf69a-2d2c-446d-9fdf-f9c07729cb09","localX":1167.5972966233305,"localY":49.767480696633974},"timestamp":1787926571231,"hypothesisId":"B","runId":"ipad-fix2"}
{"sessionId":"6c5c15","location":"pageInkDom.ts:resolvePageDomHit","message":"dom hit resolved","data":{"clientX":513,"clientY":99,"method":"rect","hitKind":"pageText","pageId":"7f5bf69a-2d2c-446d-9fdf-f9c07729cb09","localX":1167.5972966233305,"localY":48.41908441041696},"timestamp":1787926571231,"hypothesisId":"B","runId":"ipad-fix2"}
{"sessionId":"6c5c15","location":"pageInkDom.ts:resolvePageDomHit","message":"dom hit resolved","data":{"clientX":513,"clientY":98,"method":"rect","hitKind":"pageText","pageId":"7f5bf69a-2d2c-446d-9fdf-f9c07729cb09","localX":1167.5972966233305,"localY":45.72229183798292},"timestamp":1787926571236,"hypothesisId":"B","runId":"ipad-fix2"}
{"sessionId":"6c5c15","location":"pageInkDom.ts:resolvePageDomHit","message":"dom hit resolved","data":{"clientX":513,"clientY":98,"method":"rect","hitKind":"pageText","pageId":"7f5bf69a-2d2c-446d-9fdf-f9c07729cb09","localX":1167.5972966233305,"localY":45.72229183798292},"timestamp":1787926571244,"hypothesisId":"B","runId":"ipad-fix2"}
{"sessionId":"6c5c15","location":"pageInkDom.ts:resolvePageDomHit","message":"dom hit resolved","data":{"clientX":513,"clientY":97.5,"method":"rect","hitKind":"pageText","pageId":"7f5bf69a-2d2c-446d-9fdf-f9c07729cb09","localX":1167.5972966233305,"localY":44.373895551765905},"timestamp":1787926571253,"hypothesisId":"B","runId":"ipad-fix2"}
{"sessionId":"6c5c15","location":"pageInkDom.ts:resolvePageDomHit","message":"dom hit resolved","data":{"clientX":513,"clientY":97.5,"method":"rect","hitKind":"pageText","pageId":"7f5bf69a-2d2c-446d-9fdf-f9c07729cb09","localX":1167.5972966233305,"localY":44.373895551765905},"timestamp":1787926571253,"hypothesisId":"B","runId":"ipad-fix2"}
{"sessionId":"6c5c15","location":"pageInkDom.ts:resolvePageDomHit","message":"dom hit resolved","data":{"clientX":513.5,"clientY":97,"method":"rect","hitKind":"pageText","pageId":"7f5bf69a-2d2c-446d-9fdf-f9c07729cb09","localX":1168.9456929748253,"localY":43.02549926554888},"timestamp":1787926571261,"hypothesisId":"B","runId":"ipad-fix2"}
{"sessionId":"6c5c15","location":"pageInkDom.ts:resolvePageDomHit","message":"dom hit resolved","data":{"clientX":513.5,"clientY":97,"method":"rect","hitKind":"pageText","pageId":"7f5bf69a-2d2c-446d-9fdf-f9c07729cb09","localX":1168.9456929748253,"localY":43.02549926554888},"timestamp":1787926571262,"hypothesisId":"B","runId":"ipad-fix2"}
{"sessionId":"6c5c15","location":"pageInkDom.ts:resolvePageDomHit","message":"dom hit resolved","data":{"clientX":513.5,"clientY":97,"method":"rect","hitKind":"pageText","pageId":"7f5bf69a-2d2c-446d-9fdf-f9c07729cb09","localX":1168.9456929748253,"localY":43.02549926554888},"timestamp":1787926571269,"hypothesisId":"B","runId":"ipad-fix2"}
{"sessionId":"6c5c15","location":"pageInkDom.ts:resolvePageDomHit","message":"dom hit resolved","data":{"clientX":513.5,"clientY":96.5,"method":"rect","hitKind":"pageText","pageId":"7f5bf69a-2d2c-446d-9fdf-f9c07729cb09","localX":1168.9456929748253,"localY":41.67710297933186},"timestamp":1787926571278,"hypothesisId":"B","runId":"ipad-fix2"}
{"sessionId":"6c5c15","location":"pageInkDom.ts:resolvePageDomHit","message":"dom hit resolved","data":{"clientX":513.5,"clientY":96.5,"method":"rect","hitKind":"pageText","pageId":"7f5bf69a-2d2c-446d-9fdf-f9c07729cb09","localX":1168.9456929748253,"localY":41.67710297933186},"timestamp":1787926571278,"hypothesisId":"B","runId":"ipad-fix2"}
{"sessionId":"6c5c15","location":"pageInkDom.ts:resolvePageDomHit","message":"dom hit resolved","data":{"clientX":513.5,"clientY":96.5,"method":"rect","hitKind":"pageText","pageId":"7f5bf69a-2d2c-446d-9fdf-f9c07729cb09","localX":1168.9456929748253,"localY":41.67710297933186},"timestamp":1787926571286,"hypothesisId":"B","runId":"ipad-fix2"}
{"sessionId":"6c5c15","location":"useEditorController.tsx:textTapUp","message":"text tap up","data":{"pointerType":"pen","hasPending":false,"dist":4},"timestamp":1787926571286,"hypothesisId":"A,E","runId":"post-fix2"}
{"sessionId":"6c5c15","location":"pageInkDom.ts:resolvePageDomHit","message":"dom hit resolved","data":{"clientX":513,"clientY":96.5,"method":"rect","hitKind":"pageText","pageId":"7f5bf69a-2d2c-446d-9fdf-f9c07729cb09","localX":1167.5972966233305,"localY":41.67710297933186},"timestamp":1787926571287,"hypothesisId":"B","runId":"ipad-fix2"}
{"sessionId":"6c5c15","location":"useEditorController.tsx:textTapDown","message":"global pointerdown","data":{"pointerType":"pen","tracked":true},"timestamp":1787926572191,"hypothesisId":"A","runId":"post-fix"}
{"sessionId":"6c5c15","location":"pageInkDom.ts:resolvePageDomHit","message":"dom hit resolved","data":{"clientX":521,"clientY":106,"method":"rect","hitKind":"pageText","pageId":"7f5bf69a-2d2c-446d-9fdf-f9c07729cb09","localX":1189.1716382472493,"localY":67.29663241745521},"timestamp":1787926572191,"hypothesisId":"B","runId":"ipad-fix2"}
{"sessionId":"6c5c15","location":"pageInkDom.ts:resolvePageDomHit","message":"dom hit resolved","data":{"clientX":521,"clientY":106,"method":"rect","hitKind":"pageText","pageId":"7f5bf69a-2d2c-446d-9fdf-f9c07729cb09","localX":1189.1716382472493,"localY":67.29663241745521},"timestamp":1787926572199,"hypothesisId":"B","runId":"ipad-fix2"}
{"sessionId":"6c5c15","location":"pageInkDom.ts:resolvePageDomHit","message":"dom hit resolved","data":{"clientX":521,"clientY":106,"method":"rect","hitKind":"pageText","pageId":"7f5bf69a-2d2c-446d-9fdf-f9c07729cb09","localX":1189.1716382472493,"localY":67.29663241745521},"timestamp":1787926572206,"hypothesisId":"B","runId":"ipad-fix2"}
{"sessionId":"6c5c15","location":"pageInkDom.ts:resolvePageDomHit","message":"dom hit resolved","data":{"clientX":521,"clientY":106,"method":"rect","hitKind":"pageText","pageId":"7f5bf69a-2d2c-446d-9fdf-f9c07729cb09","localX":1189.1716382472493,"localY":67.29663241745521},"timestamp":1787926572212,"hypothesisId":"B","runId":"ipad-fix2"}
{"sessionId":"6c5c15","location":"pageInkDom.ts:resolvePageDomHit","message":"dom hit resolved","data":{"clientX":521,"clientY":106,"method":"rect","hitKind":"pageText","pageId":"7f5bf69a-2d2c-446d-9fdf-f9c07729cb09","localX":1189.1716382472493,"localY":67.29663241745521},"timestamp":1787926572220,"hypothesisId":"B","runId":"ipad-fix2"}
{"sessionId":"6c5c15","location":"pageInkDom.ts:resolvePageDomHit","message":"dom hit resolved","data":{"clientX":521,"clientY":106,"method":"rect","hitKind":"pageText","pageId":"7f5bf69a-2d2c-446d-9fdf-f9c07729cb09","localX":1189.1716382472493,"localY":67.29663241745521},"timestamp":1787926572228,"hypothesisId":"B","runId":"ipad-fix2"}
{"sessionId":"6c5c15","location":"pageInkDom.ts:resolvePageDomHit","message":"dom hit resolved","data":{"clientX":521,"clientY":106.5,"method":"rect","hitKind":"pageText","pageId":"7f5bf69a-2d2c-446d-9fdf-f9c07729cb09","localX":1189.1716382472493,"localY":68.64502870367224},"timestamp":1787926572237,"hypothesisId":"B","runId":"ipad-fix2"}
{"sessionId":"6c5c15","location":"pageInkDom.ts:resolvePageDomHit","message":"dom hit resolved","data":{"clientX":521,"clientY":106.5,"method":"rect","hitKind":"pageText","pageId":"7f5bf69a-2d2c-446d-9fdf-f9c07729cb09","localX":1189.1716382472493,"localY":68.64502870367224},"timestamp":1787926572237,"hypothesisId":"B","runId":"ipad-fix2"}
{"sessionId":"6c5c15","location":"pageInkDom.ts:resolvePageDomHit","message":"dom hit resolved","data":{"clientX":521,"clientY":107.5,"method":"rect","hitKind":"pageText","pageId":"7f5bf69a-2d2c-446d-9fdf-f9c07729cb09","localX":1189.1716382472493,"localY":71.34182127610627},"timestamp":1787926572245,"hypothesisId":"B","runId":"ipad-fix2"}
{"sessionId":"6c5c15","location":"pageInkDom.ts:resolvePageDomHit","message":"dom hit resolved","data":{"clientX":521,"clientY":107.5,"method":"rect","hitKind":"pageText","pageId":"7f5bf69a-2d2c-446d-9fdf-f9c07729cb09","localX":1189.1716382472493,"localY":71.34182127610627},"timestamp":1787926572245,"hypothesisId":"B","runId":"ipad-fix2"}
{"sessionId":"6c5c15","location":"pageInkDom.ts:resolvePageDomHit","message":"dom hit resolved","data":{"clientX":520.5,"clientY":108.5,"method":"rect","hitKind":"pageText","pageId":"7f5bf69a-2d2c-446d-9fdf-f9c07729cb09","localX":1187.8232418957543,"localY":74.03861384854031},"timestamp":1787926572253,"hypothesisId":"B","runId":"ipad-fix2"}
{"sessionId":"6c5c15","location":"pageInkDom.ts:resolvePageDomHit","message":"dom hit resolved","data":{"clientX":520.5,"clientY":108.5,"method":"rect","hitKind":"pageText","pageId":"7f5bf69a-2d2c-446d-9fdf-f9c07729cb09","localX":1187.8232418957543,"localY":74.03861384854031},"timestamp":1787926572254,"hypothesisId":"B","runId":"ipad-fix2"}
{"sessionId":"6c5c15","location":"pageInkDom.ts:resolvePageDomHit","message":"dom hit resolved","data":{"clientX":520,"clientY":110,"method":"rect","hitKind":"pageText","pageId":"7f5bf69a-2d2c-446d-9fdf-f9c07729cb09","localX":1186.4748455442596,"localY":78.08380270719137},"timestamp":1787926572261,"hypothesisId":"B","runId":"ipad-fix2"}
{"sessionId":"6c5c15","location":"pageInkDom.ts:resolvePageDomHit","message":"dom hit resolved","data":{"clientX":520,"clientY":110,"method":"rect","hitKind":"pageText","pageId":"7f5bf69a-2d2c-446d-9fdf-f9c07729cb09","localX":1186.4748455442596,"localY":78.08380270719137},"timestamp":1787926572262,"hypothesisId":"B","runId":"ipad-fix2"}
{"sessionId":"6c5c15","location":"pageInkDom.ts:resolvePageDomHit","message":"dom hit resolved","data":{"clientX":519,"clientY":111.5,"method":"rect","hitKind":"pageText","pageId":"7f5bf69a-2d2c-446d-9fdf-f9c07729cb09","localX":1183.7780528412698,"localY":82.12899156584243},"timestamp":1787926572270,"hypothesisId":"B","runId":"ipad-fix2"}
{"sessionId":"6c5c15","location":"pageInkDom.ts:resolvePageDomHit","message":"dom hit resolved","data":{"clientX":519,"clientY":111.5,"method":"rect","hitKind":"pageText","pageId":"7f5bf69a-2d2c-446d-9fdf-f9c07729cb09","localX":1183.7780528412698,"localY":82.12899156584243},"timestamp":1787926572270,"hypothesisId":"B","runId":"ipad-fix2"}
{"sessionId":"6c5c15","location":"pageInkDom.ts:resolvePageDomHit","message":"dom hit resolved","data":{"clientX":517.5,"clientY":112.5,"method":"rect","hitKind":"pageText","pageId":"7f5bf69a-2d2c-446d-9fdf-f9c07729cb09","localX":1179.7328637867847,"localY":84.82578413827646},"timestamp":1787926572278,"hypothesisId":"B","runId":"ipad-fix2"}
{"sessionId":"6c5c15","location":"pageInkDom.ts:resolvePageDomHit","message":"dom hit resolved","data":{"clientX":517.5,"clientY":112.5,"method":"rect","hitKind":"pageText","pageId":"7f5bf69a-2d2c-446d-9fdf-f9c07729cb09","localX":1179.7328637867847,"localY":84.82578413827646},"timestamp":1787926572279,"hypothesisId":"B","runId":"ipad-fix2"}
{"sessionId":"6c5c15","location":"pageInkDom.ts:resolvePageDomHit","message":"dom hit resolved","data":{"clientX":515.5,"clientY":113.5,"method":"rect","hitKind":"pageText","pageId":"7f5bf69a-2d2c-446d-9fdf-f9c07729cb09","localX":1174.3392783808051,"localY":87.5225767107105},"timestamp":1787926572287,"hypothesisId":"B","runId":"ipad-fix2"}
{"sessionId":"6c5c15","location":"pageInkDom.ts:resolvePageDomHit","message":"dom hit resolved","data":{"clientX":515.5,"clientY":113.5,"method":"rect","hitKind":"pageText","pageId":"7f5bf69a-2d2c-446d-9fdf-f9c07729cb09","localX":1174.3392783808051,"localY":87.5225767107105},"timestamp":1787926572287,"hypothesisId":"B","runId":"ipad-fix2"}
{"sessionId":"6c5c15","location":"pageInkDom.ts:resolvePageDomHit","message":"dom hit resolved","data":{"clientX":514,"clientY":114,"method":"rect","hitKind":"pageText","pageId":"7f5bf69a-2d2c-446d-9fdf-f9c07729cb09","localX":1170.2940893263203,"localY":88.87097299692752},"timestamp":1787926572295,"hypothesisId":"B","runId":"ipad-fix2"}
{"sessionId":"6c5c15","location":"pageInkDom.ts:resolvePageDomHit","message":"dom hit resolved","data":{"clientX":514,"clientY":114,"method":"rect","hitKind":"pageText","pageId":"7f5bf69a-2d2c-446d-9fdf-f9c07729cb09","localX":1170.2940893263203,"localY":88.87097299692752},"timestamp":1787926572296,"hypothesisId":"B","runId":"ipad-fix2"}
{"sessionId":"6c5c15","location":"useEditorController.tsx:textTapUp","message":"text tap up","data":{"pointerType":"pen","hasPending":false,"dist":12.020815280171307},"timestamp":1787926572296,"hypothesisId":"A,E","runId":"post-fix2"}
{"sessionId":"6c5c15","location":"pageInkDom.ts:resolvePageDomHit","message":"dom hit resolved","data":{"clientX":512.5,"clientY":114.5,"method":"rect","hitKind":"pageText","pageId":"7f5bf69a-2d2c-446d-9fdf-f9c07729cb09","localX":1166.2489002718355,"localY":90.21936928314453},"timestamp":1787926572296,"hypothesisId":"B","runId":"ipad-fix2"}
{"sessionId":"6c5c15","location":"TextEditBar.tsx:handleBlur","message":"textarea blur","data":{"textId":"9dc4d499-71f3-433e-93fb-c0e227c67894","draftLen":0,"textareaLen":0,"draftEmpty":true,"textareaEmpty":true},"timestamp":1787926572629,"hypothesisId":"B","runId":"post-fix"}
{"sessionId":"6c5c15","location":"TextEditBar.tsx:runExplicitCommit","message":"commit plan","data":{"textId":"9dc4d499-71f3-433e-93fb-c0e227c67894","draftLen":0,"textareaLen":0,"draftMatchTextarea":true,"savedLen":0,"composing":false,"forceOnExplicit":false,"planKind":"skip","planReason":"unchanged"},"timestamp":1787926572630,"hypothesisId":"B,C","runId":"post-fix"}
{"sessionId":"6c5c15","location":"useEditorController.tsx:textTapDown","message":"global pointerdown","data":{"pointerType":"pen","tracked":true},"timestamp":1787926572747,"hypothesisId":"A","runId":"post-fix"}
{"sessionId":"6c5c15","location":"pageInkDom.ts:resolvePageDomHit","message":"dom hit resolved","data":{"clientX":518.5,"clientY":105,"method":"rect","hitKind":"page","pageId":"7f5bf69a-2d2c-446d-9fdf-f9c07729cb09","localX":1182.4296564897747,"localY":64.59983984502118},"timestamp":1787926572748,"hypothesisId":"B","runId":"ipad-fix2"}
{"sessionId":"6c5c15","location":"useEditorController.tsx:createTextEffect","message":"createText effect","data":{"pageId":"7f5bf69a-2d2c-446d-9fdf-f9c07729cb09","x":1182.4296564897747,"y":64.59983984502118,"hasTrack":true,"tool":"text","pointerType":"touch"},"timestamp":1787926572748,"hypothesisId":"A,E","runId":"ipad-fix"}
{"sessionId":"6c5c15","location":"pageInkDom.ts:resolvePageDomHit","message":"dom hit resolved","data":{"clientX":517,"clientY":105,"method":"rect","hitKind":"pageText","pageId":"7f5bf69a-2d2c-446d-9fdf-f9c07729cb09","localX":1178.38446743529,"localY":64.59983984502118},"timestamp":1787926572757,"hypothesisId":"B","runId":"ipad-fix2"}
{"sessionId":"6c5c15","location":"pageInkDom.ts:resolvePageDomHit","message":"dom hit resolved","data":{"clientX":517,"clientY":104.5,"method":"rect","hitKind":"pageText","pageId":"7f5bf69a-2d2c-446d-9fdf-f9c07729cb09","localX":1178.38446743529,"localY":63.25144355880416},"timestamp":1787926572762,"hypothesisId":"B","runId":"ipad-fix2"}
{"sessionId":"6c5c15","location":"pageInkDom.ts:resolvePageDomHit","message":"dom hit resolved","data":{"clientX":517,"clientY":104.5,"method":"rect","hitKind":"pageText","pageId":"7f5bf69a-2d2c-446d-9fdf-f9c07729cb09","localX":1178.38446743529,"localY":63.25144355880416},"timestamp":1787926572773,"hypothesisId":"B","runId":"ipad-fix2"}
{"sessionId":"6c5c15","location":"pageInkDom.ts:resolvePageDomHit","message":"dom hit resolved","data":{"clientX":517,"clientY":104.5,"method":"rect","hitKind":"pageText","pageId":"7f5bf69a-2d2c-446d-9fdf-f9c07729cb09","localX":1178.38446743529,"localY":63.25144355880416},"timestamp":1787926572779,"hypothesisId":"B","runId":"ipad-fix2"}
{"sessionId":"6c5c15","location":"pageInkDom.ts:resolvePageDomHit","message":"dom hit resolved","data":{"clientX":517,"clientY":104.5,"method":"rect","hitKind":"pageText","pageId":"7f5bf69a-2d2c-446d-9fdf-f9c07729cb09","localX":1178.38446743529,"localY":63.25144355880416},"timestamp":1787926572787,"hypothesisId":"B","runId":"ipad-fix2"}
{"sessionId":"6c5c15","location":"pageInkDom.ts:resolvePageDomHit","message":"dom hit resolved","data":{"clientX":517,"clientY":104.5,"method":"rect","hitKind":"pageText","pageId":"7f5bf69a-2d2c-446d-9fdf-f9c07729cb09","localX":1178.38446743529,"localY":63.25144355880416},"timestamp":1787926572795,"hypothesisId":"B","runId":"ipad-fix2"}
{"sessionId":"6c5c15","location":"pageInkDom.ts:resolvePageDomHit","message":"dom hit resolved","data":{"clientX":517,"clientY":104.5,"method":"rect","hitKind":"pageText","pageId":"7f5bf69a-2d2c-446d-9fdf-f9c07729cb09","localX":1178.38446743529,"localY":63.25144355880416},"timestamp":1787926572804,"hypothesisId":"B","runId":"ipad-fix2"}
{"sessionId":"6c5c15","location":"pageInkDom.ts:resolvePageDomHit","message":"dom hit resolved","data":{"clientX":517,"clientY":104.5,"method":"rect","hitKind":"pageText","pageId":"7f5bf69a-2d2c-446d-9fdf-f9c07729cb09","localX":1178.38446743529,"localY":63.25144355880416},"timestamp":1787926572812,"hypothesisId":"B","runId":"ipad-fix2"}
{"sessionId":"6c5c15","location":"pageInkDom.ts:resolvePageDomHit","message":"dom hit resolved","data":{"clientX":516.5,"clientY":105,"method":"rect","hitKind":"pageText","pageId":"7f5bf69a-2d2c-446d-9fdf-f9c07729cb09","localX":1177.036071083795,"localY":64.59983984502118},"timestamp":1787926572820,"hypothesisId":"B","runId":"ipad-fix2"}
{"sessionId":"6c5c15","location":"pageInkDom.ts:resolvePageDomHit","message":"dom hit resolved","data":{"clientX":516.5,"clientY":105,"method":"rect","hitKind":"pageText","pageId":"7f5bf69a-2d2c-446d-9fdf-f9c07729cb09","localX":1177.036071083795,"localY":64.59983984502118},"timestamp":1787926572821,"hypothesisId":"B","runId":"ipad-fix2"}
{"sessionId":"6c5c15","location":"pageInkDom.ts:resolvePageDomHit","message":"dom hit resolved","data":{"clientX":515.5,"clientY":105.5,"method":"rect","hitKind":"pageText","pageId":"7f5bf69a-2d2c-446d-9fdf-f9c07729cb09","localX":1174.3392783808051,"localY":65.9482361312382},"timestamp":1787926572829,"hypothesisId":"B","runId":"ipad-fix2"}
{"sessionId":"6c5c15","location":"pageInkDom.ts:resolvePageDomHit","message":"dom hit resolved","data":{"clientX":515.5,"clientY":105.5,"method":"rect","hitKind":"pageText","pageId":"7f5bf69a-2d2c-446d-9fdf-f9c07729cb09","localX":1174.3392783808051,"localY":65.9482361312382},"timestamp":1787926572829,"hypothesisId":"B","runId":"ipad-fix2"}
{"sessionId":"6c5c15","location":"pageInkDom.ts:resolvePageDomHit","message":"dom hit resolved","data":{"clientX":514.5,"clientY":106,"method":"rect","hitKind":"pageText","pageId":"7f5bf69a-2d2c-446d-9fdf-f9c07729cb09","localX":1171.6424856778153,"localY":67.29663241745521},"timestamp":1787926572837,"hypothesisId":"B","runId":"ipad-fix2"}
{"sessionId":"6c5c15","location":"pageInkDom.ts:resolvePageDomHit","message":"dom hit resolved","data":{"clientX":514.5,"clientY":106,"method":"rect","hitKind":"pageText","pageId":"7f5bf69a-2d2c-446d-9fdf-f9c07729cb09","localX":1171.6424856778153,"localY":67.29663241745521},"timestamp":1787926572837,"hypothesisId":"B","runId":"ipad-fix2"}
{"sessionId":"6c5c15","location":"useEditorController.tsx:textTapUp","message":"text tap up","data":{"pointerType":"pen","hasPending":false,"dist":5.0990195135927845},"timestamp":1787926572838,"hypothesisId":"A,E","runId":"post-fix2"}
{"sessionId":"6c5c15","location":"pageInkDom.ts:resolvePageDomHit","message":"dom hit resolved","data":{"clientX":513.5,"clientY":106,"method":"rect","hitKind":"pageText","pageId":"7f5bf69a-2d2c-446d-9fdf-f9c07729cb09","localX":1168.9456929748253,"localY":67.29663241745521},"timestamp":1787926572838,"hypothesisId":"B","runId":"ipad-fix2"}
{"sessionId":"6c5c15","location":"pageInkDom.ts:resolvePageDomHit","message":"dom hit resolved","data":{"clientX":509,"clientY":119.5,"method":"rect","hitKind":"pageText","pageId":"7f5bf69a-2d2c-446d-9fdf-f9c07729cb09","localX":1156.8101258113709,"localY":103.70333214531472},"timestamp":1787926573543,"hypothesisId":"B","runId":"ipad-fix2"}
{"sessionId":"6c5c15","location":"useEditorController.tsx:textTapDown","message":"global pointerdown","data":{"pointerType":"pen","tracked":true},"timestamp":1787926573542,"hypothesisId":"A","runId":"post-fix"}
{"sessionId":"6c5c15","location":"pageInkDom.ts:resolvePageDomHit","message":"dom hit resolved","data":{"clientX":507,"clientY":119.5,"method":"rect","hitKind":"pageText","pageId":"7f5bf69a-2d2c-446d-9fdf-f9c07729cb09","localX":1151.4165404053913,"localY":103.70333214531472},"timestamp":1787926573554,"hypothesisId":"B","runId":"ipad-fix2"}
{"sessionId":"6c5c15","location":"pageInkDom.ts:resolvePageDomHit","message":"dom hit resolved","data":{"clientX":505.5,"clientY":119,"method":"rect","hitKind":"pageText","pageId":"7f5bf69a-2d2c-446d-9fdf-f9c07729cb09","localX":1147.3713513509065,"localY":102.3549358590977},"timestamp":1787926573554,"hypothesisId":"B","runId":"ipad-fix2"}
{"sessionId":"6c5c15","location":"pageInkDom.ts:resolvePageDomHit","message":"dom hit resolved","data":{"clientX":505.5,"clientY":119,"method":"rect","hitKind":"pageText","pageId":"7f5bf69a-2d2c-446d-9fdf-f9c07729cb09","localX":1147.3713513509065,"localY":102.3549358590977},"timestamp":1787926573555,"hypothesisId":"B","runId":"ipad-fix2"}
{"sessionId":"6c5c15","location":"pageInkDom.ts:resolvePageDomHit","message":"dom hit resolved","data":{"clientX":505,"clientY":120,"method":"rect","hitKind":"pageText","pageId":"7f5bf69a-2d2c-446d-9fdf-f9c07729cb09","localX":1146.0229549994115,"localY":105.05172843153174},"timestamp":1787926573562,"hypothesisId":"B","runId":"ipad-fix2"}
{"sessionId":"6c5c15","location":"pageInkDom.ts:resolvePageDomHit","message":"dom hit resolved","data":{"clientX":505,"clientY":120,"method":"rect","hitKind":"pageText","pageId":"7f5bf69a-2d2c-446d-9fdf-f9c07729cb09","localX":1146.0229549994115,"localY":105.05172843153174},"timestamp":1787926573563,"hypothesisId":"B","runId":"ipad-fix2"}
{"sessionId":"6c5c15","location":"pageInkDom.ts:resolvePageDomHit","message":"dom hit resolved","data":{"clientX":504,"clientY":122.5,"method":"rect","hitKind":"pageText","pageId":"7f5bf69a-2d2c-446d-9fdf-f9c07729cb09","localX":1143.3261622964217,"localY":111.79370986261684},"timestamp":1787926573571,"hypothesisId":"B","runId":"ipad-fix2"}
{"sessionId":"6c5c15","location":"pageInkDom.ts:resolvePageDomHit","message":"dom hit resolved","data":{"clientX":504,"clientY":122.5,"method":"rect","hitKind":"pageText","pageId":"7f5bf69a-2d2c-446d-9fdf-f9c07729cb09","localX":1143.3261622964217,"localY":111.79370986261684},"timestamp":1787926573571,"hypothesisId":"B","runId":"ipad-fix2"}
{"sessionId":"6c5c15","location":"pageInkDom.ts:resolvePageDomHit","message":"dom hit resolved","data":{"clientX":503,"clientY":127.5,"method":"rect","hitKind":"pageText","pageId":"7f5bf69a-2d2c-446d-9fdf-f9c07729cb09","localX":1140.6293695934319,"localY":125.27767272478702},"timestamp":1787926573579,"hypothesisId":"B","runId":"ipad-fix2"}
{"sessionId":"6c5c15","location":"pageInkDom.ts:resolvePageDomHit","message":"dom hit resolved","data":{"clientX":503,"clientY":127.5,"method":"rect","hitKind":"pageText","pageId":"7f5bf69a-2d2c-446d-9fdf-f9c07729cb09","localX":1140.6293695934319,"localY":125.27767272478702},"timestamp":1787926573580,"hypothesisId":"B","runId":"ipad-fix2"}
{"sessionId":"6c5c15","location":"pageInkDom.ts:resolvePageDomHit","message":"dom hit resolved","data":{"clientX":500.5,"clientY":134.5,"method":"rect","hitKind":"pageText","pageId":"7f5bf69a-2d2c-446d-9fdf-f9c07729cb09","localX":1133.8873878359573,"localY":144.1552207318253},"timestamp":1787926573587,"hypothesisId":"B","runId":"ipad-fix2"}
{"sessionId":"6c5c15","location":"pageInkDom.ts:resolvePageDomHit","message":"dom hit resolved","data":{"clientX":500.5,"clientY":134.5,"method":"rect","hitKind":"pageText","pageId":"7f5bf69a-2d2c-446d-9fdf-f9c07729cb09","localX":1133.8873878359573,"localY":144.1552207318253},"timestamp":1787926573588,"hypothesisId":"B","runId":"ipad-fix2"}
{"sessionId":"6c5c15","location":"pageInkDom.ts:resolvePageDomHit","message":"dom hit resolved","data":{"clientX":497,"clientY":144.5,"method":"rect","hitKind":"pageText","pageId":"7f5bf69a-2d2c-446d-9fdf-f9c07729cb09","localX":1124.4486133754926,"localY":171.12314645616564},"timestamp":1787926573596,"hypothesisId":"B","runId":"ipad-fix2"}
{"sessionId":"6c5c15","location":"pageInkDom.ts:resolvePageDomHit","message":"dom hit resolved","data":{"clientX":497,"clientY":144.5,"method":"rect","hitKind":"pageText","pageId":"7f5bf69a-2d2c-446d-9fdf-f9c07729cb09","localX":1124.4486133754926,"localY":171.12314645616564},"timestamp":1787926573596,"hypothesisId":"B","runId":"ipad-fix2"}
{"sessionId":"6c5c15","location":"pageInkDom.ts:resolvePageDomHit","message":"dom hit resolved","data":{"clientX":492,"clientY":156.5,"method":"rect","hitKind":"pageText","pageId":"7f5bf69a-2d2c-446d-9fdf-f9c07729cb09","localX":1110.9646498605434,"localY":203.4846573253741},"timestamp":1787926573604,"hypothesisId":"B","runId":"ipad-fix2"}
{"sessionId":"6c5c15","location":"pageInkDom.ts:resolvePageDomHit","message":"dom hit resolved","data":{"clientX":492,"clientY":156.5,"method":"rect","hitKind":"pageText","pageId":"7f5bf69a-2d2c-446d-9fdf-f9c07729cb09","localX":1110.9646498605434,"localY":203.4846573253741},"timestamp":1787926573605,"hypothesisId":"B","runId":"ipad-fix2"}
{"sessionId":"6c5c15","location":"pageInkDom.ts:resolvePageDomHit","message":"dom hit resolved","data":{"clientX":487,"clientY":168.5,"method":"rect","hitKind":"pageText","pageId":"7f5bf69a-2d2c-446d-9fdf-f9c07729cb09","localX":1097.480686345594,"localY":235.8461681945825},"timestamp":1787926573612,"hypothesisId":"B","runId":"ipad-fix2"}
{"sessionId":"6c5c15","location":"pageInkDom.ts:resolvePageDomHit","message":"dom hit resolved","data":{"clientX":487,"clientY":168.5,"method":"rect","hitKind":"pageText","pageId":"7f5bf69a-2d2c-446d-9fdf-f9c07729cb09","localX":1097.480686345594,"localY":235.8461681945825},"timestamp":1787926573613,"hypothesisId":"B","runId":"ipad-fix2"}
{"sessionId":"6c5c15","location":"pageInkDom.ts:resolvePageDomHit","message":"dom hit resolved","data":{"clientX":482,"clientY":180.5,"method":"rect","hitKind":"pageText","pageId":"7f5bf69a-2d2c-446d-9fdf-f9c07729cb09","localX":1083.9967228306448,"localY":268.207679063791},"timestamp":1787926573621,"hypothesisId":"B","runId":"ipad-fix2"}
{"sessionId":"6c5c15","location":"pageInkDom.ts:resolvePageDomHit","message":"dom hit resolved","data":{"clientX":482,"clientY":180.5,"method":"rect","hitKind":"pageText","pageId":"7f5bf69a-2d2c-446d-9fdf-f9c07729cb09","localX":1083.9967228306448,"localY":268.207679063791},"timestamp":1787926573621,"hypothesisId":"B","runId":"ipad-fix2"}
{"sessionId":"6c5c15","location":"pageInkDom.ts:resolvePageDomHit","message":"dom hit resolved","data":{"clientX":477,"clientY":192,"method":"rect","hitKind":"page","pageId":"7f5bf69a-2d2c-446d-9fdf-f9c07729cb09","localX":1070.5127593156956,"localY":299.2207936467824},"timestamp":1787926573629,"hypothesisId":"B","runId":"ipad-fix2"}
{"sessionId":"6c5c15","location":"pageInkDom.ts:resolvePageDomHit","message":"dom hit resolved","data":{"clientX":477,"clientY":192,"method":"rect","hitKind":"page","pageId":"7f5bf69a-2d2c-446d-9fdf-f9c07729cb09","localX":1070.5127593156956,"localY":299.2207936467824},"timestamp":1787926573630,"hypothesisId":"B","runId":"ipad-fix2"}
{"sessionId":"6c5c15","location":"pageInkDom.ts:resolvePageDomHit","message":"dom hit resolved","data":{"clientX":471.5,"clientY":201.5,"method":"rect","hitKind":"page","pageId":"7f5bf69a-2d2c-446d-9fdf-f9c07729cb09","localX":1055.6803994492511,"localY":324.8403230849058},"timestamp":1787926573637,"hypothesisId":"B","runId":"ipad-fix2"}
{"sessionId":"6c5c15","location":"pageInkDom.ts:resolvePageDomHit","message":"dom hit resolved","data":{"clientX":471.5,"clientY":201.5,"method":"rect","hitKind":"page","pageId":"7f5bf69a-2d2c-446d-9fdf-f9c07729cb09","localX":1055.6803994492511,"localY":324.8403230849058},"timestamp":1787926573638,"hypothesisId":"B","runId":"ipad-fix2"}
{"sessionId":"6c5c15","location":"pageInkDom.ts:resolvePageDomHit","message":"dom hit resolved","data":{"clientX":467,"clientY":209,"method":"rect","hitKind":"pageText","pageId":"7f5bf69a-2d2c-446d-9fdf-f9c07729cb09","localX":1043.544832285797,"localY":345.06626737816106},"timestamp":1787926573646,"hypothesisId":"B","runId":"ipad-fix2"}
{"sessionId":"6c5c15","location":"pageInkDom.ts:resolvePageDomHit","message":"dom hit resolved","data":{"clientX":467,"clientY":209,"method":"rect","hitKind":"pageText","pageId":"7f5bf69a-2d2c-446d-9fdf-f9c07729cb09","localX":1043.544832285797,"localY":345.06626737816106},"timestamp":1787926573647,"hypothesisId":"B","runId":"ipad-fix2"}
{"sessionId":"6c5c15","location":"pageInkDom.ts:resolvePageDomHit","message":"dom hit resolved","data":{"clientX":464,"clientY":215,"method":"rect","hitKind":"pageText","pageId":"7f5bf69a-2d2c-446d-9fdf-f9c07729cb09","localX":1035.454454176827,"localY":361.24702281276524},"timestamp":1787926573654,"hypothesisId":"B","runId":"ipad-fix2"}
{"sessionId":"6c5c15","location":"pageInkDom.ts:resolvePageDomHit","message":"dom hit resolved","data":{"clientX":464,"clientY":215,"method":"rect","hitKind":"pageText","pageId":"7f5bf69a-2d2c-446d-9fdf-f9c07729cb09","localX":1035.454454176827,"localY":361.24702281276524},"timestamp":1787926573655,"hypothesisId":"B","runId":"ipad-fix2"}
{"sessionId":"6c5c15","location":"pageInkDom.ts:resolvePageDomHit","message":"dom hit resolved","data":{"clientX":461.5,"clientY":218.5,"method":"rect","hitKind":"pageText","pageId":"7f5bf69a-2d2c-446d-9fdf-f9c07729cb09","localX":1028.7124724193527,"localY":370.6857968162844},"timestamp":1787926573662,"hypothesisId":"B","runId":"ipad-fix2"}
{"sessionId":"6c5c15","location":"pageInkDom.ts:resolvePageDomHit","message":"dom hit resolved","data":{"clientX":461.5,"clientY":218.5,"method":"rect","hitKind":"pageText","pageId":"7f5bf69a-2d2c-446d-9fdf-f9c07729cb09","localX":1028.7124724193527,"localY":370.6857968162844},"timestamp":1787926573663,"hypothesisId":"B","runId":"ipad-fix2"}
{"sessionId":"6c5c15","location":"pageInkDom.ts:resolvePageDomHit","message":"dom hit resolved","data":{"clientX":460,"clientY":220.5,"method":"rect","hitKind":"pageText","pageId":"7f5bf69a-2d2c-446d-9fdf-f9c07729cb09","localX":1024.6672833648677,"localY":376.0793819611525},"timestamp":1787926573671,"hypothesisId":"B","runId":"ipad-fix2"}
{"sessionId":"6c5c15","location":"pageInkDom.ts:resolvePageDomHit","message":"dom hit resolved","data":{"clientX":460,"clientY":220.5,"method":"rect","hitKind":"pageText","pageId":"7f5bf69a-2d2c-446d-9fdf-f9c07729cb09","localX":1024.6672833648677,"localY":376.0793819611525},"timestamp":1787926573671,"hypothesisId":"B","runId":"ipad-fix2"}
{"sessionId":"6c5c15","location":"pageInkDom.ts:resolvePageDomHit","message":"dom hit resolved","data":{"clientX":459,"clientY":221,"method":"rect","hitKind":"pageText","pageId":"7f5bf69a-2d2c-446d-9fdf-f9c07729cb09","localX":1021.9704906618779,"localY":377.4277782473695},"timestamp":1787926573679,"hypothesisId":"B","runId":"ipad-fix2"}
{"sessionId":"6c5c15","location":"pageInkDom.ts:resolvePageDomHit","message":"dom hit resolved","data":{"clientX":459,"clientY":221,"method":"rect","hitKind":"pageText","pageId":"7f5bf69a-2d2c-446d-9fdf-f9c07729cb09","localX":1021.9704906618779,"localY":377.4277782473695},"timestamp":1787926573680,"hypothesisId":"B","runId":"ipad-fix2"}
{"sessionId":"6c5c15","location":"pageInkDom.ts:resolvePageDomHit","message":"dom hit resolved","data":{"clientX":459,"clientY":221,"method":"rect","hitKind":"pageText","pageId":"7f5bf69a-2d2c-446d-9fdf-f9c07729cb09","localX":1021.9704906618779,"localY":377.4277782473695},"timestamp":1787926573687,"hypothesisId":"B","runId":"ipad-fix2"}
{"sessionId":"6c5c15","location":"useEditorController.tsx:textTapUp","message":"text tap up","data":{"pointerType":"pen","hasPending":false,"dist":113.14702824201791},"timestamp":1787926573689,"hypothesisId":"A,E","runId":"post-fix2"}
{"sessionId":"6c5c15","location":"pageInkDom.ts:resolvePageDomHit","message":"dom hit resolved","data":{"clientX":459,"clientY":221,"method":"rect","hitKind":"pageText","pageId":"7f5bf69a-2d2c-446d-9fdf-f9c07729cb09","localX":1021.9704906618779,"localY":377.4277782473695},"timestamp":1787926573689,"hypothesisId":"B","runId":"ipad-fix2"}
{"sessionId":"6c5c15","location":"useEditorController.tsx:textTapDown","message":"global pointerdown","data":{"pointerType":"pen","tracked":true},"timestamp":1787926573891,"hypothesisId":"A","runId":"post-fix"}
{"sessionId":"6c5c15","location":"pageInkDom.ts:resolvePageDomHit","message":"dom hit resolved","data":{"clientX":514,"clientY":103.5,"method":"rect","hitKind":"pageText","pageId":"7f5bf69a-2d2c-446d-9fdf-f9c07729cb09","localX":1170.2940893263203,"localY":60.55465098637013},"timestamp":1787926573891,"hypothesisId":"B","runId":"ipad-fix2"}
{"sessionId":"6c5c15","location":"pageInkDom.ts:resolvePageDomHit","message":"dom hit resolved","data":{"clientX":513,"clientY":103,"method":"rect","hitKind":"pageText","pageId":"7f5bf69a-2d2c-446d-9fdf-f9c07729cb09","localX":1167.5972966233305,"localY":59.20625470015311},"timestamp":1787926573900,"hypothesisId":"B","runId":"ipad-fix2"}
{"sessionId":"6c5c15","location":"pageInkDom.ts:resolvePageDomHit","message":"dom hit resolved","data":{"clientX":512,"clientY":102.5,"method":"rect","hitKind":"pageText","pageId":"7f5bf69a-2d2c-446d-9fdf-f9c07729cb09","localX":1164.9005039203405,"localY":57.857858413936086},"timestamp":1787926573904,"hypothesisId":"B","runId":"ipad-fix2"}
{"sessionId":"6c5c15","location":"pageInkDom.ts:resolvePageDomHit","message":"dom hit resolved","data":{"clientX":512,"clientY":102.5,"method":"rect","hitKind":"pageText","pageId":"7f5bf69a-2d2c-446d-9fdf-f9c07729cb09","localX":1164.9005039203405,"localY":57.857858413936086},"timestamp":1787926573913,"hypothesisId":"B","runId":"ipad-fix2"}
{"sessionId":"6c5c15","location":"pageInkDom.ts:resolvePageDomHit","message":"dom hit resolved","data":{"clientX":511.5,"clientY":103.5,"method":"rect","hitKind":"pageText","pageId":"7f5bf69a-2d2c-446d-9fdf-f9c07729cb09","localX":1163.5521075688457,"localY":60.55465098637013},"timestamp":1787926573921,"hypothesisId":"B","runId":"ipad-fix2"}
{"sessionId":"6c5c15","location":"pageInkDom.ts:resolvePageDomHit","message":"dom hit resolved","data":{"clientX":511.5,"clientY":103.5,"method":"rect","hitKind":"pageText","pageId":"7f5bf69a-2d2c-446d-9fdf-f9c07729cb09","localX":1163.5521075688457,"localY":60.55465098637013},"timestamp":1787926573921,"hypothesisId":"B","runId":"ipad-fix2"}
{"sessionId":"6c5c15","location":"pageInkDom.ts:resolvePageDomHit","message":"dom hit resolved","data":{"clientX":511.5,"clientY":105,"method":"rect","hitKind":"pageText","pageId":"7f5bf69a-2d2c-446d-9fdf-f9c07729cb09","localX":1163.5521075688457,"localY":64.59983984502118},"timestamp":1787926573929,"hypothesisId":"B","runId":"ipad-fix2"}
{"sessionId":"6c5c15","location":"pageInkDom.ts:resolvePageDomHit","message":"dom hit resolved","data":{"clientX":511.5,"clientY":105,"method":"rect","hitKind":"pageText","pageId":"7f5bf69a-2d2c-446d-9fdf-f9c07729cb09","localX":1163.5521075688457,"localY":64.59983984502118},"timestamp":1787926573930,"hypothesisId":"B","runId":"ipad-fix2"}
{"sessionId":"6c5c15","location":"pageInkDom.ts:resolvePageDomHit","message":"dom hit resolved","data":{"clientX":511,"clientY":107.5,"method":"rect","hitKind":"pageText","pageId":"7f5bf69a-2d2c-446d-9fdf-f9c07729cb09","localX":1162.2037112173507,"localY":71.34182127610627},"timestamp":1787926573937,"hypothesisId":"B","runId":"ipad-fix2"}
{"sessionId":"6c5c15","location":"pageInkDom.ts:resolvePageDomHit","message":"dom hit resolved","data":{"clientX":511,"clientY":107.5,"method":"rect","hitKind":"pageText","pageId":"7f5bf69a-2d2c-446d-9fdf-f9c07729cb09","localX":1162.2037112173507,"localY":71.34182127610627},"timestamp":1787926573938,"hypothesisId":"B","runId":"ipad-fix2"}
{"sessionId":"6c5c15","location":"pageInkDom.ts:resolvePageDomHit","message":"dom hit resolved","data":{"clientX":510.5,"clientY":110.5,"method":"rect","hitKind":"pageText","pageId":"7f5bf69a-2d2c-446d-9fdf-f9c07729cb09","localX":1160.8553148658557,"localY":79.43219899340839},"timestamp":1787926573946,"hypothesisId":"B","runId":"ipad-fix2"}
{"sessionId":"6c5c15","location":"pageInkDom.ts:resolvePageDomHit","message":"dom hit resolved","data":{"clientX":510.5,"clientY":110.5,"method":"rect","hitKind":"pageText","pageId":"7f5bf69a-2d2c-446d-9fdf-f9c07729cb09","localX":1160.8553148658557,"localY":79.43219899340839},"timestamp":1787926573946,"hypothesisId":"B","runId":"ipad-fix2"}
{"sessionId":"6c5c15","location":"pageInkDom.ts:resolvePageDomHit","message":"dom hit resolved","data":{"clientX":510,"clientY":113.5,"method":"rect","hitKind":"pageText","pageId":"7f5bf69a-2d2c-446d-9fdf-f9c07729cb09","localX":1159.506918514361,"localY":87.5225767107105},"timestamp":1787926573954,"hypothesisId":"B","runId":"ipad-fix2"}
{"sessionId":"6c5c15","location":"pageInkDom.ts:resolvePageDomHit","message":"dom hit resolved","data":{"clientX":510,"clientY":113.5,"method":"rect","hitKind":"pageText","pageId":"7f5bf69a-2d2c-446d-9fdf-f9c07729cb09","localX":1159.506918514361,"localY":87.5225767107105},"timestamp":1787926573955,"hypothesisId":"B","runId":"ipad-fix2"}
{"sessionId":"6c5c15","location":"pageInkDom.ts:resolvePageDomHit","message":"dom hit resolved","data":{"clientX":509,"clientY":116.5,"method":"rect","hitKind":"pageText","pageId":"7f5bf69a-2d2c-446d-9fdf-f9c07729cb09","localX":1156.8101258113709,"localY":95.61295442801261},"timestamp":1787926573962,"hypothesisId":"B","runId":"ipad-fix2"}
{"sessionId":"6c5c15","location":"pageInkDom.ts:resolvePageDomHit","message":"dom hit resolved","data":{"clientX":509,"clientY":116.5,"method":"rect","hitKind":"pageText","pageId":"7f5bf69a-2d2c-446d-9fdf-f9c07729cb09","localX":1156.8101258113709,"localY":95.61295442801261},"timestamp":1787926573963,"hypothesisId":"B","runId":"ipad-fix2"}
{"sessionId":"6c5c15","location":"pageInkDom.ts:resolvePageDomHit","message":"dom hit resolved","data":{"clientX":508,"clientY":119.5,"method":"rect","hitKind":"pageText","pageId":"7f5bf69a-2d2c-446d-9fdf-f9c07729cb09","localX":1154.113333108381,"localY":103.70333214531472},"timestamp":1787926573971,"hypothesisId":"B","runId":"ipad-fix2"}
{"sessionId":"6c5c15","location":"pageInkDom.ts:resolvePageDomHit","message":"dom hit resolved","data":{"clientX":508,"clientY":119.5,"method":"rect","hitKind":"pageText","pageId":"7f5bf69a-2d2c-446d-9fdf-f9c07729cb09","localX":1154.113333108381,"localY":103.70333214531472},"timestamp":1787926573972,"hypothesisId":"B","runId":"ipad-fix2"}
{"sessionId":"6c5c15","location":"useEditorController.tsx:textTapUp","message":"text tap up","data":{"pointerType":"pen","hasPending":false,"dist":18.66815470259447},"timestamp":1787926573979,"hypothesisId":"A,E","runId":"post-fix2"}
{"sessionId":"6c5c15","location":"pageInkDom.ts:resolvePageDomHit","message":"dom hit resolved","data":{"clientX":507.5,"clientY":121,"method":"rect","hitKind":"pageText","pageId":"7f5bf69a-2d2c-446d-9fdf-f9c07729cb09","localX":1152.7649367568863,"localY":107.74852100396576},"timestamp":1787926573980,"hypothesisId":"B","runId":"ipad-fix2"}
{"sessionId":"6c5c15","location":"useEditorController.tsx:textTapDown","message":"global pointerdown","data":{"pointerType":"pen","tracked":true},"timestamp":1787926574408,"hypothesisId":"A","runId":"post-fix"}
{"sessionId":"6c5c15","location":"pageInkDom.ts:resolvePageDomHit","message":"dom hit resolved","data":{"clientX":529.5,"clientY":103.5,"method":"rect","hitKind":null},"timestamp":1787926574409,"hypothesisId":"B","runId":"ipad-fix2"}
{"sessionId":"6c5c15","location":"pageInkDom.ts:resolvePageDomHit","message":"dom hit resolved","data":{"clientX":529,"clientY":103.5,"method":"rect","hitKind":null},"timestamp":1787926574417,"hypothesisId":"B","runId":"ipad-fix2"}
{"sessionId":"6c5c15","location":"pageInkDom.ts:resolvePageDomHit","message":"dom hit resolved","data":{"clientX":527.5,"clientY":103.5,"method":"rect","hitKind":null},"timestamp":1787926574421,"hypothesisId":"B","runId":"ipad-fix2"}
{"sessionId":"6c5c15","location":"pageInkDom.ts:resolvePageDomHit","message":"dom hit resolved","data":{"clientX":527.5,"clientY":103.5,"method":"rect","hitKind":null},"timestamp":1787926574422,"hypothesisId":"B","runId":"ipad-fix2"}
{"sessionId":"6c5c15","location":"pageInkDom.ts:resolvePageDomHit","message":"dom hit resolved","data":{"clientX":527,"clientY":104.5,"method":"rect","hitKind":null},"timestamp":1787926574430,"hypothesisId":"B","runId":"ipad-fix2"}
{"sessionId":"6c5c15","location":"pageInkDom.ts:resolvePageDomHit","message":"dom hit resolved","data":{"clientX":527,"clientY":104.5,"method":"rect","hitKind":null},"timestamp":1787926574430,"hypothesisId":"B","runId":"ipad-fix2"}
{"sessionId":"6c5c15","location":"pageInkDom.ts:resolvePageDomHit","message":"dom hit resolved","data":{"clientX":526.5,"clientY":107.5,"method":"rect","hitKind":null},"timestamp":1787926574438,"hypothesisId":"B","runId":"ipad-fix2"}
{"sessionId":"6c5c15","location":"pageInkDom.ts:resolvePageDomHit","message":"dom hit resolved","data":{"clientX":526.5,"clientY":107.5,"method":"rect","hitKind":null},"timestamp":1787926574438,"hypothesisId":"B","runId":"ipad-fix2"}
{"sessionId":"6c5c15","location":"pageInkDom.ts:resolvePageDomHit","message":"dom hit resolved","data":{"clientX":525,"clientY":112,"method":"rect","hitKind":"page","pageId":"7f5bf69a-2d2c-446d-9fdf-f9c07729cb09","localX":1199.9588090592088,"localY":83.47738785205944},"timestamp":1787926574446,"hypothesisId":"B","runId":"ipad-fix2"}
{"sessionId":"6c5c15","location":"pageInkDom.ts:resolvePageDomHit","message":"dom hit resolved","data":{"clientX":525,"clientY":112,"method":"rect","hitKind":"page","pageId":"7f5bf69a-2d2c-446d-9fdf-f9c07729cb09","localX":1199.9588090592088,"localY":83.47738785205944},"timestamp":1787926574446,"hypothesisId":"B","runId":"ipad-fix2"}
{"sessionId":"6c5c15","location":"pageInkDom.ts:resolvePageDomHit","message":"dom hit resolved","data":{"clientX":522,"clientY":119.5,"method":"rect","hitKind":"page","pageId":"7f5bf69a-2d2c-446d-9fdf-f9c07729cb09","localX":1191.8684309502391,"localY":103.70333214531472},"timestamp":1787926574455,"hypothesisId":"B","runId":"ipad-fix2"}
{"sessionId":"6c5c15","location":"pageInkDom.ts:resolvePageDomHit","message":"dom hit resolved","data":{"clientX":522,"clientY":119.5,"method":"rect","hitKind":"page","pageId":"7f5bf69a-2d2c-446d-9fdf-f9c07729cb09","localX":1191.8684309502391,"localY":103.70333214531472},"timestamp":1787926574455,"hypothesisId":"B","runId":"ipad-fix2"}
{"sessionId":"6c5c15","location":"pageInkDom.ts:resolvePageDomHit","message":"dom hit resolved","data":{"clientX":518,"clientY":128.5,"method":"rect","hitKind":"page","pageId":"7f5bf69a-2d2c-446d-9fdf-f9c07729cb09","localX":1181.0812601382797,"localY":127.97446529722106},"timestamp":1787926574463,"hypothesisId":"B","runId":"ipad-fix2"}
{"sessionId":"6c5c15","location":"pageInkDom.ts:resolvePageDomHit","message":"dom hit resolved","data":{"clientX":518,"clientY":128.5,"method":"rect","hitKind":"page","pageId":"7f5bf69a-2d2c-446d-9fdf-f9c07729cb09","localX":1181.0812601382797,"localY":127.97446529722106},"timestamp":1787926574463,"hypothesisId":"B","runId":"ipad-fix2"}
{"sessionId":"6c5c15","location":"pageInkDom.ts:resolvePageDomHit","message":"dom hit resolved","data":{"clientX":513,"clientY":139.5,"method":"rect","hitKind":"page","pageId":"7f5bf69a-2d2c-446d-9fdf-f9c07729cb09","localX":1167.5972966233305,"localY":157.63918359399548},"timestamp":1787926574471,"hypothesisId":"B","runId":"ipad-fix2"}
{"sessionId":"6c5c15","location":"pageInkDom.ts:resolvePageDomHit","message":"dom hit resolved","data":{"clientX":513,"clientY":139.5,"method":"rect","hitKind":"page","pageId":"7f5bf69a-2d2c-446d-9fdf-f9c07729cb09","localX":1167.5972966233305,"localY":157.63918359399548},"timestamp":1787926574472,"hypothesisId":"B","runId":"ipad-fix2"}
{"sessionId":"6c5c15","location":"pageInkDom.ts:resolvePageDomHit","message":"dom hit resolved","data":{"clientX":508.5,"clientY":152,"method":"rect","hitKind":"pageText","pageId":"7f5bf69a-2d2c-446d-9fdf-f9c07729cb09","localX":1155.461729459876,"localY":191.34909074942092},"timestamp":1787926574480,"hypothesisId":"B","runId":"ipad-fix2"}
{"sessionId":"6c5c15","location":"pageInkDom.ts:resolvePageDomHit","message":"dom hit resolved","data":{"clientX":508.5,"clientY":152,"method":"rect","hitKind":"pageText","pageId":"7f5bf69a-2d2c-446d-9fdf-f9c07729cb09","localX":1155.461729459876,"localY":191.34909074942092},"timestamp":1787926574480,"hypothesisId":"B","runId":"ipad-fix2"}
{"sessionId":"6c5c15","location":"pageInkDom.ts:resolvePageDomHit","message":"dom hit resolved","data":{"clientX":506,"clientY":163,"method":"rect","hitKind":"pageText","pageId":"7f5bf69a-2d2c-446d-9fdf-f9c07729cb09","localX":1148.7197477024013,"localY":221.01380904619535},"timestamp":1787926574488,"hypothesisId":"B","runId":"ipad-fix2"}
{"sessionId":"6c5c15","location":"pageInkDom.ts:resolvePageDomHit","message":"dom hit resolved","data":{"clientX":506,"clientY":163,"method":"rect","hitKind":"pageText","pageId":"7f5bf69a-2d2c-446d-9fdf-f9c07729cb09","localX":1148.7197477024013,"localY":221.01380904619535},"timestamp":1787926574488,"hypothesisId":"B","runId":"ipad-fix2"}
{"sessionId":"6c5c15","location":"useEditorController.tsx:textTapUp","message":"text tap up","data":{"pointerType":"pen","hasPending":false,"dist":69.4640194633164},"timestamp":1787926574496,"hypothesisId":"A,E","runId":"post-fix2"}
{"sessionId":"6c5c15","location":"pageInkDom.ts:resolvePageDomHit","message":"dom hit resolved","data":{"clientX":505,"clientY":168.5,"method":"rect","hitKind":"pageText","pageId":"7f5bf69a-2d2c-446d-9fdf-f9c07729cb09","localX":1146.0229549994115,"localY":235.8461681945825},"timestamp":1787926574497,"hypothesisId":"B","runId":"ipad-fix2"}
{"sessionId":"6c5c15","location":"useEditorController.tsx:textTapDown","message":"global pointerdown","data":{"pointerType":"pen","tracked":true},"timestamp":1787926574751,"hypothesisId":"A","runId":"post-fix"}
{"sessionId":"6c5c15","location":"pageInkDom.ts:resolvePageDomHit","message":"dom hit resolved","data":{"clientX":512.5,"clientY":114,"method":"rect","hitKind":"page","pageId":"7f5bf69a-2d2c-446d-9fdf-f9c07729cb09","localX":1166.2489002718355,"localY":88.87097299692752},"timestamp":1787926574754,"hypothesisId":"B","runId":"ipad-fix2"}
{"sessionId":"6c5c15","location":"useEditorController.tsx:createTextEffect","message":"createText effect","data":{"pageId":"7f5bf69a-2d2c-446d-9fdf-f9c07729cb09","x":1166.2489002718355,"y":88.87097299692752,"hasTrack":true,"tool":"text","pointerType":"touch"},"timestamp":1787926574755,"hypothesisId":"A,E","runId":"ipad-fix"}
{"sessionId":"6c5c15","location":"pageInkDom.ts:resolvePageDomHit","message":"dom hit resolved","data":{"clientX":510.5,"clientY":114.5,"method":"rect","hitKind":"pageText","pageId":"7f5bf69a-2d2c-446d-9fdf-f9c07729cb09","localX":1160.8553148658557,"localY":90.21936928314453},"timestamp":1787926574761,"hypothesisId":"B","runId":"ipad-fix2"}
{"sessionId":"6c5c15","location":"pageInkDom.ts:resolvePageDomHit","message":"dom hit resolved","data":{"clientX":507,"clientY":116,"method":"rect","hitKind":"pageText","pageId":"7f5bf69a-2d2c-446d-9fdf-f9c07729cb09","localX":1151.4165404053913,"localY":94.26455814179559},"timestamp":1787926574764,"hypothesisId":"B","runId":"ipad-fix2"}
{"sessionId":"6c5c15","location":"pageInkDom.ts:resolvePageDomHit","message":"dom hit resolved","data":{"clientX":507,"clientY":116,"method":"rect","hitKind":"pageText","pageId":"7f5bf69a-2d2c-446d-9fdf-f9c07729cb09","localX":1151.4165404053913,"localY":94.26455814179559},"timestamp":1787926574764,"hypothesisId":"B","runId":"ipad-fix2"}
{"sessionId":"6c5c15","location":"pageInkDom.ts:resolvePageDomHit","message":"dom hit resolved","data":{"clientX":507,"clientY":117,"method":"rect","hitKind":"pageText","pageId":"7f5bf69a-2d2c-446d-9fdf-f9c07729cb09","localX":1151.4165404053913,"localY":96.96135071422962},"timestamp":1787926574771,"hypothesisId":"B","runId":"ipad-fix2"}
{"sessionId":"6c5c15","location":"pageInkDom.ts:resolvePageDomHit","message":"dom hit resolved","data":{"clientX":507,"clientY":117,"method":"rect","hitKind":"pageText","pageId":"7f5bf69a-2d2c-446d-9fdf-f9c07729cb09","localX":1151.4165404053913,"localY":96.96135071422962},"timestamp":1787926574772,"hypothesisId":"B","runId":"ipad-fix2"}
{"sessionId":"6c5c15","location":"pageInkDom.ts:resolvePageDomHit","message":"dom hit resolved","data":{"clientX":506.5,"clientY":118.5,"method":"rect","hitKind":"pageText","pageId":"7f5bf69a-2d2c-446d-9fdf-f9c07729cb09","localX":1150.0681440538963,"localY":101.00653957288068},"timestamp":1787926574780,"hypothesisId":"B","runId":"ipad-fix2"}
{"sessionId":"6c5c15","location":"pageInkDom.ts:resolvePageDomHit","message":"dom hit resolved","data":{"clientX":506.5,"clientY":118.5,"method":"rect","hitKind":"pageText","pageId":"7f5bf69a-2d2c-446d-9fdf-f9c07729cb09","localX":1150.0681440538963,"localY":101.00653957288068},"timestamp":1787926574780,"hypothesisId":"B","runId":"ipad-fix2"}
{"sessionId":"6c5c15","location":"pageInkDom.ts:resolvePageDomHit","message":"dom hit resolved","data":{"clientX":506.5,"clientY":119.5,"method":"rect","hitKind":"pageText","pageId":"7f5bf69a-2d2c-446d-9fdf-f9c07729cb09","localX":1150.0681440538963,"localY":103.70333214531472},"timestamp":1787926574788,"hypothesisId":"B","runId":"ipad-fix2"}
{"sessionId":"6c5c15","location":"pageInkDom.ts:resolvePageDomHit","message":"dom hit resolved","data":{"clientX":506.5,"clientY":119.5,"method":"rect","hitKind":"pageText","pageId":"7f5bf69a-2d2c-446d-9fdf-f9c07729cb09","localX":1150.0681440538963,"localY":103.70333214531472},"timestamp":1787926574789,"hypothesisId":"B","runId":"ipad-fix2"}
{"sessionId":"6c5c15","location":"useEditorController.tsx:textTapUp","message":"text tap up","data":{"pointerType":"pen","hasPending":false,"dist":8.514693182963201},"timestamp":1787926574789,"hypothesisId":"A,E","runId":"post-fix2"}
{"sessionId":"6c5c15","location":"pageInkDom.ts:resolvePageDomHit","message":"dom hit resolved","data":{"clientX":507,"clientY":120.5,"method":"rect","hitKind":"pageText","pageId":"7f5bf69a-2d2c-446d-9fdf-f9c07729cb09","localX":1151.4165404053913,"localY":106.40012471774877},"timestamp":1787926574789,"hypothesisId":"B","runId":"ipad-fix2"}
{"sessionId":"6c5c15","location":"TextEditBar.tsx:handleBlur","message":"textarea blur","data":{"textId":"afd7b3c6-6493-4180-a8be-27b5ac33e2ec","draftLen":0,"textareaLen":0,"draftEmpty":true,"textareaEmpty":true},"timestamp":1787926574973,"hypothesisId":"B","runId":"post-fix"}
{"sessionId":"6c5c15","location":"TextEditBar.tsx:runExplicitCommit","message":"commit plan","data":{"textId":"afd7b3c6-6493-4180-a8be-27b5ac33e2ec","draftLen":0,"textareaLen":0,"draftMatchTextarea":true,"savedLen":0,"composing":false,"forceOnExplicit":false,"planKind":"skip","planReason":"unchanged"},"timestamp":1787926574973,"hypothesisId":"B,C","runId":"post-fix"}
{"sessionId":"6c5c15","location":"useEditorController.tsx:textTapDown","message":"global pointerdown","data":{"pointerType":"pen","tracked":true},"timestamp":1787926575075,"hypothesisId":"A","runId":"post-fix"}
{"sessionId":"6c5c15","location":"pageInkDom.ts:resolvePageDomHit","message":"dom hit resolved","data":{"clientX":518,"clientY":106.5,"method":"rect","hitKind":"pageText","pageId":"7f5bf69a-2d2c-446d-9fdf-f9c07729cb09","localX":1181.0812601382797,"localY":68.64502870367224},"timestamp":1787926575075,"hypothesisId":"B","runId":"ipad-fix2"}
{"sessionId":"6c5c15","location":"pageInkDom.ts:resolvePageDomHit","message":"dom hit resolved","data":{"clientX":517.5,"clientY":107,"method":"rect","hitKind":"pageText","pageId":"7f5bf69a-2d2c-446d-9fdf-f9c07729cb09","localX":1179.7328637867847,"localY":69.99342498988925},"timestamp":1787926575084,"hypothesisId":"B","runId":"ipad-fix2"}
{"sessionId":"6c5c15","location":"pageInkDom.ts:resolvePageDomHit","message":"dom hit resolved","data":{"clientX":516,"clientY":106.5,"method":"rect","hitKind":"pageText","pageId":"7f5bf69a-2d2c-446d-9fdf-f9c07729cb09","localX":1175.6876747323001,"localY":68.64502870367224},"timestamp":1787926575088,"hypothesisId":"B","runId":"ipad-fix2"}
{"sessionId":"6c5c15","location":"pageInkDom.ts:resolvePageDomHit","message":"dom hit resolved","data":{"clientX":516,"clientY":106.5,"method":"rect","hitKind":"pageText","pageId":"7f5bf69a-2d2c-446d-9fdf-f9c07729cb09","localX":1175.6876747323001,"localY":68.64502870367224},"timestamp":1787926575089,"hypothesisId":"B","runId":"ipad-fix2"}
{"sessionId":"6c5c15","location":"pageInkDom.ts:resolvePageDomHit","message":"dom hit resolved","data":{"clientX":516,"clientY":106.5,"method":"rect","hitKind":"pageText","pageId":"7f5bf69a-2d2c-446d-9fdf-f9c07729cb09","localX":1175.6876747323001,"localY":68.64502870367224},"timestamp":1787926575097,"hypothesisId":"B","runId":"ipad-fix2"}
{"sessionId":"6c5c15","location":"pageInkDom.ts:resolvePageDomHit","message":"dom hit resolved","data":{"clientX":516,"clientY":106.5,"method":"rect","hitKind":"pageText","pageId":"7f5bf69a-2d2c-446d-9fdf-f9c07729cb09","localX":1175.6876747323001,"localY":68.64502870367224},"timestamp":1787926575105,"hypothesisId":"B","runId":"ipad-fix2"}
{"sessionId":"6c5c15","location":"pageInkDom.ts:resolvePageDomHit","message":"dom hit resolved","data":{"clientX":516,"clientY":106.5,"method":"rect","hitKind":"pageText","pageId":"7f5bf69a-2d2c-446d-9fdf-f9c07729cb09","localX":1175.6876747323001,"localY":68.64502870367224},"timestamp":1787926575113,"hypothesisId":"B","runId":"ipad-fix2"}
{"sessionId":"6c5c15","location":"pageInkDom.ts:resolvePageDomHit","message":"dom hit resolved","data":{"clientX":517,"clientY":106.5,"method":"rect","hitKind":"pageText","pageId":"7f5bf69a-2d2c-446d-9fdf-f9c07729cb09","localX":1178.38446743529,"localY":68.64502870367224},"timestamp":1787926575122,"hypothesisId":"B","runId":"ipad-fix2"}
{"sessionId":"6c5c15","location":"pageInkDom.ts:resolvePageDomHit","message":"dom hit resolved","data":{"clientX":517,"clientY":106.5,"method":"rect","hitKind":"pageText","pageId":"7f5bf69a-2d2c-446d-9fdf-f9c07729cb09","localX":1178.38446743529,"localY":68.64502870367224},"timestamp":1787926575122,"hypothesisId":"B","runId":"ipad-fix2"}
{"sessionId":"6c5c15","location":"pageInkDom.ts:resolvePageDomHit","message":"dom hit resolved","data":{"clientX":518,"clientY":106.5,"method":"rect","hitKind":"pageText","pageId":"7f5bf69a-2d2c-446d-9fdf-f9c07729cb09","localX":1181.0812601382797,"localY":68.64502870367224},"timestamp":1787926575130,"hypothesisId":"B","runId":"ipad-fix2"}
{"sessionId":"6c5c15","location":"pageInkDom.ts:resolvePageDomHit","message":"dom hit resolved","data":{"clientX":518,"clientY":106.5,"method":"rect","hitKind":"pageText","pageId":"7f5bf69a-2d2c-446d-9fdf-f9c07729cb09","localX":1181.0812601382797,"localY":68.64502870367224},"timestamp":1787926575130,"hypothesisId":"B","runId":"ipad-fix2"}
{"sessionId":"6c5c15","location":"useEditorController.tsx:textTapUp","message":"text tap up","data":{"pointerType":"pen","hasPending":false,"dist":1.118033988749895},"timestamp":1787926575138,"hypothesisId":"A,E","runId":"post-fix2"}
{"sessionId":"6c5c15","location":"pageInkDom.ts:resolvePageDomHit","message":"dom hit resolved","data":{"clientX":519,"clientY":106,"method":"rect","hitKind":"pageText","pageId":"7f5bf69a-2d2c-446d-9fdf-f9c07729cb09","localX":1183.7780528412698,"localY":67.29663241745521},"timestamp":1787926575139,"hypothesisId":"B","runId":"ipad-fix2"}
{"sessionId":"6c5c15","location":"useEditorController.tsx:textTapDown","message":"global pointerdown","data":{"pointerType":"pen","tracked":true},"timestamp":1787926575641,"hypothesisId":"A","runId":"post-fix"}
{"sessionId":"6c5c15","location":"pageInkDom.ts:resolvePageDomHit","message":"dom hit resolved","data":{"clientX":377,"clientY":281.5,"method":"rect","hitKind":"page","pageId":"7f5bf69a-2d2c-446d-9fdf-f9c07729cb09","localX":800.8334890167093,"localY":540.5837288796287},"timestamp":1787926575642,"hypothesisId":"B","runId":"ipad-fix2"}
{"sessionId":"6c5c15","location":"useEditorController.tsx:createTextEffect","message":"createText effect","data":{"pageId":"7f5bf69a-2d2c-446d-9fdf-f9c07729cb09","x":800.8334890167093,"y":540.5837288796287,"hasTrack":true,"tool":"text","pointerType":"touch"},"timestamp":1787926575642,"hypothesisId":"A,E","runId":"ipad-fix"}
{"sessionId":"6c5c15","location":"pageInkDom.ts:resolvePageDomHit","message":"dom hit resolved","data":{"clientX":375,"clientY":281.5,"method":"rect","hitKind":"pageText","pageId":"7f5bf69a-2d2c-446d-9fdf-f9c07729cb09","localX":795.4399036107296,"localY":540.5837288796287},"timestamp":1787926575650,"hypothesisId":"B","runId":"ipad-fix2"}
{"sessionId":"6c5c15","location":"pageInkDom.ts:resolvePageDomHit","message":"dom hit resolved","data":{"clientX":372.5,"clientY":280.5,"method":"rect","hitKind":"pageText","pageId":"7f5bf69a-2d2c-446d-9fdf-f9c07729cb09","localX":788.6979218532549,"localY":537.8869363071947},"timestamp":1787926575651,"hypothesisId":"B","runId":"ipad-fix2"}
{"sessionId":"6c5c15","location":"pageInkDom.ts:resolvePageDomHit","message":"dom hit resolved","data":{"clientX":370,"clientY":279,"method":"rect","hitKind":"pageText","pageId":"7f5bf69a-2d2c-446d-9fdf-f9c07729cb09","localX":781.9559400957802,"localY":533.8417474485436},"timestamp":1787926575656,"hypothesisId":"B","runId":"ipad-fix2"}
{"sessionId":"6c5c15","location":"pageInkDom.ts:resolvePageDomHit","message":"dom hit resolved","data":{"clientX":370,"clientY":279,"method":"rect","hitKind":"pageText","pageId":"7f5bf69a-2d2c-446d-9fdf-f9c07729cb09","localX":781.9559400957802,"localY":533.8417474485436},"timestamp":1787926575656,"hypothesisId":"B","runId":"ipad-fix2"}
{"sessionId":"6c5c15","location":"pageInkDom.ts:resolvePageDomHit","message":"dom hit resolved","data":{"clientX":370,"clientY":279,"method":"rect","hitKind":"pageText","pageId":"7f5bf69a-2d2c-446d-9fdf-f9c07729cb09","localX":781.9559400957802,"localY":533.8417474485436},"timestamp":1787926575664,"hypothesisId":"B","runId":"ipad-fix2"}
{"sessionId":"6c5c15","location":"pageInkDom.ts:resolvePageDomHit","message":"dom hit resolved","data":{"clientX":370,"clientY":279,"method":"rect","hitKind":"pageText","pageId":"7f5bf69a-2d2c-446d-9fdf-f9c07729cb09","localX":781.9559400957802,"localY":533.8417474485436},"timestamp":1787926575672,"hypothesisId":"B","runId":"ipad-fix2"}
{"sessionId":"6c5c15","location":"pageInkDom.ts:resolvePageDomHit","message":"dom hit resolved","data":{"clientX":370,"clientY":280.5,"method":"rect","hitKind":"pageText","pageId":"7f5bf69a-2d2c-446d-9fdf-f9c07729cb09","localX":781.9559400957802,"localY":537.8869363071947},"timestamp":1787926575680,"hypothesisId":"B","runId":"ipad-fix2"}
{"sessionId":"6c5c15","location":"pageInkDom.ts:resolvePageDomHit","message":"dom hit resolved","data":{"clientX":370,"clientY":280.5,"method":"rect","hitKind":"pageText","pageId":"7f5bf69a-2d2c-446d-9fdf-f9c07729cb09","localX":781.9559400957802,"localY":537.8869363071947},"timestamp":1787926575681,"hypothesisId":"B","runId":"ipad-fix2"}
{"sessionId":"6c5c15","location":"pageInkDom.ts:resolvePageDomHit","message":"dom hit resolved","data":{"clientX":370,"clientY":282,"method":"rect","hitKind":"pageText","pageId":"7f5bf69a-2d2c-446d-9fdf-f9c07729cb09","localX":781.9559400957802,"localY":541.9321251658458},"timestamp":1787926575689,"hypothesisId":"B","runId":"ipad-fix2"}
{"sessionId":"6c5c15","location":"pageInkDom.ts:resolvePageDomHit","message":"dom hit resolved","data":{"clientX":370,"clientY":282,"method":"rect","hitKind":"pageText","pageId":"7f5bf69a-2d2c-446d-9fdf-f9c07729cb09","localX":781.9559400957802,"localY":541.9321251658458},"timestamp":1787926575689,"hypothesisId":"B","runId":"ipad-fix2"}
{"sessionId":"6c5c15","location":"useEditorController.tsx:textTapUp","message":"text tap up","data":{"pointerType":"pen","hasPending":false,"dist":6.800735254367722},"timestamp":1787926575689,"hypothesisId":"A,E","runId":"post-fix2"}
{"sessionId":"6c5c15","location":"pageInkDom.ts:resolvePageDomHit","message":"dom hit resolved","data":{"clientX":370.5,"clientY":283.5,"method":"rect","hitKind":"pageText","pageId":"7f5bf69a-2d2c-446d-9fdf-f9c07729cb09","localX":783.3043364472752,"localY":545.9773140244968},"timestamp":1787926575689,"hypothesisId":"B","runId":"ipad-fix2"}
{"sessionId":"6c5c15","location":"TextEditBar.tsx:handleBlur","message":"textarea blur","data":{"textId":"9adfdbb8-0cf1-40b7-940e-52dfa9c77b8a","draftLen":0,"textareaLen":0,"draftEmpty":true,"textareaEmpty":true},"timestamp":1787926575841,"hypothesisId":"B","runId":"post-fix"}
{"sessionId":"6c5c15","location":"TextEditBar.tsx:runExplicitCommit","message":"commit plan","data":{"textId":"9adfdbb8-0cf1-40b7-940e-52dfa9c77b8a","draftLen":0,"textareaLen":0,"draftMatchTextarea":true,"savedLen":0,"composing":false,"forceOnExplicit":false,"planKind":"skip","planReason":"unchanged"},"timestamp":1787926575841,"hypothesisId":"B,C","runId":"post-fix"}
{"sessionId":"6c5c15","location":"useEditorController.tsx:textTapDown","message":"global pointerdown","data":{"pointerType":"touch","tracked":true},"timestamp":1787926576350,"hypothesisId":"A","runId":"post-fix"}
{"sessionId":"6c5c15","location":"pageInkDom.ts:resolvePageDomHit","message":"dom hit resolved","data":{"clientX":301.5,"clientY":388.5,"method":"rect","hitKind":"page","pageId":"7f5bf69a-2d2c-446d-9fdf-f9c07729cb09","localX":597.2256399409747,"localY":829.1405341300707},"timestamp":1787926576350,"hypothesisId":"B","runId":"ipad-fix2"}
{"sessionId":"6c5c15","location":"pageInkDom.ts:resolvePageDomHit","message":"dom hit resolved","data":{"clientX":312.5,"clientY":391,"method":"rect","hitKind":"page","pageId":"7f5bf69a-2d2c-446d-9fdf-f9c07729cb09","localX":626.8903596738633,"localY":835.8825155611557},"timestamp":1787926576397,"hypothesisId":"B","runId":"ipad-fix2"}
{"sessionId":"6c5c15","location":"pageInkDom.ts:resolvePageDomHit","message":"dom hit resolved","data":{"clientX":312.5,"clientY":391,"method":"rect","hitKind":"page","pageId":"7f5bf69a-2d2c-446d-9fdf-f9c07729cb09","localX":626.8903596738633,"localY":835.8825155611557},"timestamp":1787926576398,"hypothesisId":"B","runId":"ipad-fix2"}
{"sessionId":"6c5c15","location":"pageInkDom.ts:resolvePageDomHit","message":"dom hit resolved","data":{"clientX":318,"clientY":391.5,"method":"rect","hitKind":"page","pageId":"7f5bf69a-2d2c-446d-9fdf-f9c07729cb09","localX":641.7227195403074,"localY":837.2309118473728},"timestamp":1787926576406,"hypothesisId":"B","runId":"ipad-fix2"}
{"sessionId":"6c5c15","location":"pageInkDom.ts:resolvePageDomHit","message":"dom hit resolved","data":{"clientX":327.5,"clientY":392.5,"method":"rect","hitKind":"page","pageId":"7f5bf69a-2d2c-446d-9fdf-f9c07729cb09","localX":622.8451706193785,"localY":831.8373267025048},"timestamp":1787926576414,"hypothesisId":"B","runId":"ipad-fix2"}
{"sessionId":"6c5c15","location":"pageInkDom.ts:resolvePageDomHit","message":"dom hit resolved","data":{"clientX":338,"clientY":394.5,"method":"rect","hitKind":"page","pageId":"7f5bf69a-2d2c-446d-9fdf-f9c07729cb09","localX":625.5418810227864,"localY":834.5341192749388},"timestamp":1787926576422,"hypothesisId":"B","runId":"ipad-fix2"}
{"sessionId":"6c5c15","location":"pageInkDom.ts:resolvePageDomHit","message":"dom hit resolved","data":{"clientX":352.5,"clientY":397,"method":"rect","hitKind":"page","pageId":"7f5bf69a-2d2c-446d-9fdf-f9c07729cb09","localX":636.3290518347458,"localY":835.8825155611557},"timestamp":1787926576430,"hypothesisId":"B","runId":"ipad-fix2"}
{"sessionId":"6c5c15","location":"pageInkDom.ts:resolvePageDomHit","message":"dom hit resolved","data":{"clientX":368.5,"clientY":399,"method":"rect","hitKind":"page","pageId":"7f5bf69a-2d2c-446d-9fdf-f9c07729cb09","localX":640.3742408892305,"localY":834.5341192749388},"timestamp":1787926576439,"hypothesisId":"B","runId":"ipad-fix2"}
{"sessionId":"6c5c15","location":"pageInkDom.ts:resolvePageDomHit","message":"dom hit resolved","data":{"clientX":387.5,"clientY":401,"method":"rect","hitKind":"page","pageId":"7f5bf69a-2d2c-446d-9fdf-f9c07729cb09","localX":648.4646189982001,"localY":834.5341192749388},"timestamp":1787926576447,"hypothesisId":"B","runId":"ipad-fix2"}
{"sessionId":"6c5c15","location":"pageInkDom.ts:resolvePageDomHit","message":"dom hit resolved","data":{"clientX":405,"clientY":403.5,"method":"rect","hitKind":"page","pageId":"7f5bf69a-2d2c-446d-9fdf-f9c07729cb09","localX":644.4194299437153,"localY":835.8825155611557},"timestamp":1787926576456,"hypothesisId":"B","runId":"ipad-fix2"}
{"sessionId":"6c5c15","location":"pageInkDom.ts:resolvePageDomHit","message":"dom hit resolved","data":{"clientX":421,"clientY":406,"method":"rect","hitKind":"page","pageId":"7f5bf69a-2d2c-446d-9fdf-f9c07729cb09","localX":640.3742408892305,"localY":835.8825155611557},"timestamp":1787926576464,"hypothesisId":"B","runId":"ipad-fix2"}
{"sessionId":"6c5c15","location":"pageInkDom.ts:resolvePageDomHit","message":"dom hit resolved","data":{"clientX":441,"clientY":409.5,"method":"rect","hitKind":"page","pageId":"7f5bf69a-2d2c-446d-9fdf-f9c07729cb09","localX":651.1614117011899,"localY":838.5793081335898},"timestamp":1787926576472,"hypothesisId":"B","runId":"ipad-fix2"}
{"sessionId":"6c5c15","location":"pageInkDom.ts:resolvePageDomHit","message":"dom hit resolved","data":{"clientX":460,"clientY":412,"method":"rect","hitKind":"page","pageId":"7f5bf69a-2d2c-446d-9fdf-f9c07729cb09","localX":648.4646189982001,"localY":835.8825155611557},"timestamp":1787926576481,"hypothesisId":"B","runId":"ipad-fix2"}
{"sessionId":"6c5c15","location":"pageInkDom.ts:resolvePageDomHit","message":"dom hit resolved","data":{"clientX":476,"clientY":414,"method":"rect","hitKind":"page","pageId":"7f5bf69a-2d2c-446d-9fdf-f9c07729cb09","localX":640.3742408892305,"localY":834.5341192749388},"timestamp":1787926576489,"hypothesisId":"B","runId":"ipad-fix2"}
{"sessionId":"6c5c15","location":"pageInkDom.ts:resolvePageDomHit","message":"dom hit resolved","data":{"clientX":495,"clientY":415.5,"method":"rect","hitKind":"page","pageId":"7f5bf69a-2d2c-446d-9fdf-f9c07729cb09","localX":648.4646189982001,"localY":833.1857229887217},"timestamp":1787926576497,"hypothesisId":"B","runId":"ipad-fix2"}
{"sessionId":"6c5c15","location":"pageInkDom.ts:resolvePageDomHit","message":"dom hit resolved","data":{"clientX":510,"clientY":416,"method":"rect","hitKind":"page","pageId":"7f5bf69a-2d2c-446d-9fdf-f9c07729cb09","localX":637.677445602209,"localY":830.4889304162878},"timestamp":1787926576506,"hypothesisId":"B","runId":"ipad-fix2"}
{"sessionId":"6c5c15","location":"pageInkDom.ts:resolvePageDomHit","message":"dom hit resolved","data":{"clientX":525.5,"clientY":416,"method":"rect","hitKind":"page","pageId":"7f5bf69a-2d2c-446d-9fdf-f9c07729cb09","localX":639.0258418612268,"localY":829.1405341300707},"timestamp":1787926576514,"hypothesisId":"B","runId":"ipad-fix2"}
{"sessionId":"6c5c15","location":"pageInkDom.ts:resolvePageDomHit","message":"dom hit resolved","data":{"clientX":541,"clientY":416,"method":"rect","hitKind":"page","pageId":"7f5bf69a-2d2c-446d-9fdf-f9c07729cb09","localX":639.0258418612268,"localY":829.1405341300707},"timestamp":1787926576522,"hypothesisId":"B","runId":"ipad-fix2"}
{"sessionId":"6c5c15","location":"pageInkDom.ts:resolvePageDomHit","message":"dom hit resolved","data":{"clientX":555,"clientY":416,"method":"rect","hitKind":"page","pageId":"7f5bf69a-2d2c-446d-9fdf-f9c07729cb09","localX":634.9806530841731,"localY":829.1405341300707},"timestamp":1787926576531,"hypothesisId":"B","runId":"ipad-fix2"}
{"sessionId":"6c5c15","location":"pageInkDom.ts:resolvePageDomHit","message":"dom hit resolved","data":{"clientX":569,"clientY":416,"method":"rect","hitKind":"page","pageId":"7f5bf69a-2d2c-446d-9fdf-f9c07729cb09","localX":634.9806530841731,"localY":829.1405341300707},"timestamp":1787926576539,"hypothesisId":"B","runId":"ipad-fix2"}
{"sessionId":"6c5c15","location":"pageInkDom.ts:resolvePageDomHit","message":"dom hit resolved","data":{"clientX":582,"clientY":416,"method":"rect","hitKind":"page","pageId":"7f5bf69a-2d2c-446d-9fdf-f9c07729cb09","localX":632.2838605661375,"localY":829.1405341300707},"timestamp":1787926576547,"hypothesisId":"B","runId":"ipad-fix2"}
{"sessionId":"6c5c15","location":"pageInkDom.ts:resolvePageDomHit","message":"dom hit resolved","data":{"clientX":594,"clientY":416,"method":"rect","hitKind":"page","pageId":"7f5bf69a-2d2c-446d-9fdf-f9c07729cb09","localX":629.5871544060285,"localY":829.1405341300707},"timestamp":1787926576556,"hypothesisId":"B","runId":"ipad-fix2"}
{"sessionId":"6c5c15","location":"pageInkDom.ts:resolvePageDomHit","message":"dom hit resolved","data":{"clientX":604.5,"clientY":416.5,"method":"rect","hitKind":"page","pageId":"7f5bf69a-2d2c-446d-9fdf-f9c07729cb09","localX":625.5419650741125,"localY":830.4889304162878},"timestamp":1787926576564,"hypothesisId":"B","runId":"ipad-fix2"}
{"sessionId":"6c5c15","location":"pageInkDom.ts:resolvePageDomHit","message":"dom hit resolved","data":{"clientX":616,"clientY":419,"method":"rect","hitKind":"page","pageId":"7f5bf69a-2d2c-446d-9fdf-f9c07729cb09","localX":628.2387579620565,"localY":835.8825155611557},"timestamp":1787926576572,"hypothesisId":"B","runId":"ipad-fix2"}
{"sessionId":"6c5c15","location":"pageInkDom.ts:resolvePageDomHit","message":"dom hit resolved","data":{"clientX":626.5,"clientY":422,"method":"rect","hitKind":"page","pageId":"7f5bf69a-2d2c-446d-9fdf-f9c07729cb09","localX":625.5419650741125,"localY":837.2309118473728},"timestamp":1787926576581,"hypothesisId":"B","runId":"ipad-fix2"}
{"sessionId":"6c5c15","location":"pageInkDom.ts:resolvePageDomHit","message":"dom hit resolved","data":{"clientX":636.5,"clientY":426,"method":"rect","hitKind":"page","pageId":"7f5bf69a-2d2c-446d-9fdf-f9c07729cb09","localX":624.1935686301405,"localY":839.9277044198069},"timestamp":1787926576589,"hypothesisId":"B","runId":"ipad-fix2"}
{"sessionId":"6c5c15","location":"pageInkDom.ts:resolvePageDomHit","message":"dom hit resolved","data":{"clientX":646,"clientY":429,"method":"rect","hitKind":"page","pageId":"7f5bf69a-2d2c-446d-9fdf-f9c07729cb09","localX":622.8451721861686,"localY":837.2309118473728},"timestamp":1787926576597,"hypothesisId":"B","runId":"ipad-fix2"}
{"sessionId":"6c5c15","location":"pageInkDom.ts:resolvePageDomHit","message":"dom hit resolved","data":{"clientX":654.5,"clientY":433,"method":"rect","hitKind":"page","pageId":"7f5bf69a-2d2c-446d-9fdf-f9c07729cb09","localX":620.1483792982245,"localY":839.9277044198069},"timestamp":1787926576606,"hypothesisId":"B","runId":"ipad-fix2"}
{"sessionId":"6c5c15","location":"pageInkDom.ts:resolvePageDomHit","message":"dom hit resolved","data":{"clientX":661.5,"clientY":436.5,"method":"rect","hitKind":"page","pageId":"7f5bf69a-2d2c-446d-9fdf-f9c07729cb09","localX":616.1031899663087,"localY":838.5793081335898},"timestamp":1787926576614,"hypothesisId":"B","runId":"ipad-fix2"}
{"sessionId":"6c5c15","location":"pageInkDom.ts:resolvePageDomHit","message":"dom hit resolved","data":{"clientX":669,"clientY":440.5,"method":"rect","hitKind":"page","pageId":"7f5bf69a-2d2c-446d-9fdf-f9c07729cb09","localX":617.4515864102806,"localY":839.9277651692661},"timestamp":1787926576622,"hypothesisId":"B","runId":"ipad-fix2"}
{"sessionId":"6c5c15","location":"pageInkDom.ts:resolvePageDomHit","message":"dom hit resolved","data":{"clientX":675,"clientY":443,"method":"rect","hitKind":"page","pageId":"7f5bf69a-2d2c-446d-9fdf-f9c07729cb09","localX":613.4063970783646,"localY":835.8825759189475},"timestamp":1787926576631,"hypothesisId":"B","runId":"ipad-fix2"}
{"sessionId":"6c5c15","location":"pageInkDom.ts:resolvePageDomHit","message":"dom hit resolved","data":{"clientX":680,"clientY":445.5,"method":"rect","hitKind":"page","pageId":"7f5bf69a-2d2c-446d-9fdf-f9c07729cb09","localX":610.7096041904207,"localY":835.8825759189475},"timestamp":1787926576639,"hypothesisId":"B","runId":"ipad-fix2"}
{"sessionId":"6c5c15","location":"pageInkDom.ts:resolvePageDomHit","message":"dom hit resolved","data":{"clientX":684.5,"clientY":448,"method":"rect","hitKind":"page","pageId":"7f5bf69a-2d2c-446d-9fdf-f9c07729cb09","localX":609.3612077464487,"localY":835.8825759189475},"timestamp":1787926576647,"hypothesisId":"B","runId":"ipad-fix2"}
{"sessionId":"6c5c15","location":"pageInkDom.ts:resolvePageDomHit","message":"dom hit resolved","data":{"clientX":688.5,"clientY":450,"method":"rect","hitKind":"page","pageId":"7f5bf69a-2d2c-446d-9fdf-f9c07729cb09","localX":608.0128113024766,"localY":834.5341795021747},"timestamp":1787926576656,"hypothesisId":"B","runId":"ipad-fix2"}
{"sessionId":"6c5c15","location":"pageInkDom.ts:resolvePageDomHit","message":"dom hit resolved","data":{"clientX":692.5,"clientY":452,"method":"rect","hitKind":"page","pageId":"7f5bf69a-2d2c-446d-9fdf-f9c07729cb09","localX":608.0128113024766,"localY":834.5341795021747},"timestamp":1787926576664,"hypothesisId":"B","runId":"ipad-fix2"}
{"sessionId":"6c5c15","location":"pageInkDom.ts:resolvePageDomHit","message":"dom hit resolved","data":{"clientX":695.5,"clientY":453.5,"method":"rect","hitKind":"page","pageId":"7f5bf69a-2d2c-446d-9fdf-f9c07729cb09","localX":605.3160184145328,"localY":833.1857830854018},"timestamp":1787926576673,"hypothesisId":"B","runId":"ipad-fix2"}
{"sessionId":"6c5c15","location":"pageInkDom.ts:resolvePageDomHit","message":"dom hit resolved","data":{"clientX":698,"clientY":455,"method":"rect","hitKind":"page","pageId":"7f5bf69a-2d2c-446d-9fdf-f9c07729cb09","localX":603.9676219705608,"localY":833.1857830854018},"timestamp":1787926576681,"hypothesisId":"B","runId":"ipad-fix2"}
{"sessionId":"6c5c15","location":"pageInkDom.ts:resolvePageDomHit","message":"dom hit resolved","data":{"clientX":700.5,"clientY":457,"method":"rect","hitKind":"page","pageId":"7f5bf69a-2d2c-446d-9fdf-f9c07729cb09","localX":603.9676219705608,"localY":834.5341795021747},"timestamp":1787926576689,"hypothesisId":"B","runId":"ipad-fix2"}
{"sessionId":"6c5c15","location":"pageInkDom.ts:resolvePageDomHit","message":"dom hit resolved","data":{"clientX":702.5,"clientY":458,"method":"rect","hitKind":"page","pageId":"7f5bf69a-2d2c-446d-9fdf-f9c07729cb09","localX":602.6192255265887,"localY":831.8373866686289},"timestamp":1787926576698,"hypothesisId":"B","runId":"ipad-fix2"}
{"sessionId":"6c5c15","location":"pageInkDom.ts:resolvePageDomHit","message":"dom hit resolved","data":{"clientX":704.5,"clientY":460.5,"method":"rect","hitKind":"page","pageId":"7f5bf69a-2d2c-446d-9fdf-f9c07729cb09","localX":602.6192255265887,"localY":835.8825759189475},"timestamp":1787926576706,"hypothesisId":"B","runId":"ipad-fix2"}
{"sessionId":"6c5c15","location":"pageInkDom.ts:resolvePageDomHit","message":"dom hit resolved","data":{"clientX":705.5,"clientY":462.5,"method":"rect","hitKind":"page","pageId":"7f5bf69a-2d2c-446d-9fdf-f9c07729cb09","localX":599.922350349708,"localY":834.5341795021747},"timestamp":1787926576714,"hypothesisId":"B","runId":"ipad-fix2"}
{"sessionId":"6c5c15","location":"pageInkDom.ts:resolvePageDomHit","message":"dom hit resolved","data":{"clientX":706.5,"clientY":464.5,"method":"rect","hitKind":"page","pageId":"7f5bf69a-2d2c-446d-9fdf-f9c07729cb09","localX":599.922350349708,"localY":834.5341795021747},"timestamp":1787926576722,"hypothesisId":"B","runId":"ipad-fix2"}
{"sessionId":"6c5c15","location":"pageInkDom.ts:resolvePageDomHit","message":"dom hit resolved","data":{"clientX":707.5,"clientY":467,"method":"rect","hitKind":"page","pageId":"7f5bf69a-2d2c-446d-9fdf-f9c07729cb09","localX":599.922350349708,"localY":835.8825759189475},"timestamp":1787926576731,"hypothesisId":"B","runId":"ipad-fix2"}
{"sessionId":"6c5c15","location":"pageInkDom.ts:resolvePageDomHit","message":"dom hit resolved","data":{"clientX":707.5,"clientY":469.5,"method":"rect","hitKind":"page","pageId":"7f5bf69a-2d2c-446d-9fdf-f9c07729cb09","localX":597.2255578316723,"localY":835.8825759189475},"timestamp":1787926576739,"hypothesisId":"B","runId":"ipad-fix2"}
{"sessionId":"6c5c15","location":"pageInkDom.ts:resolvePageDomHit","message":"dom hit resolved","data":{"clientX":708,"clientY":471.5,"method":"rect","hitKind":"page","pageId":"7f5bf69a-2d2c-446d-9fdf-f9c07729cb09","localX":598.5739540906901,"localY":834.5341795021747},"timestamp":1787926576747,"hypothesisId":"B","runId":"ipad-fix2"}
{"sessionId":"6c5c15","location":"pageInkDom.ts:resolvePageDomHit","message":"dom hit resolved","data":{"clientX":708.5,"clientY":474,"method":"rect","hitKind":"page","pageId":"7f5bf69a-2d2c-446d-9fdf-f9c07729cb09","localX":598.5739540906901,"localY":835.8825759189475},"timestamp":1787926576756,"hypothesisId":"B","runId":"ipad-fix2"}
{"sessionId":"6c5c15","location":"pageInkDom.ts:resolvePageDomHit","message":"dom hit resolved","data":{"clientX":708.5,"clientY":476,"method":"rect","hitKind":"page","pageId":"7f5bf69a-2d2c-446d-9fdf-f9c07729cb09","localX":597.2255578316723,"localY":834.5341795021747},"timestamp":1787926576764,"hypothesisId":"B","runId":"ipad-fix2"}
{"sessionId":"6c5c15","location":"pageInkDom.ts:resolvePageDomHit","message":"dom hit resolved","data":{"clientX":708.5,"clientY":478,"method":"rect","hitKind":"page","pageId":"7f5bf69a-2d2c-446d-9fdf-f9c07729cb09","localX":597.2255578316723,"localY":834.5341795021747},"timestamp":1787926576773,"hypothesisId":"B","runId":"ipad-fix2"}
{"sessionId":"6c5c15","location":"pageInkDom.ts:resolvePageDomHit","message":"dom hit resolved","data":{"clientX":708.5,"clientY":479.5,"method":"rect","hitKind":"page","pageId":"7f5bf69a-2d2c-446d-9fdf-f9c07729cb09","localX":597.2255578316723,"localY":833.1857830854018},"timestamp":1787926576781,"hypothesisId":"B","runId":"ipad-fix2"}
{"sessionId":"6c5c15","location":"pageInkDom.ts:resolvePageDomHit","message":"dom hit resolved","data":{"clientX":708.5,"clientY":481.5,"method":"rect","hitKind":"page","pageId":"7f5bf69a-2d2c-446d-9fdf-f9c07729cb09","localX":597.2255578316723,"localY":834.5341795021747},"timestamp":1787926576789,"hypothesisId":"B","runId":"ipad-fix2"}
{"sessionId":"6c5c15","location":"pageInkDom.ts:resolvePageDomHit","message":"dom hit resolved","data":{"clientX":707.5,"clientY":482,"method":"rect","hitKind":"page","pageId":"7f5bf69a-2d2c-446d-9fdf-f9c07729cb09","localX":594.5287653136364,"localY":830.4889902518561},"timestamp":1787926576798,"hypothesisId":"B","runId":"ipad-fix2"}
{"sessionId":"6c5c15","location":"pageInkDom.ts:resolvePageDomHit","message":"dom hit resolved","data":{"clientX":707,"clientY":483.5,"method":"rect","hitKind":"page","pageId":"7f5bf69a-2d2c-446d-9fdf-f9c07729cb09","localX":595.8771615726544,"localY":833.1857830854018},"timestamp":1787926576806,"hypothesisId":"B","runId":"ipad-fix2"}
{"sessionId":"6c5c15","location":"pageInkDom.ts:resolvePageDomHit","message":"dom hit resolved","data":{"clientX":706,"clientY":484,"method":"rect","hitKind":"page","pageId":"7f5bf69a-2d2c-446d-9fdf-f9c07729cb09","localX":594.5287653136364,"localY":830.4889902518561},"timestamp":1787926576814,"hypothesisId":"B","runId":"ipad-fix2"}
{"sessionId":"6c5c15","location":"pageInkDom.ts:resolvePageDomHit","message":"dom hit resolved","data":{"clientX":705,"clientY":485.5,"method":"rect","hitKind":"page","pageId":"7f5bf69a-2d2c-446d-9fdf-f9c07729cb09","localX":594.5287653136364,"localY":833.1857830854018},"timestamp":1787926576823,"hypothesisId":"B","runId":"ipad-fix2"}
{"sessionId":"6c5c15","location":"pageInkDom.ts:resolvePageDomHit","message":"dom hit resolved","data":{"clientX":705,"clientY":486.5,"method":"rect","hitKind":"page","pageId":"7f5bf69a-2d2c-446d-9fdf-f9c07729cb09","localX":597.2255578316723,"localY":831.8373866686289},"timestamp":1787926576831,"hypothesisId":"B","runId":"ipad-fix2"}
{"sessionId":"6c5c15","location":"pageInkDom.ts:resolvePageDomHit","message":"dom hit resolved","data":{"clientX":704.5,"clientY":487,"method":"rect","hitKind":"page","pageId":"7f5bf69a-2d2c-446d-9fdf-f9c07729cb09","localX":595.8771615726544,"localY":830.4889902518561},"timestamp":1787926576839,"hypothesisId":"B","runId":"ipad-fix2"}
{"sessionId":"6c5c15","location":"pageInkDom.ts:resolvePageDomHit","message":"dom hit resolved","data":{"clientX":704.5,"clientY":488,"method":"rect","hitKind":"page","pageId":"7f5bf69a-2d2c-446d-9fdf-f9c07729cb09","localX":597.2255578316723,"localY":831.8373866686289},"timestamp":1787926576848,"hypothesisId":"B","runId":"ipad-fix2"}
{"sessionId":"6c5c15","location":"pageInkDom.ts:resolvePageDomHit","message":"dom hit resolved","data":{"clientX":704,"clientY":489,"method":"rect","hitKind":"page","pageId":"7f5bf69a-2d2c-446d-9fdf-f9c07729cb09","localX":595.8771615726544,"localY":831.8373866686289},"timestamp":1787926576856,"hypothesisId":"B","runId":"ipad-fix2"}
{"sessionId":"6c5c15","location":"pageInkDom.ts:resolvePageDomHit","message":"dom hit resolved","data":{"clientX":703,"clientY":489,"method":"rect","hitKind":"page","pageId":"7f5bf69a-2d2c-446d-9fdf-f9c07729cb09","localX":594.5287653136364,"localY":829.1405938350833},"timestamp":1787926576864,"hypothesisId":"B","runId":"ipad-fix2"}
{"sessionId":"6c5c15","location":"pageInkDom.ts:resolvePageDomHit","message":"dom hit resolved","data":{"clientX":702,"clientY":490,"method":"rect","hitKind":"page","pageId":"7f5bf69a-2d2c-446d-9fdf-f9c07729cb09","localX":594.5288468627568,"localY":831.8373866686289},"timestamp":1787926576873,"hypothesisId":"B","runId":"ipad-fix2"}
{"sessionId":"6c5c15","location":"pageInkDom.ts:resolvePageDomHit","message":"dom hit resolved","data":{"clientX":700,"clientY":491,"method":"rect","hitKind":"page","pageId":"7f5bf69a-2d2c-446d-9fdf-f9c07729cb09","localX":591.8320539748129,"localY":831.8373866686289},"timestamp":1787926576881,"hypothesisId":"B","runId":"ipad-fix2"}
{"sessionId":"6c5c15","location":"pageInkDom.ts:resolvePageDomHit","message":"dom hit resolved","data":{"clientX":697.5,"clientY":491.5,"method":"rect","hitKind":"page","pageId":"7f5bf69a-2d2c-446d-9fdf-f9c07729cb09","localX":590.4836575308409,"localY":830.4889902518561},"timestamp":1787926576889,"hypothesisId":"B","runId":"ipad-fix2"}
{"sessionId":"6c5c15","location":"pageInkDom.ts:resolvePageDomHit","message":"dom hit resolved","data":{"clientX":694,"clientY":492,"method":"rect","hitKind":"page","pageId":"7f5bf69a-2d2c-446d-9fdf-f9c07729cb09","localX":587.786864642897,"localY":830.4889902518561},"timestamp":1787926576898,"hypothesisId":"B","runId":"ipad-fix2"}
{"sessionId":"6c5c15","location":"pageInkDom.ts:resolvePageDomHit","message":"dom hit resolved","data":{"clientX":690,"clientY":493.5,"method":"rect","hitKind":"page","pageId":"7f5bf69a-2d2c-446d-9fdf-f9c07729cb09","localX":586.438468198925,"localY":833.1857830854018},"timestamp":1787926576906,"hypothesisId":"B","runId":"ipad-fix2"}
{"sessionId":"6c5c15","location":"pageInkDom.ts:resolvePageDomHit","message":"dom hit resolved","data":{"clientX":685,"clientY":494,"method":"rect","hitKind":"page","pageId":"7f5bf69a-2d2c-446d-9fdf-f9c07729cb09","localX":583.741675310981,"localY":830.4889902518561},"timestamp":1787926576914,"hypothesisId":"B","runId":"ipad-fix2"}
{"sessionId":"6c5c15","location":"pageInkDom.ts:resolvePageDomHit","message":"dom hit resolved","data":{"clientX":678.5,"clientY":496,"method":"rect","hitKind":"page","pageId":"7f5bf69a-2d2c-446d-9fdf-f9c07729cb09","localX":579.6964859790651,"localY":834.5341795021747},"timestamp":1787926576923,"hypothesisId":"B","runId":"ipad-fix2"}
{"sessionId":"6c5c15","location":"pageInkDom.ts:resolvePageDomHit","message":"dom hit resolved","data":{"clientX":672,"clientY":497.5,"method":"rect","hitKind":"page","pageId":"7f5bf69a-2d2c-446d-9fdf-f9c07729cb09","localX":579.6964859790651,"localY":833.1857830854018},"timestamp":1787926576931,"hypothesisId":"B","runId":"ipad-fix2"}
{"sessionId":"6c5c15","location":"pageInkDom.ts:resolvePageDomHit","message":"dom hit resolved","data":{"clientX":665.5,"clientY":499,"method":"rect","hitKind":"page","pageId":"7f5bf69a-2d2c-446d-9fdf-f9c07729cb09","localX":579.6964859790651,"localY":833.1857435636163},"timestamp":1787926576939,"hypothesisId":"B","runId":"ipad-fix2"}
{"sessionId":"6c5c15","location":"pageInkDom.ts:resolvePageDomHit","message":"dom hit resolved","data":{"clientX":658,"clientY":501,"method":"rect","hitKind":"page","pageId":"7f5bf69a-2d2c-446d-9fdf-f9c07729cb09","localX":576.9996930911211,"localY":834.5341398498333},"timestamp":1787926576948,"hypothesisId":"B","runId":"ipad-fix2"}
{"sessionId":"6c5c15","location":"pageInkDom.ts:resolvePageDomHit","message":"dom hit resolved","data":{"clientX":650,"clientY":503.5,"method":"rect","hitKind":"page","pageId":"7f5bf69a-2d2c-446d-9fdf-f9c07729cb09","localX":575.651296647149,"localY":835.8825361360504},"timestamp":1787926576956,"hypothesisId":"B","runId":"ipad-fix2"}
{"sessionId":"6c5c15","location":"pageInkDom.ts:resolvePageDomHit","message":"dom hit resolved","data":{"clientX":641.5,"clientY":506,"method":"rect","hitKind":"page","pageId":"7f5bf69a-2d2c-446d-9fdf-f9c07729cb09","localX":574.3029002031772,"localY":835.8825361360504},"timestamp":1787926576964,"hypothesisId":"B","runId":"ipad-fix2"}
{"sessionId":"6c5c15","location":"pageInkDom.ts:resolvePageDomHit","message":"dom hit resolved","data":{"clientX":633,"clientY":508.5,"method":"rect","hitKind":"page","pageId":"7f5bf69a-2d2c-446d-9fdf-f9c07729cb09","localX":574.3029002031772,"localY":835.8825361360504},"timestamp":1787926576973,"hypothesisId":"B","runId":"ipad-fix2"}
{"sessionId":"6c5c15","location":"pageInkDom.ts:resolvePageDomHit","message":"dom hit resolved","data":{"clientX":623.5,"clientY":511,"method":"rect","hitKind":"page","pageId":"7f5bf69a-2d2c-446d-9fdf-f9c07729cb09","localX":571.6061073152331,"localY":835.8825361360504},"timestamp":1787926576981,"hypothesisId":"B","runId":"ipad-fix2"}
{"sessionId":"6c5c15","location":"pageInkDom.ts:resolvePageDomHit","message":"dom hit resolved","data":{"clientX":614,"clientY":513.5,"method":"rect","hitKind":"page","pageId":"7f5bf69a-2d2c-446d-9fdf-f9c07729cb09","localX":571.6061073152331,"localY":835.8825361360504},"timestamp":1787926576989,"hypothesisId":"B","runId":"ipad-fix2"}
{"sessionId":"6c5c15","location":"pageInkDom.ts:resolvePageDomHit","message":"dom hit resolved","data":{"clientX":604,"clientY":516,"method":"rect","hitKind":"page","pageId":"7f5bf69a-2d2c-446d-9fdf-f9c07729cb09","localX":570.2577108712612,"localY":835.8825361360504},"timestamp":1787926576998,"hypothesisId":"B","runId":"ipad-fix2"}
{"sessionId":"6c5c15","location":"pageInkDom.ts:resolvePageDomHit","message":"dom hit resolved","data":{"clientX":593.5,"clientY":518,"method":"rect","hitKind":"page","pageId":"7f5bf69a-2d2c-446d-9fdf-f9c07729cb09","localX":568.9093144272891,"localY":834.5341398498333},"timestamp":1787926577006,"hypothesisId":"B","runId":"ipad-fix2"}
{"sessionId":"6c5c15","location":"pageInkDom.ts:resolvePageDomHit","message":"dom hit resolved","data":{"clientX":582.5,"clientY":519.5,"method":"rect","hitKind":"page","pageId":"7f5bf69a-2d2c-446d-9fdf-f9c07729cb09","localX":567.5609179833172,"localY":833.1857435636163},"timestamp":1787926577014,"hypothesisId":"B","runId":"ipad-fix2"}
{"sessionId":"6c5c15","location":"pageInkDom.ts:resolvePageDomHit","message":"dom hit resolved","data":{"clientX":571.5,"clientY":520.5,"method":"rect","hitKind":"page","pageId":"7f5bf69a-2d2c-446d-9fdf-f9c07729cb09","localX":567.5609179833172,"localY":831.8373472773992},"timestamp":1787926577022,"hypothesisId":"B","runId":"ipad-fix2"}
{"sessionId":"6c5c15","location":"pageInkDom.ts:resolvePageDomHit","message":"dom hit resolved","data":{"clientX":560.5,"clientY":521.5,"method":"rect","hitKind":"page","pageId":"7f5bf69a-2d2c-446d-9fdf-f9c07729cb09","localX":567.5608401332787,"localY":831.8373472773992},"timestamp":1787926577031,"hypothesisId":"B","runId":"ipad-fix2"}
{"sessionId":"6c5c15","location":"pageInkDom.ts:resolvePageDomHit","message":"dom hit resolved","data":{"clientX":549,"clientY":522,"method":"rect","hitKind":"page","pageId":"7f5bf69a-2d2c-446d-9fdf-f9c07729cb09","localX":566.2124438742608,"localY":830.4889509911823},"timestamp":1787926577039,"hypothesisId":"B","runId":"ipad-fix2"}
{"sessionId":"6c5c15","location":"pageInkDom.ts:resolvePageDomHit","message":"dom hit resolved","data":{"clientX":537.5,"clientY":522,"method":"rect","hitKind":"page","pageId":"7f5bf69a-2d2c-446d-9fdf-f9c07729cb09","localX":566.2124438742608,"localY":829.1405547049652},"timestamp":1787926577048,"hypothesisId":"B","runId":"ipad-fix2"}
{"sessionId":"6c5c15","location":"pageInkDom.ts:resolvePageDomHit","message":"dom hit resolved","data":{"clientX":525.5,"clientY":522,"method":"rect","hitKind":"page","pageId":"7f5bf69a-2d2c-446d-9fdf-f9c07729cb09","localX":564.864047615243,"localY":829.1405547049652},"timestamp":1787926577056,"hypothesisId":"B","runId":"ipad-fix2"}
{"sessionId":"6c5c15","location":"pageInkDom.ts:resolvePageDomHit","message":"dom hit resolved","data":{"clientX":514.5,"clientY":522,"method":"rect","hitKind":"page","pageId":"7f5bf69a-2d2c-446d-9fdf-f9c07729cb09","localX":567.5608401332787,"localY":829.1405547049652},"timestamp":1787926577064,"hypothesisId":"B","runId":"ipad-fix2"}
{"sessionId":"6c5c15","location":"pageInkDom.ts:resolvePageDomHit","message":"dom hit resolved","data":{"clientX":503,"clientY":522,"method":"rect","hitKind":"page","pageId":"7f5bf69a-2d2c-446d-9fdf-f9c07729cb09","localX":566.2124438742608,"localY":829.1405547049652},"timestamp":1787926577073,"hypothesisId":"B","runId":"ipad-fix2"}
{"sessionId":"6c5c15","location":"pageInkDom.ts:resolvePageDomHit","message":"dom hit resolved","data":{"clientX":492.5,"clientY":521.5,"method":"rect","hitKind":"page","pageId":"7f5bf69a-2d2c-446d-9fdf-f9c07729cb09","localX":568.9092363922965,"localY":827.7921584187482},"timestamp":1787926577081,"hypothesisId":"B","runId":"ipad-fix2"}
{"sessionId":"6c5c15","location":"pageInkDom.ts:resolvePageDomHit","message":"dom hit resolved","data":{"clientX":481.5,"clientY":521,"method":"rect","hitKind":"page","pageId":"7f5bf69a-2d2c-446d-9fdf-f9c07729cb09","localX":567.5608401332787,"localY":827.7921584187482},"timestamp":1787926577089,"hypothesisId":"B","runId":"ipad-fix2"}
{"sessionId":"6c5c15","location":"pageInkDom.ts:resolvePageDomHit","message":"dom hit resolved","data":{"clientX":471.5,"clientY":520,"method":"rect","hitKind":"page","pageId":"7f5bf69a-2d2c-446d-9fdf-f9c07729cb09","localX":570.2576326513145,"localY":826.4437621325312},"timestamp":1787926577098,"hypothesisId":"B","runId":"ipad-fix2"}
{"sessionId":"6c5c15","location":"pageInkDom.ts:resolvePageDomHit","message":"dom hit resolved","data":{"clientX":461,"clientY":519,"method":"rect","hitKind":"page","pageId":"7f5bf69a-2d2c-446d-9fdf-f9c07729cb09","localX":568.9092342599993,"localY":826.4437621325312},"timestamp":1787926577106,"hypothesisId":"B","runId":"ipad-fix2"}
{"sessionId":"6c5c15","location":"pageInkDom.ts:resolvePageDomHit","message":"dom hit resolved","data":{"clientX":450.5,"clientY":517.5,"method":"rect","hitKind":"page","pageId":"7f5bf69a-2d2c-446d-9fdf-f9c07729cb09","localX":568.9092342599993,"localY":825.0953658463142},"timestamp":1787926577114,"hypothesisId":"B","runId":"ipad-fix2"}
{"sessionId":"6c5c15","location":"pageInkDom.ts:resolvePageDomHit","message":"dom hit resolved","data":{"clientX":440.5,"clientY":516.5,"method":"rect","hitKind":"page","pageId":"7f5bf69a-2d2c-446d-9fdf-f9c07729cb09","localX":570.2576306114942,"localY":826.4437621325312},"timestamp":1787926577123,"hypothesisId":"B","runId":"ipad-fix2"}
{"sessionId":"6c5c15","location":"pageInkDom.ts:resolvePageDomHit","message":"dom hit resolved","data":{"clientX":431,"clientY":515,"method":"rect","hitKind":"page","pageId":"7f5bf69a-2d2c-446d-9fdf-f9c07729cb09","localX":571.6060269629891,"localY":825.0953658463142},"timestamp":1787926577131,"hypothesisId":"B","runId":"ipad-fix2"}
{"sessionId":"6c5c15","location":"pageInkDom.ts:resolvePageDomHit","message":"dom hit resolved","data":{"clientX":421.5,"clientY":513.5,"method":"rect","hitKind":"page","pageId":"7f5bf69a-2d2c-446d-9fdf-f9c07729cb09","localX":571.6060269629891,"localY":825.0953658463142},"timestamp":1787926577139,"hypothesisId":"B","runId":"ipad-fix2"}
{"sessionId":"6c5c15","location":"pageInkDom.ts:resolvePageDomHit","message":"dom hit resolved","data":{"clientX":413,"clientY":511,"method":"rect","hitKind":"page","pageId":"7f5bf69a-2d2c-446d-9fdf-f9c07729cb09","localX":574.302819665979,"localY":822.3985732738801},"timestamp":1787926577148,"hypothesisId":"B","runId":"ipad-fix2"}
{"sessionId":"6c5c15","location":"pageInkDom.ts:resolvePageDomHit","message":"dom hit resolved","data":{"clientX":405.5,"clientY":509.5,"method":"rect","hitKind":"page","pageId":"7f5bf69a-2d2c-446d-9fdf-f9c07729cb09","localX":576.9996123689688,"localY":825.0953658463142},"timestamp":1787926577156,"hypothesisId":"B","runId":"ipad-fix2"}
{"sessionId":"6c5c15","location":"pageInkDom.ts:resolvePageDomHit","message":"dom hit resolved","data":{"clientX":396.5,"clientY":506.5,"method":"rect","hitKind":"page","pageId":"7f5bf69a-2d2c-446d-9fdf-f9c07729cb09","localX":572.954423314484,"localY":821.0501769876631},"timestamp":1787926577165,"hypothesisId":"B","runId":"ipad-fix2"}
{"sessionId":"6c5c15","location":"pageInkDom.ts:resolvePageDomHit","message":"dom hit resolved","data":{"clientX":389.5,"clientY":504,"method":"rect","hitKind":"page","pageId":"7f5bf69a-2d2c-446d-9fdf-f9c07729cb09","localX":578.3480087204637,"localY":822.3985732738801},"timestamp":1787926577175,"hypothesisId":"B","runId":"ipad-fix2"}
{"sessionId":"6c5c15","location":"pageInkDom.ts:resolvePageDomHit","message":"dom hit resolved","data":{"clientX":382.5,"clientY":501,"method":"rect","hitKind":"page","pageId":"7f5bf69a-2d2c-446d-9fdf-f9c07729cb09","localX":578.3480087204637,"localY":821.0501769876631},"timestamp":1787926577181,"hypothesisId":"B","runId":"ipad-fix2"}
{"sessionId":"6c5c15","location":"pageInkDom.ts:resolvePageDomHit","message":"dom hit resolved","data":{"clientX":376,"clientY":498,"method":"rect","hitKind":"page","pageId":"7f5bf69a-2d2c-446d-9fdf-f9c07729cb09","localX":579.6964050719587,"localY":821.0501769876631},"timestamp":1787926577189,"hypothesisId":"B","runId":"ipad-fix2"}
{"sessionId":"6c5c15","location":"pageInkDom.ts:resolvePageDomHit","message":"dom hit resolved","data":{"clientX":370.5,"clientY":494,"method":"rect","hitKind":"page","pageId":"7f5bf69a-2d2c-446d-9fdf-f9c07729cb09","localX":582.3931977749485,"localY":818.3533844152291},"timestamp":1787926577198,"hypothesisId":"B","runId":"ipad-fix2"}
{"sessionId":"6c5c15","location":"pageInkDom.ts:resolvePageDomHit","message":"dom hit resolved","data":{"clientX":366,"clientY":491.5,"method":"rect","hitKind":"page","pageId":"7f5bf69a-2d2c-446d-9fdf-f9c07729cb09","localX":585.0899904779384,"localY":822.398611751219},"timestamp":1787926577206,"hypothesisId":"B","runId":"ipad-fix2"}
{"sessionId":"6c5c15","location":"pageInkDom.ts:resolvePageDomHit","message":"dom hit resolved","data":{"clientX":361.5,"clientY":488,"method":"rect","hitKind":"page","pageId":"7f5bf69a-2d2c-446d-9fdf-f9c07729cb09","localX":585.0899904779384,"localY":819.7018189176733},"timestamp":1787926577215,"hypothesisId":"B","runId":"ipad-fix2"}
{"sessionId":"6c5c15","location":"pageInkDom.ts:resolvePageDomHit","message":"dom hit resolved","data":{"clientX":356.5,"clientY":484.5,"method":"rect","hitKind":"page","pageId":"7f5bf69a-2d2c-446d-9fdf-f9c07729cb09","localX":583.7415941264435,"localY":819.7018189176733},"timestamp":1787926577223,"hypothesisId":"B","runId":"ipad-fix2"}
{"sessionId":"6c5c15","location":"pageInkDom.ts:resolvePageDomHit","message":"dom hit resolved","data":{"clientX":352.5,"clientY":481.5,"method":"rect","hitKind":"page","pageId":"7f5bf69a-2d2c-446d-9fdf-f9c07729cb09","localX":586.4383868294333,"localY":821.0502153344462},"timestamp":1787926577231,"hypothesisId":"B","runId":"ipad-fix2"}
{"sessionId":"6c5c15","location":"pageInkDom.ts:resolvePageDomHit","message":"dom hit resolved","data":{"clientX":349,"clientY":479,"method":"rect","hitKind":"page","pageId":"7f5bf69a-2d2c-446d-9fdf-f9c07729cb09","localX":587.7867831809282,"localY":822.398611751219},"timestamp":1787926577239,"hypothesisId":"B","runId":"ipad-fix2"}
{"sessionId":"6c5c15","location":"pageInkDom.ts:resolvePageDomHit","message":"dom hit resolved","data":{"clientX":345.5,"clientY":475.5,"method":"rect","hitKind":"page","pageId":"7f5bf69a-2d2c-446d-9fdf-f9c07729cb09","localX":587.7867831809282,"localY":819.7018189176733},"timestamp":1787926577248,"hypothesisId":"B","runId":"ipad-fix2"}
{"sessionId":"6c5c15","location":"pageInkDom.ts:resolvePageDomHit","message":"dom hit resolved","data":{"clientX":342.5,"clientY":473.5,"method":"rect","hitKind":"page","pageId":"7f5bf69a-2d2c-446d-9fdf-f9c07729cb09","localX":589.1351795324232,"localY":823.7470081679918},"timestamp":1787926577256,"hypothesisId":"B","runId":"ipad-fix2"}
{"sessionId":"6c5c15","location":"pageInkDom.ts:resolvePageDomHit","message":"dom hit resolved","data":{"clientX":340,"clientY":471.5,"method":"rect","hitKind":"page","pageId":"7f5bf69a-2d2c-446d-9fdf-f9c07729cb09","localX":590.4835758839181,"localY":823.7470081679918},"timestamp":1787926577264,"hypothesisId":"B","runId":"ipad-fix2"}
{"sessionId":"6c5c15","location":"pageInkDom.ts:resolvePageDomHit","message":"dom hit resolved","data":{"clientX":337.5,"clientY":469.5,"method":"rect","hitKind":"page","pageId":"7f5bf69a-2d2c-446d-9fdf-f9c07729cb09","localX":590.4835758839181,"localY":823.7470081679918},"timestamp":1787926577273,"hypothesisId":"B","runId":"ipad-fix2"}
{"sessionId":"6c5c15","location":"pageInkDom.ts:resolvePageDomHit","message":"dom hit resolved","data":{"clientX":335,"clientY":468.5,"method":"rect","hitKind":"page","pageId":"7f5bf69a-2d2c-446d-9fdf-f9c07729cb09","localX":590.4835758839181,"localY":826.4438010015375},"timestamp":1787926577281,"hypothesisId":"B","runId":"ipad-fix2"}
{"sessionId":"6c5c15","location":"pageInkDom.ts:resolvePageDomHit","message":"dom hit resolved","data":{"clientX":332.5,"clientY":467.5,"method":"rect","hitKind":"page","pageId":"7f5bf69a-2d2c-446d-9fdf-f9c07729cb09","localX":590.4835758839181,"localY":826.4438010015375},"timestamp":1787926577290,"hypothesisId":"B","runId":"ipad-fix2"}
{"sessionId":"6c5c15","location":"pageInkDom.ts:resolvePageDomHit","message":"dom hit resolved","data":{"clientX":330.5,"clientY":467,"method":"rect","hitKind":"page","pageId":"7f5bf69a-2d2c-446d-9fdf-f9c07729cb09","localX":591.831972235413,"localY":827.7921974183104},"timestamp":1787926577298,"hypothesisId":"B","runId":"ipad-fix2"}
{"sessionId":"6c5c15","location":"pageInkDom.ts:resolvePageDomHit","message":"dom hit resolved","data":{"clientX":328,"clientY":466.5,"method":"rect","hitKind":"page","pageId":"7f5bf69a-2d2c-446d-9fdf-f9c07729cb09","localX":590.4835758839181,"localY":827.7921974183104},"timestamp":1787926577306,"hypothesisId":"B","runId":"ipad-fix2"}
{"sessionId":"6c5c15","location":"pageInkDom.ts:resolvePageDomHit","message":"dom hit resolved","data":{"clientX":325.5,"clientY":466.5,"method":"rect","hitKind":"page","pageId":"7f5bf69a-2d2c-446d-9fdf-f9c07729cb09","localX":590.4835758839181,"localY":829.1405938350833},"timestamp":1787926577315,"hypothesisId":"B","runId":"ipad-fix2"}
{"sessionId":"6c5c15","location":"pageInkDom.ts:resolvePageDomHit","message":"dom hit resolved","data":{"clientX":323,"clientY":466.5,"method":"rect","hitKind":"page","pageId":"7f5bf69a-2d2c-446d-9fdf-f9c07729cb09","localX":590.4835758839181,"localY":829.1405938350833},"timestamp":1787926577323,"hypothesisId":"B","runId":"ipad-fix2"}
{"sessionId":"6c5c15","location":"useEditorController.tsx:textTapUp","message":"text tap up","data":{"pointerType":"touch","hasPending":false,"dist":80.2153351922187},"timestamp":1787926577331,"hypothesisId":"A,E","runId":"post-fix2"}
{"sessionId":"6c5c15","location":"pageInkDom.ts:resolvePageDomHit","message":"dom hit resolved","data":{"clientX":318,"clientY":467,"method":"rect","hitKind":"page","pageId":"7f5bf69a-2d2c-446d-9fdf-f9c07729cb09","localX":583.7415941264435,"localY":830.4889902518561},"timestamp":1787926577331,"hypothesisId":"B","runId":"ipad-fix2"}
{"sessionId":"6c5c15","location":"useEditorController.tsx:textTapDown","message":"global pointerdown","data":{"pointerType":"pen","tracked":true},"timestamp":1787926577677,"hypothesisId":"A","runId":"post-fix"}
{"sessionId":"6c5c15","location":"pageInkDom.ts:resolvePageDomHit","message":"dom hit resolved","data":{"clientX":396.5,"clientY":286.5,"method":"rect","hitKind":"pageText","pageId":"7f5bf69a-2d2c-446d-9fdf-f9c07729cb09","localX":795.4398213111475,"localY":343.7178837968575},"timestamp":1787926577677,"hypothesisId":"B","runId":"ipad-fix2"}
{"sessionId":"6c5c15","location":"pageInkDom.ts:resolvePageDomHit","message":"dom hit resolved","data":{"clientX":394.5,"clientY":284,"method":"rect","hitKind":"pageText","pageId":"7f5bf69a-2d2c-446d-9fdf-f9c07729cb09","localX":790.0462359051678,"localY":336.9759017129933},"timestamp":1787926577685,"hypothesisId":"B","runId":"ipad-fix2"}
{"sessionId":"6c5c15","location":"pageInkDom.ts:resolvePageDomHit","message":"dom hit resolved","data":{"clientX":391.5,"clientY":277,"method":"rect","hitKind":"pageText","pageId":"7f5bf69a-2d2c-446d-9fdf-f9c07729cb09","localX":781.9558577961983,"localY":318.0983518781734},"timestamp":1787926577690,"hypothesisId":"B","runId":"ipad-fix2"}
{"sessionId":"6c5c15","location":"pageInkDom.ts:resolvePageDomHit","message":"dom hit resolved","data":{"clientX":391.5,"clientY":277,"method":"rect","hitKind":"pageText","pageId":"7f5bf69a-2d2c-446d-9fdf-f9c07729cb09","localX":781.9558577961983,"localY":318.0983518781734},"timestamp":1787926577691,"hypothesisId":"B","runId":"ipad-fix2"}
{"sessionId":"6c5c15","location":"pageInkDom.ts:resolvePageDomHit","message":"dom hit resolved","data":{"clientX":391.5,"clientY":277,"method":"rect","hitKind":"pageText","pageId":"7f5bf69a-2d2c-446d-9fdf-f9c07729cb09","localX":781.9558577961983,"localY":318.0983518781734},"timestamp":1787926577698,"hypothesisId":"B","runId":"ipad-fix2"}
{"sessionId":"6c5c15","location":"pageInkDom.ts:resolvePageDomHit","message":"dom hit resolved","data":{"clientX":392.5,"clientY":278.5,"method":"rect","hitKind":"pageText","pageId":"7f5bf69a-2d2c-446d-9fdf-f9c07729cb09","localX":784.6526504991881,"localY":322.1435411284919},"timestamp":1787926577706,"hypothesisId":"B","runId":"ipad-fix2"}
{"sessionId":"6c5c15","location":"pageInkDom.ts:resolvePageDomHit","message":"dom hit resolved","data":{"clientX":392.5,"clientY":278.5,"method":"rect","hitKind":"pageText","pageId":"7f5bf69a-2d2c-446d-9fdf-f9c07729cb09","localX":784.6526504991881,"localY":322.1435411284919},"timestamp":1787926577707,"hypothesisId":"B","runId":"ipad-fix2"}
{"sessionId":"6c5c15","location":"pageInkDom.ts:resolvePageDomHit","message":"dom hit resolved","data":{"clientX":394,"clientY":281.5,"method":"rect","hitKind":"pageText","pageId":"7f5bf69a-2d2c-446d-9fdf-f9c07729cb09","localX":788.697839553673,"localY":330.23391962912905},"timestamp":1787926577715,"hypothesisId":"B","runId":"ipad-fix2"}
{"sessionId":"6c5c15","location":"pageInkDom.ts:resolvePageDomHit","message":"dom hit resolved","data":{"clientX":394,"clientY":281.5,"method":"rect","hitKind":"pageText","pageId":"7f5bf69a-2d2c-446d-9fdf-f9c07729cb09","localX":788.697839553673,"localY":330.23391962912905},"timestamp":1787926577715,"hypothesisId":"B","runId":"ipad-fix2"}
{"sessionId":"6c5c15","location":"pageInkDom.ts:resolvePageDomHit","message":"dom hit resolved","data":{"clientX":396,"clientY":286,"method":"rect","hitKind":"pageText","pageId":"7f5bf69a-2d2c-446d-9fdf-f9c07729cb09","localX":794.0914249596527,"localY":342.36948738008465},"timestamp":1787926577723,"hypothesisId":"B","runId":"ipad-fix2"}
{"sessionId":"6c5c15","location":"pageInkDom.ts:resolvePageDomHit","message":"dom hit resolved","data":{"clientX":396,"clientY":286,"method":"rect","hitKind":"pageText","pageId":"7f5bf69a-2d2c-446d-9fdf-f9c07729cb09","localX":794.0914249596527,"localY":342.36948738008465},"timestamp":1787926577724,"hypothesisId":"B","runId":"ipad-fix2"}
{"sessionId":"6c5c15","location":"pageInkDom.ts:resolvePageDomHit","message":"dom hit resolved","data":{"clientX":396.5,"clientY":289,"method":"rect","hitKind":"pageText","pageId":"7f5bf69a-2d2c-446d-9fdf-f9c07729cb09","localX":795.4398213111475,"localY":350.4598658807218},"timestamp":1787926577731,"hypothesisId":"B","runId":"ipad-fix2"}
{"sessionId":"6c5c15","location":"pageInkDom.ts:resolvePageDomHit","message":"dom hit resolved","data":{"clientX":396.5,"clientY":289,"method":"rect","hitKind":"pageText","pageId":"7f5bf69a-2d2c-446d-9fdf-f9c07729cb09","localX":795.4398213111475,"localY":350.4598658807218},"timestamp":1787926577732,"hypothesisId":"B","runId":"ipad-fix2"}
{"sessionId":"6c5c15","location":"useEditorController.tsx:textTapUp","message":"text tap up","data":{"pointerType":"pen","hasPending":false,"dist":5.522680508593631},"timestamp":1787926577732,"hypothesisId":"A,E","runId":"post-fix2"}
{"sessionId":"6c5c15","location":"pageInkDom.ts:resolvePageDomHit","message":"dom hit resolved","data":{"clientX":397,"clientY":292,"method":"rect","hitKind":"pageText","pageId":"7f5bf69a-2d2c-446d-9fdf-f9c07729cb09","localX":796.7882176626425,"localY":358.5502443813588},"timestamp":1787926577733,"hypothesisId":"B","runId":"ipad-fix2"}
{"sessionId":"6c5c15","location":"pageInkDom.ts:resolvePageDomHit","message":"dom hit resolved","data":{"clientX":285,"clientY":545.3333740234375,"method":"rect","hitKind":null},"timestamp":1787926583899,"hypothesisId":"B","runId":"ipad-fix2"}
{"sessionId":"6c5c15","location":"pageInkDom.ts:resolvePageDomHit","message":"dom hit resolved","data":{"clientX":277,"clientY":537.3333740234375,"method":"rect","hitKind":null},"timestamp":1787926583900,"hypothesisId":"B","runId":"ipad-fix2"}
{"sessionId":"6c5c15","location":"pageInkDom.ts:resolvePageDomHit","message":"dom hit resolved","data":{"clientX":269,"clientY":529.3333740234375,"method":"rect","hitKind":null},"timestamp":1787926583901,"hypothesisId":"B","runId":"ipad-fix2"}
{"sessionId":"6c5c15","location":"pageInkDom.ts:resolvePageDomHit","message":"dom hit resolved","data":{"clientX":261,"clientY":521.3333740234375,"method":"rect","hitKind":null},"timestamp":1787926583901,"hypothesisId":"B","runId":"ipad-fix2"}
{"sessionId":"6c5c15","location":"pageInkDom.ts:resolvePageDomHit","message":"dom hit resolved","data":{"clientX":253,"clientY":513.3333740234375,"method":"rect","hitKind":null},"timestamp":1787926583902,"hypothesisId":"B","runId":"ipad-fix2"}
{"sessionId":"6c5c15","location":"pageInkDom.ts:resolvePageDomHit","message":"dom hit resolved","data":{"clientX":244.33334350585938,"clientY":504.66668701171875,"method":"rect","hitKind":null},"timestamp":1787926583902,"hypothesisId":"B","runId":"ipad-fix2"}
{"sessionId":"6c5c15","location":"pageInkDom.ts:resolvePageDomHit","message":"dom hit resolved","data":{"clientX":236.33334350585938,"clientY":495.3333435058594,"method":"rect","hitKind":null},"timestamp":1787926583903,"hypothesisId":"B","runId":"ipad-fix2"}
{"sessionId":"6c5c15","location":"pageInkDom.ts:resolvePageDomHit","message":"dom hit resolved","data":{"clientX":217,"clientY":478.66668701171875,"method":"rect","hitKind":null},"timestamp":1787926583903,"hypothesisId":"B","runId":"ipad-fix2"}
{"sessionId":"6c5c15","location":"pageInkDom.ts:resolvePageDomHit","message":"dom hit resolved","data":{"clientX":209,"clientY":468.66668701171875,"method":"rect","hitKind":null},"timestamp":1787926583903,"hypothesisId":"B","runId":"ipad-fix2"}
{"sessionId":"6c5c15","location":"pageInkDom.ts:resolvePageDomHit","message":"dom hit resolved","data":{"clientX":200.33334350585938,"clientY":458.66668701171875,"method":"rect","hitKind":null},"timestamp":1787926583904,"hypothesisId":"B","runId":"ipad-fix2"}
{"sessionId":"6c5c15","location":"pageInkDom.ts:resolvePageDomHit","message":"dom hit resolved","data":{"clientX":191,"clientY":448.66668701171875,"method":"rect","hitKind":null},"timestamp":1787926583906,"hypothesisId":"B","runId":"ipad-fix2"}
{"sessionId":"6c5c15","location":"pageInkDom.ts:resolvePageDomHit","message":"dom hit resolved","data":{"clientX":183,"clientY":439.3333435058594,"method":"rect","hitKind":null},"timestamp":1787926583907,"hypothesisId":"B","runId":"ipad-fix2"}
{"sessionId":"6c5c15","location":"pageInkDom.ts:resolvePageDomHit","message":"dom hit resolved","data":{"clientX":174.33334350585938,"clientY":428.66668701171875,"method":"rect","hitKind":null},"timestamp":1787926583908,"hypothesisId":"B","runId":"ipad-fix2"}
{"sessionId":"6c5c15","location":"pageInkDom.ts:resolvePageDomHit","message":"dom hit resolved","data":{"clientX":164.33334350585938,"clientY":417.3333435058594,"method":"rect","hitKind":null},"timestamp":1787926583911,"hypothesisId":"B","runId":"ipad-fix2"}
{"sessionId":"6c5c15","location":"pageInkDom.ts:resolvePageDomHit","message":"dom hit resolved","data":{"clientX":155,"clientY":407.3333435058594,"method":"rect","hitKind":null},"timestamp":1787926583913,"hypothesisId":"B","runId":"ipad-fix2"}
{"sessionId":"6c5c15","location":"pageInkDom.ts:resolvePageDomHit","message":"dom hit resolved","data":{"clientX":129,"clientY":375.3333435058594,"method":"rect","hitKind":null},"timestamp":1787926583914,"hypothesisId":"B","runId":"ipad-fix2"}
{"sessionId":"6c5c15","location":"pageInkDom.ts:resolvePageDomHit","message":"dom hit resolved","data":{"clientX":101,"clientY":344.66668701171875,"method":"rect","hitKind":null},"timestamp":1787926583915,"hypothesisId":"B","runId":"ipad-fix2"}
{"sessionId":"6c5c15","location":"pageInkDom.ts:resolvePageDomHit","message":"dom hit resolved","data":{"clientX":92.33333587646484,"clientY":333.3333435058594,"method":"rect","hitKind":null},"timestamp":1787926583915,"hypothesisId":"B","runId":"ipad-fix2"}
{"sessionId":"6c5c15","location":"pageInkDom.ts:resolvePageDomHit","message":"dom hit resolved","data":{"clientX":83,"clientY":323.3333435058594,"method":"rect","hitKind":null},"timestamp":1787926583916,"hypothesisId":"B","runId":"ipad-fix2"}
{"sessionId":"6c5c15","location":"pageInkDom.ts:resolvePageDomHit","message":"dom hit resolved","data":{"clientX":75,"clientY":312.66668701171875,"method":"rect","hitKind":null},"timestamp":1787926583919,"hypothesisId":"B","runId":"ipad-fix2"}
{"sessionId":"6c5c15","location":"pageInkDom.ts:resolvePageDomHit","message":"dom hit resolved","data":{"clientX":56.333335876464844,"clientY":290.66668701171875,"method":"rect","hitKind":null},"timestamp":1787926583920,"hypothesisId":"B","runId":"ipad-fix2"}
{"sessionId":"6c5c15","location":"pageInkDom.ts:resolvePageDomHit","message":"dom hit resolved","data":{"clientX":48.333335876464844,"clientY":279.3333435058594,"method":"rect","hitKind":null},"timestamp":1787926583922,"hypothesisId":"B","runId":"ipad-fix2"}
{"sessionId":"6c5c15","location":"pageInkDom.ts:resolvePageDomHit","message":"dom hit resolved","data":{"clientX":39,"clientY":269.3333435058594,"method":"rect","hitKind":null},"timestamp":1787926583923,"hypothesisId":"B","runId":"ipad-fix2"}
{"sessionId":"6c5c15","location":"pageInkDom.ts:resolvePageDomHit","message":"dom hit resolved","data":{"clientX":13,"clientY":237.33334350585938,"method":"rect","hitKind":null},"timestamp":1787926583924,"hypothesisId":"B","runId":"ipad-fix2"}
{"sessionId":"6c5c15","location":"pageInkDom.ts:resolvePageDomHit","message":"dom hit resolved","data":{"clientX":5,"clientY":227.33334350585938,"method":"rect","hitKind":null},"timestamp":1787926583924,"hypothesisId":"B","runId":"ipad-fix2"}
