{"sessionId":"6c5c15","location":"pageInkDom.ts:resolvePageDomHit","message":"dom hit resolved","data":{"clientX":472,"clientY":346,"method":"rect","hitKind":null},"timestamp":1787933381156,"hypothesisId":"B","runId":"ipad-fix2"}
{"sessionId":"6c5c15","location":"pageInkDom.ts:resolvePageDomHit","message":"dom hit resolved","data":{"clientX":470,"clientY":346,"method":"rect","hitKind":null},"timestamp":1787933381158,"hypothesisId":"B","runId":"ipad-fix2"}
{"sessionId":"516081","runId":"post-fix","hypothesisId":"A,B,C,D","location":"gestures/index.ts:dispatch","message":"workspace pointer","data":{"phase":"down","pointerType":"pen","kind":"pencil","tool":"text","hitKind":"page","localX":0,"localY":0,"effectTypes":[],"isPrimary":true,"clientX":472,"clientY":346,"wrapCount":3,"nearest":[{"id":"b79c89c1-0922-4d8d-bae7-95238d32ff0d","w":46,"h":202,"l":-78,"t":287,"r":-33,"b":489,"inside":false},{"id":"b33a1f67-4108-4509-82bd-a5c9ccb050ed","w":46,"h":202,"l":-78,"t":489,"r":-33,"b":691,"inside":false},{"id":"0434644a-948c-429d-9b35-70326a337e62","w":46,"h":202,"l":-78,"t":691,"r":-33,"b":894,"inside":false}]},"timestamp":1787933381157}
{"sessionId":"6c5c15","location":"pageInkDom.ts:resolvePageDomHit","message":"dom hit resolved","data":{"clientX":468.5,"clientY":345.5,"method":"rect","hitKind":null},"timestamp":1787933381161,"hypothesisId":"B","runId":"ipad-fix2"}
{"sessionId":"6c5c15","location":"pageInkDom.ts:resolvePageDomHit","message":"dom hit resolved","data":{"clientX":468.5,"clientY":345.5,"method":"rect","hitKind":null},"timestamp":1787933381162,"hypothesisId":"B","runId":"ipad-fix2"}
{"sessionId":"6c5c15","location":"useEditorController.tsx:textTapDown","message":"global pointerdown","data":{"pointerType":"pen","tracked":true},"timestamp":1787933381148,"hypothesisId":"A","runId":"post-fix"}
{"sessionId":"6c5c15","location":"pageInkDom.ts:resolvePageDomHit","message":"dom hit resolved","data":{"clientX":468.5,"clientY":345.5,"method":"rect","hitKind":null},"timestamp":1787933381168,"hypothesisId":"B","runId":"ipad-fix2"}
{"sessionId":"6c5c15","location":"pageInkDom.ts:resolvePageDomHit","message":"dom hit resolved","data":{"clientX":468.5,"clientY":345.5,"method":"rect","hitKind":null},"timestamp":1787933381177,"hypothesisId":"B","runId":"ipad-fix2"}
{"sessionId":"6c5c15","location":"pageInkDom.ts:resolvePageDomHit","message":"dom hit resolved","data":{"clientX":468.5,"clientY":345.5,"method":"rect","hitKind":null},"timestamp":1787933381185,"hypothesisId":"B","runId":"ipad-fix2"}
{"sessionId":"6c5c15","location":"pageInkDom.ts:resolvePageDomHit","message":"dom hit resolved","data":{"clientX":468.5,"clientY":345.5,"method":"rect","hitKind":null},"timestamp":1787933381193,"hypothesisId":"B","runId":"ipad-fix2"}
{"sessionId":"6c5c15","location":"pageInkDom.ts:resolvePageDomHit","message":"dom hit resolved","data":{"clientX":468.5,"clientY":346,"method":"rect","hitKind":null},"timestamp":1787933381202,"hypothesisId":"B","runId":"ipad-fix2"}
{"sessionId":"6c5c15","location":"pageInkDom.ts:resolvePageDomHit","message":"dom hit resolved","data":{"clientX":468.5,"clientY":346,"method":"rect","hitKind":null},"timestamp":1787933381202,"hypothesisId":"B","runId":"ipad-fix2"}
{"sessionId":"6c5c15","location":"pageInkDom.ts:resolvePageDomHit","message":"dom hit resolved","data":{"clientX":468,"clientY":347,"method":"rect","hitKind":null},"timestamp":1787933381210,"hypothesisId":"B","runId":"ipad-fix2"}
{"sessionId":"6c5c15","location":"pageInkDom.ts:resolvePageDomHit","message":"dom hit resolved","data":{"clientX":468,"clientY":347,"method":"rect","hitKind":null},"timestamp":1787933381210,"hypothesisId":"B","runId":"ipad-fix2"}
{"sessionId":"6c5c15","location":"pageInkDom.ts:resolvePageDomHit","message":"dom hit resolved","data":{"clientX":467.5,"clientY":347.5,"method":"rect","hitKind":null},"timestamp":1787933381218,"hypothesisId":"B","runId":"ipad-fix2"}
{"sessionId":"6c5c15","location":"pageInkDom.ts:resolvePageDomHit","message":"dom hit resolved","data":{"clientX":467.5,"clientY":347.5,"method":"rect","hitKind":null},"timestamp":1787933381219,"hypothesisId":"B","runId":"ipad-fix2"}
{"sessionId":"6c5c15","location":"useEditorController.tsx:textTapUp","message":"text tap up","data":{"pointerType":"pen","hasPending":false,"dist":5.385164807134504},"timestamp":1787933381219,"hypothesisId":"A,E","runId":"post-fix2"}
{"sessionId":"6c5c15","location":"pageInkDom.ts:resolvePageDomHit","message":"dom hit resolved","data":{"clientX":467,"clientY":348,"method":"rect","hitKind":null},"timestamp":1787933381220,"hypothesisId":"B","runId":"ipad-fix2"}
{"sessionId":"516081","runId":"post-fix","hypothesisId":"A,B,C,D","location":"gestures/index.ts:dispatch","message":"workspace pointer","data":{"phase":"up","pointerType":"pen","kind":"pencil","tool":"text","hitKind":"page","localX":0,"localY":0,"effectTypes":[],"isPrimary":true,"clientX":467,"clientY":348,"wrapCount":3,"nearest":[{"id":"b79c89c1-0922-4d8d-bae7-95238d32ff0d","w":46,"h":202,"l":-78,"t":287,"r":-33,"b":489,"inside":false},{"id":"b33a1f67-4108-4509-82bd-a5c9ccb050ed","w":46,"h":202,"l":-78,"t":489,"r":-33,"b":691,"inside":false},{"id":"0434644a-948c-429d-9b35-70326a337e62","w":46,"h":202,"l":-78,"t":691,"r":-33,"b":894,"inside":false}]},"timestamp":1787933381220}
{"sessionId":"6c5c15","location":"TextEditBar.tsx:handleBlur","message":"textarea blur","data":{"textId":"0434644a-948c-429d-9b35-70326a337e62","draftLen":0,"textareaLen":0,"draftEmpty":true,"textareaEmpty":true},"timestamp":1787933381623,"hypothesisId":"B","runId":"post-fix"}
{"sessionId":"6c5c15","location":"TextEditBar.tsx:runExplicitCommit","message":"commit plan","data":{"textId":"0434644a-948c-429d-9b35-70326a337e62","draftLen":0,"textareaLen":0,"draftMatchTextarea":true,"savedLen":0,"composing":false,"forceOnExplicit":false,"planKind":"skip","planReason":"unchanged"},"timestamp":1787933381625,"hypothesisId":"B,C","runId":"post-fix"}
{"sessionId":"6c5c15","location":"useEditorController.tsx:textTapDown","message":"global pointerdown","data":{"pointerType":"pen","tracked":true},"timestamp":1787933381760,"hypothesisId":"A","runId":"post-fix"}
{"sessionId":"6c5c15","location":"pageInkDom.ts:resolvePageDomHit","message":"dom hit resolved","data":{"clientX":486.5,"clientY":331,"method":"rect","hitKind":null},"timestamp":1787933381762,"hypothesisId":"B","runId":"ipad-fix2"}
{"sessionId":"516081","runId":"post-fix","hypothesisId":"A,B,C,D","location":"gestures/index.ts:dispatch","message":"workspace pointer","data":{"phase":"down","pointerType":"pen","kind":"pencil","tool":"text","hitKind":"page","localX":0,"localY":0,"effectTypes":[],"isPrimary":true,"clientX":486.5,"clientY":331,"wrapCount":3,"nearest":[{"id":"b79c89c1-0922-4d8d-bae7-95238d32ff0d","w":46,"h":202,"l":-78,"t":287,"r":-33,"b":489,"inside":false},{"id":"b33a1f67-4108-4509-82bd-a5c9ccb050ed","w":46,"h":202,"l":-78,"t":489,"r":-33,"b":691,"inside":false},{"id":"0434644a-948c-429d-9b35-70326a337e62","w":46,"h":202,"l":-78,"t":691,"r":-33,"b":894,"inside":false}]},"timestamp":1787933381763}
{"sessionId":"6c5c15","location":"pageInkDom.ts:resolvePageDomHit","message":"dom hit resolved","data":{"clientX":485.5,"clientY":331.5,"method":"rect","hitKind":null},"timestamp":1787933381773,"hypothesisId":"B","runId":"ipad-fix2"}
{"sessionId":"6c5c15","location":"pageInkDom.ts:resolvePageDomHit","message":"dom hit resolved","data":{"clientX":482.5,"clientY":332.5,"method":"rect","hitKind":null},"timestamp":1787933381777,"hypothesisId":"B","runId":"ipad-fix2"}
{"sessionId":"6c5c15","location":"pageInkDom.ts:resolvePageDomHit","message":"dom hit resolved","data":{"clientX":482.5,"clientY":332.5,"method":"rect","hitKind":null},"timestamp":1787933381778,"hypothesisId":"B","runId":"ipad-fix2"}
{"sessionId":"6c5c15","location":"pageInkDom.ts:resolvePageDomHit","message":"dom hit resolved","data":{"clientX":482.5,"clientY":333.5,"method":"rect","hitKind":null},"timestamp":1787933381785,"hypothesisId":"B","runId":"ipad-fix2"}
{"sessionId":"6c5c15","location":"pageInkDom.ts:resolvePageDomHit","message":"dom hit resolved","data":{"clientX":482.5,"clientY":333.5,"method":"rect","hitKind":null},"timestamp":1787933381786,"hypothesisId":"B","runId":"ipad-fix2"}
{"sessionId":"6c5c15","location":"pageInkDom.ts:resolvePageDomHit","message":"dom hit resolved","data":{"clientX":483.5,"clientY":334.5,"method":"rect","hitKind":null},"timestamp":1787933381794,"hypothesisId":"B","runId":"ipad-fix2"}
{"sessionId":"6c5c15","location":"pageInkDom.ts:resolvePageDomHit","message":"dom hit resolved","data":{"clientX":483.5,"clientY":334.5,"method":"rect","hitKind":null},"timestamp":1787933381794,"hypothesisId":"B","runId":"ipad-fix2"}
{"sessionId":"6c5c15","location":"pageInkDom.ts:resolvePageDomHit","message":"dom hit resolved","data":{"clientX":484.5,"clientY":335.5,"method":"rect","hitKind":null},"timestamp":1787933381802,"hypothesisId":"B","runId":"ipad-fix2"}
{"sessionId":"6c5c15","location":"pageInkDom.ts:resolvePageDomHit","message":"dom hit resolved","data":{"clientX":484.5,"clientY":335.5,"method":"rect","hitKind":null},"timestamp":1787933381802,"hypothesisId":"B","runId":"ipad-fix2"}
{"sessionId":"6c5c15","location":"pageInkDom.ts:resolvePageDomHit","message":"dom hit resolved","data":{"clientX":486,"clientY":335.5,"method":"rect","hitKind":null},"timestamp":1787933381810,"hypothesisId":"B","runId":"ipad-fix2"}
{"sessionId":"6c5c15","location":"pageInkDom.ts:resolvePageDomHit","message":"dom hit resolved","data":{"clientX":486,"clientY":335.5,"method":"rect","hitKind":null},"timestamp":1787933381811,"hypothesisId":"B","runId":"ipad-fix2"}
{"sessionId":"6c5c15","location":"useEditorController.tsx:textTapUp","message":"text tap up","data":{"pointerType":"pen","hasPending":false,"dist":4.527692569068709},"timestamp":1787933381819,"hypothesisId":"A,E","runId":"post-fix2"}
{"sessionId":"6c5c15","location":"pageInkDom.ts:resolvePageDomHit","message":"dom hit resolved","data":{"clientX":487,"clientY":335.5,"method":"rect","hitKind":null},"timestamp":1787933381819,"hypothesisId":"B","runId":"ipad-fix2"}
{"sessionId":"516081","runId":"post-fix","hypothesisId":"A,B,C,D","location":"gestures/index.ts:dispatch","message":"workspace pointer","data":{"phase":"up","pointerType":"pen","kind":"pencil","tool":"text","hitKind":"page","localX":0,"localY":0,"effectTypes":[],"isPrimary":true,"clientX":487,"clientY":335.5,"wrapCount":3,"nearest":[{"id":"b79c89c1-0922-4d8d-bae7-95238d32ff0d","w":46,"h":202,"l":-78,"t":287,"r":-33,"b":489,"inside":false},{"id":"b33a1f67-4108-4509-82bd-a5c9ccb050ed","w":46,"h":202,"l":-78,"t":489,"r":-33,"b":691,"inside":false},{"id":"0434644a-948c-429d-9b35-70326a337e62","w":46,"h":202,"l":-78,"t":691,"r":-33,"b":894,"inside":false}]},"timestamp":1787933381819}
{"sessionId":"6c5c15","location":"useEditorController.tsx:textTapDown","message":"global pointerdown","data":{"pointerType":"touch","tracked":true},"timestamp":1787933382286,"hypothesisId":"A","runId":"post-fix"}
{"sessionId":"6c5c15","location":"pageInkDom.ts:resolvePageDomHit","message":"dom hit resolved","data":{"clientX":575,"clientY":201.5,"method":"rect","hitKind":null},"timestamp":1787933382288,"hypothesisId":"B","runId":"ipad-fix2"}
{"sessionId":"516081","runId":"post-fix","hypothesisId":"A,B,C,D","location":"gestures/index.ts:dispatch","message":"workspace pointer","data":{"phase":"down","pointerType":"touch","kind":"finger","tool":"text","hitKind":"slot","effectTypes":[],"isPrimary":true,"clientX":575,"clientY":201.5,"wrapCount":3,"nearest":[{"id":"b79c89c1-0922-4d8d-bae7-95238d32ff0d","w":46,"h":202,"l":-78,"t":287,"r":-33,"b":489,"inside":false},{"id":"b33a1f67-4108-4509-82bd-a5c9ccb050ed","w":46,"h":202,"l":-78,"t":489,"r":-33,"b":691,"inside":false},{"id":"0434644a-948c-429d-9b35-70326a337e62","w":46,"h":202,"l":-78,"t":691,"r":-33,"b":894,"inside":false}]},"timestamp":1787933382291}
{"sessionId":"6c5c15","location":"pageInkDom.ts:resolvePageDomHit","message":"dom hit resolved","data":{"clientX":580,"clientY":204.5,"method":"rect","hitKind":null},"timestamp":1787933382311,"hypothesisId":"B","runId":"ipad-fix2"}
{"sessionId":"6c5c15","location":"pageInkDom.ts:resolvePageDomHit","message":"dom hit resolved","data":{"clientX":580,"clientY":204.5,"method":"rect","hitKind":null},"timestamp":1787933382312,"hypothesisId":"B","runId":"ipad-fix2"}
{"sessionId":"6c5c15","location":"pageInkDom.ts:resolvePageDomHit","message":"dom hit resolved","data":{"clientX":585,"clientY":204.5,"method":"rect","hitKind":null},"timestamp":1787933382319,"hypothesisId":"B","runId":"ipad-fix2"}
{"sessionId":"6c5c15","location":"pageInkDom.ts:resolvePageDomHit","message":"dom hit resolved","data":{"clientX":591.5,"clientY":205,"method":"rect","hitKind":null},"timestamp":1787933382327,"hypothesisId":"B","runId":"ipad-fix2"}
{"sessionId":"6c5c15","location":"pageInkDom.ts:resolvePageDomHit","message":"dom hit resolved","data":{"clientX":599,"clientY":205,"method":"rect","hitKind":null},"timestamp":1787933382336,"hypothesisId":"B","runId":"ipad-fix2"}
{"sessionId":"6c5c15","location":"pageInkDom.ts:resolvePageDomHit","message":"dom hit resolved","data":{"clientX":612,"clientY":205,"method":"rect","hitKind":null},"timestamp":1787933382344,"hypothesisId":"B","runId":"ipad-fix2"}
{"sessionId":"6c5c15","location":"pageInkDom.ts:resolvePageDomHit","message":"dom hit resolved","data":{"clientX":625.5,"clientY":205,"method":"rect","hitKind":null},"timestamp":1787933382352,"hypothesisId":"B","runId":"ipad-fix2"}
{"sessionId":"6c5c15","location":"pageInkDom.ts:resolvePageDomHit","message":"dom hit resolved","data":{"clientX":639.5,"clientY":204.5,"method":"rect","hitKind":null},"timestamp":1787933382360,"hypothesisId":"B","runId":"ipad-fix2"}
{"sessionId":"6c5c15","location":"pageInkDom.ts:resolvePageDomHit","message":"dom hit resolved","data":{"clientX":657.5,"clientY":203,"method":"rect","hitKind":null},"timestamp":1787933382369,"hypothesisId":"B","runId":"ipad-fix2"}
{"sessionId":"6c5c15","location":"pageInkDom.ts:resolvePageDomHit","message":"dom hit resolved","data":{"clientX":675.5,"clientY":200.5,"method":"rect","hitKind":null},"timestamp":1787933382377,"hypothesisId":"B","runId":"ipad-fix2"}
{"sessionId":"6c5c15","location":"pageInkDom.ts:resolvePageDomHit","message":"dom hit resolved","data":{"clientX":695.5,"clientY":198,"method":"rect","hitKind":null},"timestamp":1787933382386,"hypothesisId":"B","runId":"ipad-fix2"}
{"sessionId":"6c5c15","location":"pageInkDom.ts:resolvePageDomHit","message":"dom hit resolved","data":{"clientX":716.5,"clientY":195.5,"method":"rect","hitKind":null},"timestamp":1787933382394,"hypothesisId":"B","runId":"ipad-fix2"}
{"sessionId":"6c5c15","location":"pageInkDom.ts:resolvePageDomHit","message":"dom hit resolved","data":{"clientX":738,"clientY":192.5,"method":"rect","hitKind":null},"timestamp":1787933382402,"hypothesisId":"B","runId":"ipad-fix2"}
{"sessionId":"6c5c15","location":"pageInkDom.ts:resolvePageDomHit","message":"dom hit resolved","data":{"clientX":760,"clientY":190,"method":"rect","hitKind":null},"timestamp":1787933382410,"hypothesisId":"B","runId":"ipad-fix2"}
{"sessionId":"6c5c15","location":"pageInkDom.ts:resolvePageDomHit","message":"dom hit resolved","data":{"clientX":782.5,"clientY":186.5,"method":"rect","hitKind":null},"timestamp":1787933382419,"hypothesisId":"B","runId":"ipad-fix2"}
{"sessionId":"6c5c15","location":"pageInkDom.ts:resolvePageDomHit","message":"dom hit resolved","data":{"clientX":805,"clientY":183.5,"method":"rect","hitKind":null},"timestamp":1787933382427,"hypothesisId":"B","runId":"ipad-fix2"}
{"sessionId":"6c5c15","location":"pageInkDom.ts:resolvePageDomHit","message":"dom hit resolved","data":{"clientX":828,"clientY":180.5,"method":"rect","hitKind":null},"timestamp":1787933382436,"hypothesisId":"B","runId":"ipad-fix2"}
{"sessionId":"6c5c15","location":"pageInkDom.ts:resolvePageDomHit","message":"dom hit resolved","data":{"clientX":849,"clientY":178,"method":"rect","hitKind":null},"timestamp":1787933382444,"hypothesisId":"B","runId":"ipad-fix2"}
{"sessionId":"6c5c15","location":"pageInkDom.ts:resolvePageDomHit","message":"dom hit resolved","data":{"clientX":870,"clientY":176.5,"method":"rect","hitKind":null},"timestamp":1787933382452,"hypothesisId":"B","runId":"ipad-fix2"}
{"sessionId":"6c5c15","location":"pageInkDom.ts:resolvePageDomHit","message":"dom hit resolved","data":{"clientX":890,"clientY":174.5,"method":"rect","hitKind":null},"timestamp":1787933382460,"hypothesisId":"B","runId":"ipad-fix2"}
{"sessionId":"6c5c15","location":"pageInkDom.ts:resolvePageDomHit","message":"dom hit resolved","data":{"clientX":909,"clientY":173,"method":"rect","hitKind":null},"timestamp":1787933382469,"hypothesisId":"B","runId":"ipad-fix2"}
{"sessionId":"6c5c15","location":"pageInkDom.ts:resolvePageDomHit","message":"dom hit resolved","data":{"clientX":928,"clientY":172,"method":"rect","hitKind":null},"timestamp":1787933382477,"hypothesisId":"B","runId":"ipad-fix2"}
{"sessionId":"6c5c15","location":"pageInkDom.ts:resolvePageDomHit","message":"dom hit resolved","data":{"clientX":946.5,"clientY":171,"method":"rect","hitKind":null},"timestamp":1787933382486,"hypothesisId":"B","runId":"ipad-fix2"}
{"sessionId":"6c5c15","location":"pageInkDom.ts:resolvePageDomHit","message":"dom hit resolved","data":{"clientX":964,"clientY":170.5,"method":"rect","hitKind":null},"timestamp":1787933382494,"hypothesisId":"B","runId":"ipad-fix2"}
{"sessionId":"6c5c15","location":"pageInkDom.ts:resolvePageDomHit","message":"dom hit resolved","data":{"clientX":982,"clientY":170,"method":"rect","hitKind":null},"timestamp":1787933382503,"hypothesisId":"B","runId":"ipad-fix2"}
{"sessionId":"6c5c15","location":"pageInkDom.ts:resolvePageDomHit","message":"dom hit resolved","data":{"clientX":998,"clientY":168.5,"method":"rect","hitKind":null},"timestamp":1787933382511,"hypothesisId":"B","runId":"ipad-fix2"}
{"sessionId":"6c5c15","location":"pageInkDom.ts:resolvePageDomHit","message":"dom hit resolved","data":{"clientX":1014.5,"clientY":168,"method":"rect","hitKind":null},"timestamp":1787933382519,"hypothesisId":"B","runId":"ipad-fix2"}
{"sessionId":"6c5c15","location":"pageInkDom.ts:resolvePageDomHit","message":"dom hit resolved","data":{"clientX":1029,"clientY":168,"method":"rect","hitKind":null},"timestamp":1787933382527,"hypothesisId":"B","runId":"ipad-fix2"}
{"sessionId":"6c5c15","location":"pageInkDom.ts:resolvePageDomHit","message":"dom hit resolved","data":{"clientX":1038.5,"clientY":168,"method":"rect","hitKind":null},"timestamp":1787933382536,"hypothesisId":"B","runId":"ipad-fix2"}
{"sessionId":"6c5c15","location":"pageInkDom.ts:resolvePageDomHit","message":"dom hit resolved","data":{"clientX":1046.5,"clientY":168,"method":"rect","hitKind":null},"timestamp":1787933382544,"hypothesisId":"B","runId":"ipad-fix2"}
{"sessionId":"6c5c15","location":"pageInkDom.ts:resolvePageDomHit","message":"dom hit resolved","data":{"clientX":1053.5,"clientY":168,"method":"rect","hitKind":null},"timestamp":1787933382553,"hypothesisId":"B","runId":"ipad-fix2"}
{"sessionId":"6c5c15","location":"pageInkDom.ts:resolvePageDomHit","message":"dom hit resolved","data":{"clientX":1059,"clientY":168,"method":"rect","hitKind":null},"timestamp":1787933382561,"hypothesisId":"B","runId":"ipad-fix2"}
{"sessionId":"6c5c15","location":"pageInkDom.ts:resolvePageDomHit","message":"dom hit resolved","data":{"clientX":1063.5,"clientY":168,"method":"rect","hitKind":null},"timestamp":1787933382569,"hypothesisId":"B","runId":"ipad-fix2"}
{"sessionId":"6c5c15","location":"pageInkDom.ts:resolvePageDomHit","message":"dom hit resolved","data":{"clientX":1067.5,"clientY":168,"method":"rect","hitKind":null},"timestamp":1787933382577,"hypothesisId":"B","runId":"ipad-fix2"}
{"sessionId":"6c5c15","location":"pageInkDom.ts:resolvePageDomHit","message":"dom hit resolved","data":{"clientX":1071,"clientY":167.5,"method":"rect","hitKind":null},"timestamp":1787933382586,"hypothesisId":"B","runId":"ipad-fix2"}
{"sessionId":"6c5c15","location":"pageInkDom.ts:resolvePageDomHit","message":"dom hit resolved","data":{"clientX":1075,"clientY":166.5,"method":"rect","hitKind":null},"timestamp":1787933382594,"hypothesisId":"B","runId":"ipad-fix2"}
{"sessionId":"6c5c15","location":"pageInkDom.ts:resolvePageDomHit","message":"dom hit resolved","data":{"clientX":1078.5,"clientY":166,"method":"rect","hitKind":null},"timestamp":1787933382602,"hypothesisId":"B","runId":"ipad-fix2"}
{"sessionId":"6c5c15","location":"pageInkDom.ts:resolvePageDomHit","message":"dom hit resolved","data":{"clientX":1081.5,"clientY":165,"method":"rect","hitKind":null},"timestamp":1787933382611,"hypothesisId":"B","runId":"ipad-fix2"}
{"sessionId":"6c5c15","location":"pageInkDom.ts:resolvePageDomHit","message":"dom hit resolved","data":{"clientX":1084,"clientY":164,"method":"rect","hitKind":null},"timestamp":1787933382619,"hypothesisId":"B","runId":"ipad-fix2"}
{"sessionId":"6c5c15","location":"pageInkDom.ts:resolvePageDomHit","message":"dom hit resolved","data":{"clientX":1086,"clientY":163.5,"method":"rect","hitKind":null},"timestamp":1787933382627,"hypothesisId":"B","runId":"ipad-fix2"}
{"sessionId":"6c5c15","location":"pageInkDom.ts:resolvePageDomHit","message":"dom hit resolved","data":{"clientX":1087,"clientY":163,"method":"rect","hitKind":null},"timestamp":1787933382636,"hypothesisId":"B","runId":"ipad-fix2"}
{"sessionId":"6c5c15","location":"pageInkDom.ts:resolvePageDomHit","message":"dom hit resolved","data":{"clientX":1088.5,"clientY":162,"method":"rect","hitKind":null},"timestamp":1787933382644,"hypothesisId":"B","runId":"ipad-fix2"}
{"sessionId":"6c5c15","location":"pageInkDom.ts:resolvePageDomHit","message":"dom hit resolved","data":{"clientX":1089,"clientY":161.5,"method":"rect","hitKind":null},"timestamp":1787933382652,"hypothesisId":"B","runId":"ipad-fix2"}
{"sessionId":"6c5c15","location":"pageInkDom.ts:resolvePageDomHit","message":"dom hit resolved","data":{"clientX":1089.5,"clientY":161,"method":"rect","hitKind":null},"timestamp":1787933382661,"hypothesisId":"B","runId":"ipad-fix2"}
{"sessionId":"6c5c15","location":"pageInkDom.ts:resolvePageDomHit","message":"dom hit resolved","data":{"clientX":1090,"clientY":161,"method":"rect","hitKind":null},"timestamp":1787933382669,"hypothesisId":"B","runId":"ipad-fix2"}
{"sessionId":"6c5c15","location":"pageInkDom.ts:resolvePageDomHit","message":"dom hit resolved","data":{"clientX":1090.5,"clientY":160.5,"method":"rect","hitKind":null},"timestamp":1787933382677,"hypothesisId":"B","runId":"ipad-fix2"}
{"sessionId":"6c5c15","location":"pageInkDom.ts:resolvePageDomHit","message":"dom hit resolved","data":{"clientX":1090.5,"clientY":160,"method":"rect","hitKind":null},"timestamp":1787933382686,"hypothesisId":"B","runId":"ipad-fix2"}
{"sessionId":"6c5c15","location":"pageInkDom.ts:resolvePageDomHit","message":"dom hit resolved","data":{"clientX":1091,"clientY":159.5,"method":"rect","hitKind":null},"timestamp":1787933382694,"hypothesisId":"B","runId":"ipad-fix2"}
{"sessionId":"6c5c15","location":"pageInkDom.ts:resolvePageDomHit","message":"dom hit resolved","data":{"clientX":1091,"clientY":159,"method":"rect","hitKind":null},"timestamp":1787933382711,"hypothesisId":"B","runId":"ipad-fix2"}
{"sessionId":"6c5c15","location":"pageInkDom.ts:resolvePageDomHit","message":"dom hit resolved","data":{"clientX":1091,"clientY":158.5,"method":"rect","hitKind":null},"timestamp":1787933382727,"hypothesisId":"B","runId":"ipad-fix2"}
{"sessionId":"6c5c15","location":"pageInkDom.ts:resolvePageDomHit","message":"dom hit resolved","data":{"clientX":1091,"clientY":158,"method":"rect","hitKind":null},"timestamp":1787933382744,"hypothesisId":"B","runId":"ipad-fix2"}
{"sessionId":"6c5c15","location":"pageInkDom.ts:resolvePageDomHit","message":"dom hit resolved","data":{"clientX":1091,"clientY":157.5,"method":"rect","hitKind":null},"timestamp":1787933382752,"hypothesisId":"B","runId":"ipad-fix2"}
{"sessionId":"6c5c15","location":"pageInkDom.ts:resolvePageDomHit","message":"dom hit resolved","data":{"clientX":1091,"clientY":156.5,"method":"rect","hitKind":null},"timestamp":1787933382761,"hypothesisId":"B","runId":"ipad-fix2"}
{"sessionId":"6c5c15","location":"pageInkDom.ts:resolvePageDomHit","message":"dom hit resolved","data":{"clientX":1090,"clientY":156,"method":"rect","hitKind":null},"timestamp":1787933382769,"hypothesisId":"B","runId":"ipad-fix2"}
{"sessionId":"6c5c15","location":"pageInkDom.ts:resolvePageDomHit","message":"dom hit resolved","data":{"clientX":1089,"clientY":154.5,"method":"rect","hitKind":null},"timestamp":1787933382777,"hypothesisId":"B","runId":"ipad-fix2"}
{"sessionId":"6c5c15","location":"pageInkDom.ts:resolvePageDomHit","message":"dom hit resolved","data":{"clientX":1087.5,"clientY":153.5,"method":"rect","hitKind":null},"timestamp":1787933382786,"hypothesisId":"B","runId":"ipad-fix2"}
{"sessionId":"6c5c15","location":"pageInkDom.ts:resolvePageDomHit","message":"dom hit resolved","data":{"clientX":1086.5,"clientY":151,"method":"rect","hitKind":null},"timestamp":1787933382794,"hypothesisId":"B","runId":"ipad-fix2"}
{"sessionId":"6c5c15","location":"pageInkDom.ts:resolvePageDomHit","message":"dom hit resolved","data":{"clientX":1083.5,"clientY":147,"method":"rect","hitKind":null},"timestamp":1787933382811,"hypothesisId":"B","runId":"ipad-fix2"}
{"sessionId":"6c5c15","location":"pageInkDom.ts:resolvePageDomHit","message":"dom hit resolved","data":{"clientX":1085,"clientY":149.5,"method":"rect","hitKind":null},"timestamp":1787933382802,"hypothesisId":"B","runId":"ipad-fix2"}
{"sessionId":"6c5c15","location":"pageInkDom.ts:resolvePageDomHit","message":"dom hit resolved","data":{"clientX":1081.5,"clientY":145.5,"method":"rect","hitKind":null},"timestamp":1787933382819,"hypothesisId":"B","runId":"ipad-fix2"}
{"sessionId":"6c5c15","location":"pageInkDom.ts:resolvePageDomHit","message":"dom hit resolved","data":{"clientX":1079.5,"clientY":142.5,"method":"rect","hitKind":null},"timestamp":1787933382827,"hypothesisId":"B","runId":"ipad-fix2"}
{"sessionId":"6c5c15","location":"pageInkDom.ts:resolvePageDomHit","message":"dom hit resolved","data":{"clientX":1077.5,"clientY":140.5,"method":"rect","hitKind":null},"timestamp":1787933382836,"hypothesisId":"B","runId":"ipad-fix2"}
{"sessionId":"6c5c15","location":"pageInkDom.ts:resolvePageDomHit","message":"dom hit resolved","data":{"clientX":1075.5,"clientY":138,"method":"rect","hitKind":null},"timestamp":1787933382844,"hypothesisId":"B","runId":"ipad-fix2"}
{"sessionId":"6c5c15","location":"pageInkDom.ts:resolvePageDomHit","message":"dom hit resolved","data":{"clientX":1073.5,"clientY":135.5,"method":"rect","hitKind":null},"timestamp":1787933382853,"hypothesisId":"B","runId":"ipad-fix2"}
{"sessionId":"6c5c15","location":"pageInkDom.ts:resolvePageDomHit","message":"dom hit resolved","data":{"clientX":1072,"clientY":132.5,"method":"rect","hitKind":null},"timestamp":1787933382861,"hypothesisId":"B","runId":"ipad-fix2"}
{"sessionId":"6c5c15","location":"pageInkDom.ts:resolvePageDomHit","message":"dom hit resolved","data":{"clientX":1070,"clientY":130,"method":"rect","hitKind":null},"timestamp":1787933382869,"hypothesisId":"B","runId":"ipad-fix2"}
{"sessionId":"6c5c15","location":"pageInkDom.ts:resolvePageDomHit","message":"dom hit resolved","data":{"clientX":1069,"clientY":127,"method":"rect","hitKind":null},"timestamp":1787933382878,"hypothesisId":"B","runId":"ipad-fix2"}
{"sessionId":"6c5c15","location":"pageInkDom.ts:resolvePageDomHit","message":"dom hit resolved","data":{"clientX":1067.5,"clientY":124.5,"method":"rect","hitKind":null},"timestamp":1787933382886,"hypothesisId":"B","runId":"ipad-fix2"}
{"sessionId":"6c5c15","location":"pageInkDom.ts:resolvePageDomHit","message":"dom hit resolved","data":{"clientX":1066.5,"clientY":121.5,"method":"rect","hitKind":null},"timestamp":1787933382894,"hypothesisId":"B","runId":"ipad-fix2"}
{"sessionId":"6c5c15","location":"pageInkDom.ts:resolvePageDomHit","message":"dom hit resolved","data":{"clientX":1065,"clientY":119,"method":"rect","hitKind":null},"timestamp":1787933382903,"hypothesisId":"B","runId":"ipad-fix2"}
{"sessionId":"6c5c15","location":"pageInkDom.ts:resolvePageDomHit","message":"dom hit resolved","data":{"clientX":1064,"clientY":116.5,"method":"rect","hitKind":null},"timestamp":1787933382911,"hypothesisId":"B","runId":"ipad-fix2"}
{"sessionId":"6c5c15","location":"pageInkDom.ts:resolvePageDomHit","message":"dom hit resolved","data":{"clientX":1062.5,"clientY":114.5,"method":"rect","hitKind":null},"timestamp":1787933382919,"hypothesisId":"B","runId":"ipad-fix2"}
{"sessionId":"6c5c15","location":"pageInkDom.ts:resolvePageDomHit","message":"dom hit resolved","data":{"clientX":1061.5,"clientY":112,"method":"rect","hitKind":null},"timestamp":1787933382927,"hypothesisId":"B","runId":"ipad-fix2"}
{"sessionId":"6c5c15","location":"pageInkDom.ts:resolvePageDomHit","message":"dom hit resolved","data":{"clientX":1060.5,"clientY":110.5,"method":"rect","hitKind":null},"timestamp":1787933382936,"hypothesisId":"B","runId":"ipad-fix2"}
{"sessionId":"6c5c15","location":"pageInkDom.ts:resolvePageDomHit","message":"dom hit resolved","data":{"clientX":1058.5,"clientY":108.5,"method":"rect","hitKind":null},"timestamp":1787933382944,"hypothesisId":"B","runId":"ipad-fix2"}
{"sessionId":"6c5c15","location":"pageInkDom.ts:resolvePageDomHit","message":"dom hit resolved","data":{"clientX":1057,"clientY":107.5,"method":"rect","hitKind":null},"timestamp":1787933382953,"hypothesisId":"B","runId":"ipad-fix2"}
{"sessionId":"6c5c15","location":"pageInkDom.ts:resolvePageDomHit","message":"dom hit resolved","data":{"clientX":1054.5,"clientY":105.5,"method":"rect","hitKind":null},"timestamp":1787933382961,"hypothesisId":"B","runId":"ipad-fix2"}
{"sessionId":"6c5c15","location":"useEditorController.tsx:textTapUp","message":"text tap up","data":{"pointerType":"touch","hasPending":false,"dist":485.69666459633015},"timestamp":1787933382969,"hypothesisId":"A,E","runId":"post-fix2"}
{"sessionId":"6c5c15","location":"pageInkDom.ts:resolvePageDomHit","message":"dom hit resolved","data":{"clientX":1050.5,"clientY":102.5,"method":"rect","hitKind":null},"timestamp":1787933382970,"hypothesisId":"B","runId":"ipad-fix2"}
{"sessionId":"516081","runId":"post-fix","hypothesisId":"A,B,C,D","location":"gestures/index.ts:dispatch","message":"workspace pointer","data":{"phase":"up","pointerType":"touch","kind":"finger","tool":"text","hitKind":"slot","effectTypes":[],"isPrimary":true,"clientX":1050.5,"clientY":102.5,"wrapCount":3,"nearest":[{"id":"b79c89c1-0922-4d8d-bae7-95238d32ff0d","w":46,"h":202,"l":401,"t":191,"r":447,"b":393,"inside":false},{"id":"b33a1f67-4108-4509-82bd-a5c9ccb050ed","w":46,"h":202,"l":401,"t":393,"r":447,"b":595,"inside":false},{"id":"0434644a-948c-429d-9b35-70326a337e62","w":46,"h":202,"l":401,"t":595,"r":447,"b":798,"inside":false}]},"timestamp":1787933382970}
{"sessionId":"6c5c15","location":"useEditorController.tsx:textTapDown","message":"global pointerdown","data":{"pointerType":"pen","tracked":true},"timestamp":1787933385428,"hypothesisId":"A","runId":"post-fix"}
{"sessionId":"6c5c15","location":"pageInkDom.ts:resolvePageDomHit","message":"dom hit resolved","data":{"clientX":485,"clientY":329,"method":"rect","hitKind":null},"timestamp":1787933385434,"hypothesisId":"B","runId":"ipad-fix2"}
{"sessionId":"6c5c15","location":"pageInkDom.ts:resolvePageDomHit","message":"dom hit resolved","data":{"clientX":484,"clientY":329,"method":"rect","hitKind":null},"timestamp":1787933385436,"hypothesisId":"B","runId":"ipad-fix2"}
{"sessionId":"516081","runId":"post-fix","hypothesisId":"A,B,C,D","location":"gestures/index.ts:dispatch","message":"workspace pointer","data":{"phase":"down","pointerType":"pen","kind":"pencil","tool":"text","hitKind":"page","localX":0,"localY":0,"effectTypes":[],"isPrimary":true,"clientX":485,"clientY":329,"wrapCount":3,"nearest":[{"id":"b79c89c1-0922-4d8d-bae7-95238d32ff0d","w":46,"h":202,"l":-78,"t":287,"r":-33,"b":489,"inside":false},{"id":"b33a1f67-4108-4509-82bd-a5c9ccb050ed","w":46,"h":202,"l":-78,"t":489,"r":-33,"b":691,"inside":false},{"id":"0434644a-948c-429d-9b35-70326a337e62","w":46,"h":202,"l":-78,"t":691,"r":-33,"b":894,"inside":false}]},"timestamp":1787933385436}
{"sessionId":"6c5c15","location":"pageInkDom.ts:resolvePageDomHit","message":"dom hit resolved","data":{"clientX":483,"clientY":329,"method":"rect","hitKind":null},"timestamp":1787933385439,"hypothesisId":"B","runId":"ipad-fix2"}
{"sessionId":"6c5c15","location":"pageInkDom.ts:resolvePageDomHit","message":"dom hit resolved","data":{"clientX":483,"clientY":329,"method":"rect","hitKind":null},"timestamp":1787933385438,"hypothesisId":"B","runId":"ipad-fix2"}
{"sessionId":"6c5c15","location":"pageInkDom.ts:resolvePageDomHit","message":"dom hit resolved","data":{"clientX":483,"clientY":329,"method":"rect","hitKind":null},"timestamp":1787933385446,"hypothesisId":"B","runId":"ipad-fix2"}
{"sessionId":"6c5c15","location":"pageInkDom.ts:resolvePageDomHit","message":"dom hit resolved","data":{"clientX":483,"clientY":329,"method":"rect","hitKind":null},"timestamp":1787933385454,"hypothesisId":"B","runId":"ipad-fix2"}
{"sessionId":"6c5c15","location":"pageInkDom.ts:resolvePageDomHit","message":"dom hit resolved","data":{"clientX":483,"clientY":329,"method":"rect","hitKind":null},"timestamp":1787933385462,"hypothesisId":"B","runId":"ipad-fix2"}
{"sessionId":"6c5c15","location":"pageInkDom.ts:resolvePageDomHit","message":"dom hit resolved","data":{"clientX":482.5,"clientY":329,"method":"rect","hitKind":null},"timestamp":1787933385471,"hypothesisId":"B","runId":"ipad-fix2"}
{"sessionId":"6c5c15","location":"pageInkDom.ts:resolvePageDomHit","message":"dom hit resolved","data":{"clientX":482,"clientY":329,"method":"rect","hitKind":null},"timestamp":1787933385479,"hypothesisId":"B","runId":"ipad-fix2"}
{"sessionId":"6c5c15","location":"pageInkDom.ts:resolvePageDomHit","message":"dom hit resolved","data":{"clientX":482.5,"clientY":329,"method":"rect","hitKind":null},"timestamp":1787933385471,"hypothesisId":"B","runId":"ipad-fix2"}
{"sessionId":"6c5c15","location":"pageInkDom.ts:resolvePageDomHit","message":"dom hit resolved","data":{"clientX":482,"clientY":329,"method":"rect","hitKind":null},"timestamp":1787933385480,"hypothesisId":"B","runId":"ipad-fix2"}
{"sessionId":"6c5c15","location":"pageInkDom.ts:resolvePageDomHit","message":"dom hit resolved","data":{"clientX":481,"clientY":328.5,"method":"rect","hitKind":null},"timestamp":1787933385487,"hypothesisId":"B","runId":"ipad-fix2"}
{"sessionId":"6c5c15","location":"pageInkDom.ts:resolvePageDomHit","message":"dom hit resolved","data":{"clientX":481,"clientY":328.5,"method":"rect","hitKind":null},"timestamp":1787933385488,"hypothesisId":"B","runId":"ipad-fix2"}
{"sessionId":"6c5c15","location":"pageInkDom.ts:resolvePageDomHit","message":"dom hit resolved","data":{"clientX":480.5,"clientY":328,"method":"rect","hitKind":null},"timestamp":1787933385495,"hypothesisId":"B","runId":"ipad-fix2"}
{"sessionId":"6c5c15","location":"pageInkDom.ts:resolvePageDomHit","message":"dom hit resolved","data":{"clientX":480.5,"clientY":328,"method":"rect","hitKind":null},"timestamp":1787933385496,"hypothesisId":"B","runId":"ipad-fix2"}
{"sessionId":"6c5c15","location":"useEditorController.tsx:textTapUp","message":"text tap up","data":{"pointerType":"pen","hasPending":false,"dist":5.385164807134504},"timestamp":1787933385497,"hypothesisId":"A,E","runId":"post-fix2"}
{"sessionId":"6c5c15","location":"pageInkDom.ts:resolvePageDomHit","message":"dom hit resolved","data":{"clientX":480,"clientY":327,"method":"rect","hitKind":null},"timestamp":1787933385497,"hypothesisId":"B","runId":"ipad-fix2"}
{"sessionId":"516081","runId":"post-fix","hypothesisId":"A,B,C,D","location":"gestures/index.ts:dispatch","message":"workspace pointer","data":{"phase":"up","pointerType":"pen","kind":"pencil","tool":"text","hitKind":"page","localX":0,"localY":0,"effectTypes":[],"isPrimary":true,"clientX":480,"clientY":327,"wrapCount":3,"nearest":[{"id":"b79c89c1-0922-4d8d-bae7-95238d32ff0d","w":46,"h":202,"l":-78,"t":287,"r":-33,"b":489,"inside":false},{"id":"b33a1f67-4108-4509-82bd-a5c9ccb050ed","w":46,"h":202,"l":-78,"t":489,"r":-33,"b":691,"inside":false},{"id":"0434644a-948c-429d-9b35-70326a337e62","w":46,"h":202,"l":-78,"t":691,"r":-33,"b":894,"inside":false}]},"timestamp":1787933385497}
{"sessionId":"6c5c15","location":"TextEditBar.tsx:handleBlur","message":"textarea blur","data":{"textId":"0434644a-948c-429d-9b35-70326a337e62","draftLen":0,"textareaLen":0,"draftEmpty":true,"textareaEmpty":true},"timestamp":1787933385907,"hypothesisId":"B","runId":"post-fix"}
{"sessionId":"6c5c15","location":"TextEditBar.tsx:runExplicitCommit","message":"commit plan","data":{"textId":"0434644a-948c-429d-9b35-70326a337e62","draftLen":0,"textareaLen":0,"draftMatchTextarea":true,"savedLen":0,"composing":false,"forceOnExplicit":false,"planKind":"skip","planReason":"unchanged"},"timestamp":1787933385907,"hypothesisId":"B,C","runId":"post-fix"}
{"sessionId":"6c5c15","location":"useEditorController.tsx:textTapDown","message":"global pointerdown","data":{"pointerType":"pen","tracked":true},"timestamp":1787933386015,"hypothesisId":"A","runId":"post-fix"}
{"sessionId":"6c5c15","location":"pageInkDom.ts:resolvePageDomHit","message":"dom hit resolved","data":{"clientX":460.5,"clientY":354.5,"method":"rect","hitKind":null},"timestamp":1787933386015,"hypothesisId":"B","runId":"ipad-fix2"}
{"sessionId":"516081","runId":"post-fix","hypothesisId":"A,B,C,D","location":"gestures/index.ts:dispatch","message":"workspace pointer","data":{"phase":"down","pointerType":"pen","kind":"pencil","tool":"text","hitKind":"page","localX":0,"localY":0,"effectTypes":[],"isPrimary":true,"clientX":460.5,"clientY":354.5,"wrapCount":3,"nearest":[{"id":"b79c89c1-0922-4d8d-bae7-95238d32ff0d","w":46,"h":202,"l":-78,"t":287,"r":-33,"b":489,"inside":false},{"id":"b33a1f67-4108-4509-82bd-a5c9ccb050ed","w":46,"h":202,"l":-78,"t":489,"r":-33,"b":691,"inside":false},{"id":"0434644a-948c-429d-9b35-70326a337e62","w":46,"h":202,"l":-78,"t":691,"r":-33,"b":894,"inside":false}]},"timestamp":1787933386016}
{"sessionId":"6c5c15","location":"pageInkDom.ts:resolvePageDomHit","message":"dom hit resolved","data":{"clientX":459,"clientY":355,"method":"rect","hitKind":null},"timestamp":1787933386023,"hypothesisId":"B","runId":"ipad-fix2"}
{"sessionId":"6c5c15","location":"pageInkDom.ts:resolvePageDomHit","message":"dom hit resolved","data":{"clientX":456.5,"clientY":356.5,"method":"rect","hitKind":null},"timestamp":1787933386030,"hypothesisId":"B","runId":"ipad-fix2"}
{"sessionId":"6c5c15","location":"pageInkDom.ts:resolvePageDomHit","message":"dom hit resolved","data":{"clientX":456.5,"clientY":356.5,"method":"rect","hitKind":null},"timestamp":1787933386030,"hypothesisId":"B","runId":"ipad-fix2"}
{"sessionId":"6c5c15","location":"pageInkDom.ts:resolvePageDomHit","message":"dom hit resolved","data":{"clientX":456.5,"clientY":357,"method":"rect","hitKind":null},"timestamp":1787933386038,"hypothesisId":"B","runId":"ipad-fix2"}
{"sessionId":"6c5c15","location":"pageInkDom.ts:resolvePageDomHit","message":"dom hit resolved","data":{"clientX":456.5,"clientY":357,"method":"rect","hitKind":null},"timestamp":1787933386038,"hypothesisId":"B","runId":"ipad-fix2"}
{"sessionId":"6c5c15","location":"pageInkDom.ts:resolvePageDomHit","message":"dom hit resolved","data":{"clientX":456,"clientY":357,"method":"rect","hitKind":null},"timestamp":1787933386046,"hypothesisId":"B","runId":"ipad-fix2"}
{"sessionId":"6c5c15","location":"pageInkDom.ts:resolvePageDomHit","message":"dom hit resolved","data":{"clientX":456,"clientY":357,"method":"rect","hitKind":null},"timestamp":1787933386047,"hypothesisId":"B","runId":"ipad-fix2"}
{"sessionId":"6c5c15","location":"pageInkDom.ts:resolvePageDomHit","message":"dom hit resolved","data":{"clientX":456,"clientY":357.5,"method":"rect","hitKind":null},"timestamp":1787933386054,"hypothesisId":"B","runId":"ipad-fix2"}
{"sessionId":"6c5c15","location":"pageInkDom.ts:resolvePageDomHit","message":"dom hit resolved","data":{"clientX":456,"clientY":357.5,"method":"rect","hitKind":null},"timestamp":1787933386055,"hypothesisId":"B","runId":"ipad-fix2"}
{"sessionId":"6c5c15","location":"pageInkDom.ts:resolvePageDomHit","message":"dom hit resolved","data":{"clientX":456.5,"clientY":358,"method":"rect","hitKind":null},"timestamp":1787933386063,"hypothesisId":"B","runId":"ipad-fix2"}
{"sessionId":"6c5c15","location":"pageInkDom.ts:resolvePageDomHit","message":"dom hit resolved","data":{"clientX":456.5,"clientY":358,"method":"rect","hitKind":null},"timestamp":1787933386063,"hypothesisId":"B","runId":"ipad-fix2"}
{"sessionId":"6c5c15","location":"pageInkDom.ts:resolvePageDomHit","message":"dom hit resolved","data":{"clientX":457.5,"clientY":358.5,"method":"rect","hitKind":null},"timestamp":1787933386071,"hypothesisId":"B","runId":"ipad-fix2"}
{"sessionId":"6c5c15","location":"pageInkDom.ts:resolvePageDomHit","message":"dom hit resolved","data":{"clientX":457.5,"clientY":358.5,"method":"rect","hitKind":null},"timestamp":1787933386072,"hypothesisId":"B","runId":"ipad-fix2"}
{"sessionId":"6c5c15","location":"pageInkDom.ts:resolvePageDomHit","message":"dom hit resolved","data":{"clientX":458.5,"clientY":358.5,"method":"rect","hitKind":null},"timestamp":1787933386079,"hypothesisId":"B","runId":"ipad-fix2"}
{"sessionId":"6c5c15","location":"pageInkDom.ts:resolvePageDomHit","message":"dom hit resolved","data":{"clientX":458.5,"clientY":358.5,"method":"rect","hitKind":null},"timestamp":1787933386080,"hypothesisId":"B","runId":"ipad-fix2"}
{"sessionId":"6c5c15","location":"pageInkDom.ts:resolvePageDomHit","message":"dom hit resolved","data":{"clientX":459.5,"clientY":358.5,"method":"rect","hitKind":null},"timestamp":1787933386088,"hypothesisId":"B","runId":"ipad-fix2"}
{"sessionId":"6c5c15","location":"pageInkDom.ts:resolvePageDomHit","message":"dom hit resolved","data":{"clientX":459.5,"clientY":358.5,"method":"rect","hitKind":null},"timestamp":1787933386088,"hypothesisId":"B","runId":"ipad-fix2"}
{"sessionId":"6c5c15","location":"pageInkDom.ts:resolvePageDomHit","message":"dom hit resolved","data":{"clientX":461.5,"clientY":358.5,"method":"rect","hitKind":null},"timestamp":1787933386096,"hypothesisId":"B","runId":"ipad-fix2"}
{"sessionId":"6c5c15","location":"pageInkDom.ts:resolvePageDomHit","message":"dom hit resolved","data":{"clientX":461.5,"clientY":358.5,"method":"rect","hitKind":null},"timestamp":1787933386097,"hypothesisId":"B","runId":"ipad-fix2"}
{"sessionId":"6c5c15","location":"pageInkDom.ts:resolvePageDomHit","message":"dom hit resolved","data":{"clientX":463,"clientY":358,"method":"rect","hitKind":null},"timestamp":1787933386104,"hypothesisId":"B","runId":"ipad-fix2"}
{"sessionId":"6c5c15","location":"pageInkDom.ts:resolvePageDomHit","message":"dom hit resolved","data":{"clientX":463,"clientY":358,"method":"rect","hitKind":null},"timestamp":1787933386105,"hypothesisId":"B","runId":"ipad-fix2"}
{"sessionId":"6c5c15","location":"pageInkDom.ts:resolvePageDomHit","message":"dom hit resolved","data":{"clientX":464.5,"clientY":357,"method":"rect","hitKind":null},"timestamp":1787933386113,"hypothesisId":"B","runId":"ipad-fix2"}
{"sessionId":"6c5c15","location":"pageInkDom.ts:resolvePageDomHit","message":"dom hit resolved","data":{"clientX":464.5,"clientY":357,"method":"rect","hitKind":null},"timestamp":1787933386113,"hypothesisId":"B","runId":"ipad-fix2"}
{"sessionId":"6c5c15","location":"pageInkDom.ts:resolvePageDomHit","message":"dom hit resolved","data":{"clientX":466.5,"clientY":356,"method":"rect","hitKind":null},"timestamp":1787933386121,"hypothesisId":"B","runId":"ipad-fix2"}
{"sessionId":"6c5c15","location":"pageInkDom.ts:resolvePageDomHit","message":"dom hit resolved","data":{"clientX":466.5,"clientY":356,"method":"rect","hitKind":null},"timestamp":1787933386122,"hypothesisId":"B","runId":"ipad-fix2"}
{"sessionId":"6c5c15","location":"pageInkDom.ts:resolvePageDomHit","message":"dom hit resolved","data":{"clientX":469.5,"clientY":354.5,"method":"rect","hitKind":null},"timestamp":1787933386129,"hypothesisId":"B","runId":"ipad-fix2"}
{"sessionId":"6c5c15","location":"pageInkDom.ts:resolvePageDomHit","message":"dom hit resolved","data":{"clientX":469.5,"clientY":354.5,"method":"rect","hitKind":null},"timestamp":1787933386130,"hypothesisId":"B","runId":"ipad-fix2"}
{"sessionId":"6c5c15","location":"pageInkDom.ts:resolvePageDomHit","message":"dom hit resolved","data":{"clientX":472.5,"clientY":353.5,"method":"rect","hitKind":null},"timestamp":1787933386138,"hypothesisId":"B","runId":"ipad-fix2"}
{"sessionId":"6c5c15","location":"pageInkDom.ts:resolvePageDomHit","message":"dom hit resolved","data":{"clientX":472.5,"clientY":353.5,"method":"rect","hitKind":null},"timestamp":1787933386138,"hypothesisId":"B","runId":"ipad-fix2"}
{"sessionId":"6c5c15","location":"pageInkDom.ts:resolvePageDomHit","message":"dom hit resolved","data":{"clientX":476,"clientY":352,"method":"rect","hitKind":null},"timestamp":1787933386146,"hypothesisId":"B","runId":"ipad-fix2"}
{"sessionId":"6c5c15","location":"pageInkDom.ts:resolvePageDomHit","message":"dom hit resolved","data":{"clientX":476,"clientY":352,"method":"rect","hitKind":null},"timestamp":1787933386147,"hypothesisId":"B","runId":"ipad-fix2"}
{"sessionId":"6c5c15","location":"pageInkDom.ts:resolvePageDomHit","message":"dom hit resolved","data":{"clientX":479.5,"clientY":351,"method":"rect","hitKind":null},"timestamp":1787933386154,"hypothesisId":"B","runId":"ipad-fix2"}
{"sessionId":"6c5c15","location":"pageInkDom.ts:resolvePageDomHit","message":"dom hit resolved","data":{"clientX":479.5,"clientY":351,"method":"rect","hitKind":null},"timestamp":1787933386155,"hypothesisId":"B","runId":"ipad-fix2"}
{"sessionId":"6c5c15","location":"pageInkDom.ts:resolvePageDomHit","message":"dom hit resolved","data":{"clientX":484,"clientY":350,"method":"rect","hitKind":null},"timestamp":1787933386163,"hypothesisId":"B","runId":"ipad-fix2"}
{"sessionId":"6c5c15","location":"pageInkDom.ts:resolvePageDomHit","message":"dom hit resolved","data":{"clientX":484,"clientY":350,"method":"rect","hitKind":null},"timestamp":1787933386163,"hypothesisId":"B","runId":"ipad-fix2"}
{"sessionId":"6c5c15","location":"pageInkDom.ts:resolvePageDomHit","message":"dom hit resolved","data":{"clientX":488.5,"clientY":349,"method":"rect","hitKind":null},"timestamp":1787933386171,"hypothesisId":"B","runId":"ipad-fix2"}
{"sessionId":"6c5c15","location":"pageInkDom.ts:resolvePageDomHit","message":"dom hit resolved","data":{"clientX":488.5,"clientY":349,"method":"rect","hitKind":null},"timestamp":1787933386172,"hypothesisId":"B","runId":"ipad-fix2"}
{"sessionId":"6c5c15","location":"pageInkDom.ts:resolvePageDomHit","message":"dom hit resolved","data":{"clientX":495,"clientY":348,"method":"rect","hitKind":null},"timestamp":1787933386179,"hypothesisId":"B","runId":"ipad-fix2"}
{"sessionId":"6c5c15","location":"pageInkDom.ts:resolvePageDomHit","message":"dom hit resolved","data":{"clientX":495,"clientY":348,"method":"rect","hitKind":null},"timestamp":1787933386180,"hypothesisId":"B","runId":"ipad-fix2"}
{"sessionId":"6c5c15","location":"pageInkDom.ts:resolvePageDomHit","message":"dom hit resolved","data":{"clientX":501,"clientY":347.5,"method":"rect","hitKind":null},"timestamp":1787933386188,"hypothesisId":"B","runId":"ipad-fix2"}
{"sessionId":"6c5c15","location":"pageInkDom.ts:resolvePageDomHit","message":"dom hit resolved","data":{"clientX":501,"clientY":347.5,"method":"rect","hitKind":null},"timestamp":1787933386188,"hypothesisId":"B","runId":"ipad-fix2"}
{"sessionId":"6c5c15","location":"pageInkDom.ts:resolvePageDomHit","message":"dom hit resolved","data":{"clientX":508,"clientY":346.5,"method":"rect","hitKind":null},"timestamp":1787933386196,"hypothesisId":"B","runId":"ipad-fix2"}
{"sessionId":"6c5c15","location":"pageInkDom.ts:resolvePageDomHit","message":"dom hit resolved","data":{"clientX":508,"clientY":346.5,"method":"rect","hitKind":null},"timestamp":1787933386197,"hypothesisId":"B","runId":"ipad-fix2"}
{"sessionId":"6c5c15","location":"pageInkDom.ts:resolvePageDomHit","message":"dom hit resolved","data":{"clientX":516,"clientY":345.5,"method":"rect","hitKind":null},"timestamp":1787933386204,"hypothesisId":"B","runId":"ipad-fix2"}
{"sessionId":"6c5c15","location":"pageInkDom.ts:resolvePageDomHit","message":"dom hit resolved","data":{"clientX":516,"clientY":345.5,"method":"rect","hitKind":null},"timestamp":1787933386205,"hypothesisId":"B","runId":"ipad-fix2"}
{"sessionId":"6c5c15","location":"pageInkDom.ts:resolvePageDomHit","message":"dom hit resolved","data":{"clientX":524,"clientY":344.5,"method":"rect","hitKind":null},"timestamp":1787933386214,"hypothesisId":"B","runId":"ipad-fix2"}
{"sessionId":"6c5c15","location":"pageInkDom.ts:resolvePageDomHit","message":"dom hit resolved","data":{"clientX":524,"clientY":344.5,"method":"rect","hitKind":null},"timestamp":1787933386215,"hypothesisId":"B","runId":"ipad-fix2"}
{"sessionId":"6c5c15","location":"pageInkDom.ts:resolvePageDomHit","message":"dom hit resolved","data":{"clientX":532,"clientY":343,"method":"rect","hitKind":null},"timestamp":1787933386221,"hypothesisId":"B","runId":"ipad-fix2"}
{"sessionId":"6c5c15","location":"pageInkDom.ts:resolvePageDomHit","message":"dom hit resolved","data":{"clientX":532,"clientY":343,"method":"rect","hitKind":null},"timestamp":1787933386222,"hypothesisId":"B","runId":"ipad-fix2"}
{"sessionId":"6c5c15","location":"pageInkDom.ts:resolvePageDomHit","message":"dom hit resolved","data":{"clientX":541.5,"clientY":341.5,"method":"rect","hitKind":null},"timestamp":1787933386229,"hypothesisId":"B","runId":"ipad-fix2"}
{"sessionId":"6c5c15","location":"pageInkDom.ts:resolvePageDomHit","message":"dom hit resolved","data":{"clientX":541.5,"clientY":341.5,"method":"rect","hitKind":null},"timestamp":1787933386230,"hypothesisId":"B","runId":"ipad-fix2"}
{"sessionId":"6c5c15","location":"pageInkDom.ts:resolvePageDomHit","message":"dom hit resolved","data":{"clientX":549.5,"clientY":340,"method":"rect","hitKind":null},"timestamp":1787933386238,"hypothesisId":"B","runId":"ipad-fix2"}
{"sessionId":"6c5c15","location":"pageInkDom.ts:resolvePageDomHit","message":"dom hit resolved","data":{"clientX":549.5,"clientY":340,"method":"rect","hitKind":null},"timestamp":1787933386239,"hypothesisId":"B","runId":"ipad-fix2"}
{"sessionId":"6c5c15","location":"pageInkDom.ts:resolvePageDomHit","message":"dom hit resolved","data":{"clientX":560,"clientY":338,"method":"rect","hitKind":null},"timestamp":1787933386246,"hypothesisId":"B","runId":"ipad-fix2"}
{"sessionId":"6c5c15","location":"pageInkDom.ts:resolvePageDomHit","message":"dom hit resolved","data":{"clientX":560,"clientY":338,"method":"rect","hitKind":null},"timestamp":1787933386246,"hypothesisId":"B","runId":"ipad-fix2"}
{"sessionId":"6c5c15","location":"pageInkDom.ts:resolvePageDomHit","message":"dom hit resolved","data":{"clientX":569.5,"clientY":336,"method":"rect","hitKind":null},"timestamp":1787933386254,"hypothesisId":"B","runId":"ipad-fix2"}
{"sessionId":"6c5c15","location":"pageInkDom.ts:resolvePageDomHit","message":"dom hit resolved","data":{"clientX":569.5,"clientY":336,"method":"rect","hitKind":null},"timestamp":1787933386255,"hypothesisId":"B","runId":"ipad-fix2"}
{"sessionId":"6c5c15","location":"pageInkDom.ts:resolvePageDomHit","message":"dom hit resolved","data":{"clientX":580.5,"clientY":333.5,"method":"rect","hitKind":null},"timestamp":1787933386263,"hypothesisId":"B","runId":"ipad-fix2"}
{"sessionId":"6c5c15","location":"pageInkDom.ts:resolvePageDomHit","message":"dom hit resolved","data":{"clientX":580.5,"clientY":333.5,"method":"rect","hitKind":null},"timestamp":1787933386263,"hypothesisId":"B","runId":"ipad-fix2"}
{"sessionId":"6c5c15","location":"pageInkDom.ts:resolvePageDomHit","message":"dom hit resolved","data":{"clientX":590.5,"clientY":331.5,"method":"rect","hitKind":null},"timestamp":1787933386271,"hypothesisId":"B","runId":"ipad-fix2"}
{"sessionId":"6c5c15","location":"pageInkDom.ts:resolvePageDomHit","message":"dom hit resolved","data":{"clientX":590.5,"clientY":331.5,"method":"rect","hitKind":null},"timestamp":1787933386272,"hypothesisId":"B","runId":"ipad-fix2"}
{"sessionId":"6c5c15","location":"pageInkDom.ts:resolvePageDomHit","message":"dom hit resolved","data":{"clientX":602.5,"clientY":329,"method":"rect","hitKind":null},"timestamp":1787933386280,"hypothesisId":"B","runId":"ipad-fix2"}
{"sessionId":"6c5c15","location":"pageInkDom.ts:resolvePageDomHit","message":"dom hit resolved","data":{"clientX":602.5,"clientY":329,"method":"rect","hitKind":null},"timestamp":1787933386280,"hypothesisId":"B","runId":"ipad-fix2"}
{"sessionId":"6c5c15","location":"pageInkDom.ts:resolvePageDomHit","message":"dom hit resolved","data":{"clientX":613,"clientY":327,"method":"rect","hitKind":null},"timestamp":1787933386288,"hypothesisId":"B","runId":"ipad-fix2"}
{"sessionId":"6c5c15","location":"pageInkDom.ts:resolvePageDomHit","message":"dom hit resolved","data":{"clientX":613,"clientY":327,"method":"rect","hitKind":null},"timestamp":1787933386288,"hypothesisId":"B","runId":"ipad-fix2"}
{"sessionId":"6c5c15","location":"pageInkDom.ts:resolvePageDomHit","message":"dom hit resolved","data":{"clientX":626,"clientY":324.5,"method":"rect","hitKind":null},"timestamp":1787933386296,"hypothesisId":"B","runId":"ipad-fix2"}
{"sessionId":"6c5c15","location":"pageInkDom.ts:resolvePageDomHit","message":"dom hit resolved","data":{"clientX":626,"clientY":324.5,"method":"rect","hitKind":null},"timestamp":1787933386297,"hypothesisId":"B","runId":"ipad-fix2"}
{"sessionId":"6c5c15","location":"pageInkDom.ts:resolvePageDomHit","message":"dom hit resolved","data":{"clientX":636.5,"clientY":322.5,"method":"rect","hitKind":null},"timestamp":1787933386304,"hypothesisId":"B","runId":"ipad-fix2"}
{"sessionId":"6c5c15","location":"pageInkDom.ts:resolvePageDomHit","message":"dom hit resolved","data":{"clientX":636.5,"clientY":322.5,"method":"rect","hitKind":null},"timestamp":1787933386305,"hypothesisId":"B","runId":"ipad-fix2"}
{"sessionId":"6c5c15","location":"pageInkDom.ts:resolvePageDomHit","message":"dom hit resolved","data":{"clientX":649.5,"clientY":321,"method":"rect","hitKind":null},"timestamp":1787933386313,"hypothesisId":"B","runId":"ipad-fix2"}
{"sessionId":"6c5c15","location":"pageInkDom.ts:resolvePageDomHit","message":"dom hit resolved","data":{"clientX":649.5,"clientY":321,"method":"rect","hitKind":null},"timestamp":1787933386313,"hypothesisId":"B","runId":"ipad-fix2"}
{"sessionId":"6c5c15","location":"pageInkDom.ts:resolvePageDomHit","message":"dom hit resolved","data":{"clientX":661.5,"clientY":319.5,"method":"rect","hitKind":null},"timestamp":1787933386321,"hypothesisId":"B","runId":"ipad-fix2"}
{"sessionId":"6c5c15","location":"pageInkDom.ts:resolvePageDomHit","message":"dom hit resolved","data":{"clientX":661.5,"clientY":319.5,"method":"rect","hitKind":null},"timestamp":1787933386322,"hypothesisId":"B","runId":"ipad-fix2"}
{"sessionId":"6c5c15","location":"pageInkDom.ts:resolvePageDomHit","message":"dom hit resolved","data":{"clientX":673,"clientY":318.5,"method":"rect","hitKind":null},"timestamp":1787933386329,"hypothesisId":"B","runId":"ipad-fix2"}
{"sessionId":"6c5c15","location":"pageInkDom.ts:resolvePageDomHit","message":"dom hit resolved","data":{"clientX":673,"clientY":318.5,"method":"rect","hitKind":null},"timestamp":1787933386330,"hypothesisId":"B","runId":"ipad-fix2"}
{"sessionId":"6c5c15","location":"pageInkDom.ts:resolvePageDomHit","message":"dom hit resolved","data":{"clientX":685,"clientY":317.5,"method":"rect","hitKind":null},"timestamp":1787933386338,"hypothesisId":"B","runId":"ipad-fix2"}
{"sessionId":"6c5c15","location":"pageInkDom.ts:resolvePageDomHit","message":"dom hit resolved","data":{"clientX":685,"clientY":317.5,"method":"rect","hitKind":null},"timestamp":1787933386338,"hypothesisId":"B","runId":"ipad-fix2"}
{"sessionId":"6c5c15","location":"pageInkDom.ts:resolvePageDomHit","message":"dom hit resolved","data":{"clientX":695.5,"clientY":316.5,"method":"rect","hitKind":null},"timestamp":1787933386346,"hypothesisId":"B","runId":"ipad-fix2"}
{"sessionId":"6c5c15","location":"pageInkDom.ts:resolvePageDomHit","message":"dom hit resolved","data":{"clientX":695.5,"clientY":316.5,"method":"rect","hitKind":null},"timestamp":1787933386346,"hypothesisId":"B","runId":"ipad-fix2"}
{"sessionId":"6c5c15","location":"pageInkDom.ts:resolvePageDomHit","message":"dom hit resolved","data":{"clientX":707,"clientY":316,"method":"rect","hitKind":null},"timestamp":1787933386355,"hypothesisId":"B","runId":"ipad-fix2"}
{"sessionId":"6c5c15","location":"pageInkDom.ts:resolvePageDomHit","message":"dom hit resolved","data":{"clientX":707,"clientY":316,"method":"rect","hitKind":null},"timestamp":1787933386355,"hypothesisId":"B","runId":"ipad-fix2"}
{"sessionId":"6c5c15","location":"pageInkDom.ts:resolvePageDomHit","message":"dom hit resolved","data":{"clientX":717,"clientY":315.5,"method":"rect","hitKind":null},"timestamp":1787933386364,"hypothesisId":"B","runId":"ipad-fix2"}
{"sessionId":"6c5c15","location":"pageInkDom.ts:resolvePageDomHit","message":"dom hit resolved","data":{"clientX":717,"clientY":315.5,"method":"rect","hitKind":null},"timestamp":1787933386365,"hypothesisId":"B","runId":"ipad-fix2"}
{"sessionId":"6c5c15","location":"pageInkDom.ts:resolvePageDomHit","message":"dom hit resolved","data":{"clientX":726.5,"clientY":315,"method":"rect","hitKind":null},"timestamp":1787933386371,"hypothesisId":"B","runId":"ipad-fix2"}
{"sessionId":"6c5c15","location":"pageInkDom.ts:resolvePageDomHit","message":"dom hit resolved","data":{"clientX":726.5,"clientY":315,"method":"rect","hitKind":null},"timestamp":1787933386372,"hypothesisId":"B","runId":"ipad-fix2"}
{"sessionId":"6c5c15","location":"pageInkDom.ts:resolvePageDomHit","message":"dom hit resolved","data":{"clientX":735.5,"clientY":314.5,"method":"rect","hitKind":null},"timestamp":1787933386379,"hypothesisId":"B","runId":"ipad-fix2"}
{"sessionId":"6c5c15","location":"pageInkDom.ts:resolvePageDomHit","message":"dom hit resolved","data":{"clientX":735.5,"clientY":314.5,"method":"rect","hitKind":null},"timestamp":1787933386380,"hypothesisId":"B","runId":"ipad-fix2"}
{"sessionId":"6c5c15","location":"pageInkDom.ts:resolvePageDomHit","message":"dom hit resolved","data":{"clientX":743,"clientY":314,"method":"rect","hitKind":null},"timestamp":1787933386389,"hypothesisId":"B","runId":"ipad-fix2"}
{"sessionId":"6c5c15","location":"pageInkDom.ts:resolvePageDomHit","message":"dom hit resolved","data":{"clientX":743,"clientY":314,"method":"rect","hitKind":null},"timestamp":1787933386390,"hypothesisId":"B","runId":"ipad-fix2"}
{"sessionId":"6c5c15","location":"pageInkDom.ts:resolvePageDomHit","message":"dom hit resolved","data":{"clientX":751.5,"clientY":314,"method":"rect","hitKind":null},"timestamp":1787933386396,"hypothesisId":"B","runId":"ipad-fix2"}
{"sessionId":"6c5c15","location":"pageInkDom.ts:resolvePageDomHit","message":"dom hit resolved","data":{"clientX":751.5,"clientY":314,"method":"rect","hitKind":null},"timestamp":1787933386397,"hypothesisId":"B","runId":"ipad-fix2"}
{"sessionId":"6c5c15","location":"pageInkDom.ts:resolvePageDomHit","message":"dom hit resolved","data":{"clientX":757.5,"clientY":313.5,"method":"rect","hitKind":null},"timestamp":1787933386405,"hypothesisId":"B","runId":"ipad-fix2"}
{"sessionId":"6c5c15","location":"pageInkDom.ts:resolvePageDomHit","message":"dom hit resolved","data":{"clientX":757.5,"clientY":313.5,"method":"rect","hitKind":null},"timestamp":1787933386405,"hypothesisId":"B","runId":"ipad-fix2"}
{"sessionId":"6c5c15","location":"pageInkDom.ts:resolvePageDomHit","message":"dom hit resolved","data":{"clientX":764,"clientY":313.5,"method":"rect","hitKind":null},"timestamp":1787933386413,"hypothesisId":"B","runId":"ipad-fix2"}
{"sessionId":"6c5c15","location":"pageInkDom.ts:resolvePageDomHit","message":"dom hit resolved","data":{"clientX":764,"clientY":313.5,"method":"rect","hitKind":null},"timestamp":1787933386413,"hypothesisId":"B","runId":"ipad-fix2"}
{"sessionId":"6c5c15","location":"pageInkDom.ts:resolvePageDomHit","message":"dom hit resolved","data":{"clientX":770.5,"clientY":313,"method":"rect","hitKind":null},"timestamp":1787933386421,"hypothesisId":"B","runId":"ipad-fix2"}
{"sessionId":"6c5c15","location":"pageInkDom.ts:resolvePageDomHit","message":"dom hit resolved","data":{"clientX":770.5,"clientY":313,"method":"rect","hitKind":null},"timestamp":1787933386422,"hypothesisId":"B","runId":"ipad-fix2"}
{"sessionId":"6c5c15","location":"pageInkDom.ts:resolvePageDomHit","message":"dom hit resolved","data":{"clientX":776,"clientY":313,"method":"rect","hitKind":null},"timestamp":1787933386429,"hypothesisId":"B","runId":"ipad-fix2"}
{"sessionId":"6c5c15","location":"pageInkDom.ts:resolvePageDomHit","message":"dom hit resolved","data":{"clientX":776,"clientY":313,"method":"rect","hitKind":null},"timestamp":1787933386430,"hypothesisId":"B","runId":"ipad-fix2"}
{"sessionId":"6c5c15","location":"pageInkDom.ts:resolvePageDomHit","message":"dom hit resolved","data":{"clientX":780,"clientY":312.5,"method":"rect","hitKind":null},"timestamp":1787933386438,"hypothesisId":"B","runId":"ipad-fix2"}
{"sessionId":"6c5c15","location":"pageInkDom.ts:resolvePageDomHit","message":"dom hit resolved","data":{"clientX":780,"clientY":312.5,"method":"rect","hitKind":null},"timestamp":1787933386438,"hypothesisId":"B","runId":"ipad-fix2"}
{"sessionId":"6c5c15","location":"pageInkDom.ts:resolvePageDomHit","message":"dom hit resolved","data":{"clientX":783.5,"clientY":312,"method":"rect","hitKind":null},"timestamp":1787933386446,"hypothesisId":"B","runId":"ipad-fix2"}
{"sessionId":"6c5c15","location":"pageInkDom.ts:resolvePageDomHit","message":"dom hit resolved","data":{"clientX":783.5,"clientY":312,"method":"rect","hitKind":null},"timestamp":1787933386447,"hypothesisId":"B","runId":"ipad-fix2"}
{"sessionId":"6c5c15","location":"pageInkDom.ts:resolvePageDomHit","message":"dom hit resolved","data":{"clientX":786,"clientY":311.5,"method":"rect","hitKind":null},"timestamp":1787933386454,"hypothesisId":"B","runId":"ipad-fix2"}
{"sessionId":"6c5c15","location":"pageInkDom.ts:resolvePageDomHit","message":"dom hit resolved","data":{"clientX":786,"clientY":311.5,"method":"rect","hitKind":null},"timestamp":1787933386455,"hypothesisId":"B","runId":"ipad-fix2"}
{"sessionId":"6c5c15","location":"pageInkDom.ts:resolvePageDomHit","message":"dom hit resolved","data":{"clientX":788,"clientY":311,"method":"rect","hitKind":null},"timestamp":1787933386463,"hypothesisId":"B","runId":"ipad-fix2"}
{"sessionId":"6c5c15","location":"pageInkDom.ts:resolvePageDomHit","message":"dom hit resolved","data":{"clientX":788,"clientY":311,"method":"rect","hitKind":null},"timestamp":1787933386463,"hypothesisId":"B","runId":"ipad-fix2"}
{"sessionId":"6c5c15","location":"pageInkDom.ts:resolvePageDomHit","message":"dom hit resolved","data":{"clientX":789.5,"clientY":310.5,"method":"rect","hitKind":null},"timestamp":1787933386472,"hypothesisId":"B","runId":"ipad-fix2"}
{"sessionId":"6c5c15","location":"pageInkDom.ts:resolvePageDomHit","message":"dom hit resolved","data":{"clientX":789.5,"clientY":310.5,"method":"rect","hitKind":null},"timestamp":1787933386474,"hypothesisId":"B","runId":"ipad-fix2"}
{"sessionId":"6c5c15","location":"pageInkDom.ts:resolvePageDomHit","message":"dom hit resolved","data":{"clientX":790.5,"clientY":309,"method":"rect","hitKind":null},"timestamp":1787933386481,"hypothesisId":"B","runId":"ipad-fix2"}
{"sessionId":"6c5c15","location":"pageInkDom.ts:resolvePageDomHit","message":"dom hit resolved","data":{"clientX":790.5,"clientY":309,"method":"rect","hitKind":null},"timestamp":1787933386482,"hypothesisId":"B","runId":"ipad-fix2"}
{"sessionId":"6c5c15","location":"pageInkDom.ts:resolvePageDomHit","message":"dom hit resolved","data":{"clientX":790.5,"clientY":308,"method":"rect","hitKind":null},"timestamp":1787933386488,"hypothesisId":"B","runId":"ipad-fix2"}
{"sessionId":"6c5c15","location":"pageInkDom.ts:resolvePageDomHit","message":"dom hit resolved","data":{"clientX":790.5,"clientY":308,"method":"rect","hitKind":null},"timestamp":1787933386489,"hypothesisId":"B","runId":"ipad-fix2"}
{"sessionId":"6c5c15","location":"useEditorController.tsx:textTapUp","message":"text tap up","data":{"pointerType":"pen","hasPending":false,"dist":332.9061429292046},"timestamp":1787933386489,"hypothesisId":"A,E","runId":"post-fix2"}
{"sessionId":"6c5c15","location":"pageInkDom.ts:resolvePageDomHit","message":"dom hit resolved","data":{"clientX":790,"clientY":307,"method":"rect","hitKind":null},"timestamp":1787933386489,"hypothesisId":"B","runId":"ipad-fix2"}
{"sessionId":"516081","runId":"post-fix","hypothesisId":"A,B,C,D","location":"gestures/index.ts:dispatch","message":"workspace pointer","data":{"phase":"up","pointerType":"pen","kind":"pencil","tool":"text","hitKind":"slot","effectTypes":[],"isPrimary":true,"clientX":790,"clientY":307,"wrapCount":3,"nearest":[{"id":"b79c89c1-0922-4d8d-bae7-95238d32ff0d","w":46,"h":202,"l":-78,"t":287,"r":-33,"b":489,"inside":false},{"id":"b33a1f67-4108-4509-82bd-a5c9ccb050ed","w":46,"h":202,"l":-78,"t":489,"r":-33,"b":691,"inside":false},{"id":"0434644a-948c-429d-9b35-70326a337e62","w":46,"h":202,"l":-78,"t":691,"r":-33,"b":894,"inside":false}]},"timestamp":1787933386489}
{"sessionId":"6c5c15","location":"useEditorController.tsx:textTapDown","message":"global pointerdown","data":{"pointerType":"touch","tracked":true},"timestamp":1787933386796,"hypothesisId":"A","runId":"post-fix"}
{"sessionId":"6c5c15","location":"pageInkDom.ts:resolvePageDomHit","message":"dom hit resolved","data":{"clientX":636.5,"clientY":241,"method":"rect","hitKind":null},"timestamp":1787933386797,"hypothesisId":"B","runId":"ipad-fix2"}
{"sessionId":"516081","runId":"post-fix","hypothesisId":"A,B,C,D","location":"gestures/index.ts:dispatch","message":"workspace pointer","data":{"phase":"down","pointerType":"touch","kind":"finger","tool":"text","hitKind":"slot","effectTypes":[],"isPrimary":true,"clientX":636.5,"clientY":241,"wrapCount":3,"nearest":[{"id":"b79c89c1-0922-4d8d-bae7-95238d32ff0d","w":46,"h":202,"l":-78,"t":287,"r":-33,"b":489,"inside":false},{"id":"b33a1f67-4108-4509-82bd-a5c9ccb050ed","w":46,"h":202,"l":-78,"t":489,"r":-33,"b":691,"inside":false},{"id":"0434644a-948c-429d-9b35-70326a337e62","w":46,"h":202,"l":-78,"t":691,"r":-33,"b":894,"inside":false}]},"timestamp":1787933386797}
{"sessionId":"6c5c15","location":"pageInkDom.ts:resolvePageDomHit","message":"dom hit resolved","data":{"clientX":642.5,"clientY":241,"method":"rect","hitKind":null},"timestamp":1787933386830,"hypothesisId":"B","runId":"ipad-fix2"}
{"sessionId":"6c5c15","location":"pageInkDom.ts:resolvePageDomHit","message":"dom hit resolved","data":{"clientX":642.5,"clientY":241,"method":"rect","hitKind":null},"timestamp":1787933386831,"hypothesisId":"B","runId":"ipad-fix2"}
{"sessionId":"6c5c15","location":"pageInkDom.ts:resolvePageDomHit","message":"dom hit resolved","data":{"clientX":648,"clientY":240,"method":"rect","hitKind":null},"timestamp":1787933386838,"hypothesisId":"B","runId":"ipad-fix2"}
{"sessionId":"6c5c15","location":"pageInkDom.ts:resolvePageDomHit","message":"dom hit resolved","data":{"clientX":655,"clientY":239.5,"method":"rect","hitKind":null},"timestamp":1787933386846,"hypothesisId":"B","runId":"ipad-fix2"}
{"sessionId":"6c5c15","location":"pageInkDom.ts:resolvePageDomHit","message":"dom hit resolved","data":{"clientX":664.5,"clientY":238,"method":"rect","hitKind":null},"timestamp":1787933386855,"hypothesisId":"B","runId":"ipad-fix2"}
{"sessionId":"6c5c15","location":"pageInkDom.ts:resolvePageDomHit","message":"dom hit resolved","data":{"clientX":677,"clientY":235,"method":"rect","hitKind":null},"timestamp":1787933386863,"hypothesisId":"B","runId":"ipad-fix2"}
{"sessionId":"6c5c15","location":"pageInkDom.ts:resolvePageDomHit","message":"dom hit resolved","data":{"clientX":690.5,"clientY":233.5,"method":"rect","hitKind":null},"timestamp":1787933386871,"hypothesisId":"B","runId":"ipad-fix2"}
{"sessionId":"6c5c15","location":"pageInkDom.ts:resolvePageDomHit","message":"dom hit resolved","data":{"clientX":704.5,"clientY":228.5,"method":"rect","hitKind":null},"timestamp":1787933386880,"hypothesisId":"B","runId":"ipad-fix2"}
{"sessionId":"6c5c15","location":"pageInkDom.ts:resolvePageDomHit","message":"dom hit resolved","data":{"clientX":719.5,"clientY":225,"method":"rect","hitKind":null},"timestamp":1787933386888,"hypothesisId":"B","runId":"ipad-fix2"}
{"sessionId":"6c5c15","location":"pageInkDom.ts:resolvePageDomHit","message":"dom hit resolved","data":{"clientX":753,"clientY":212,"method":"rect","hitKind":null},"timestamp":1787933386905,"hypothesisId":"B","runId":"ipad-fix2"}
{"sessionId":"6c5c15","location":"pageInkDom.ts:resolvePageDomHit","message":"dom hit resolved","data":{"clientX":735.5,"clientY":220,"method":"rect","hitKind":null},"timestamp":1787933386896,"hypothesisId":"B","runId":"ipad-fix2"}
{"sessionId":"6c5c15","location":"pageInkDom.ts:resolvePageDomHit","message":"dom hit resolved","data":{"clientX":769.5,"clientY":205.5,"method":"rect","hitKind":null},"timestamp":1787933386913,"hypothesisId":"B","runId":"ipad-fix2"}
{"sessionId":"6c5c15","location":"pageInkDom.ts:resolvePageDomHit","message":"dom hit resolved","data":{"clientX":784,"clientY":199,"method":"rect","hitKind":null},"timestamp":1787933386921,"hypothesisId":"B","runId":"ipad-fix2"}
{"sessionId":"6c5c15","location":"pageInkDom.ts:resolvePageDomHit","message":"dom hit resolved","data":{"clientX":803,"clientY":191,"method":"rect","hitKind":null},"timestamp":1787933386930,"hypothesisId":"B","runId":"ipad-fix2"}
{"sessionId":"6c5c15","location":"pageInkDom.ts:resolvePageDomHit","message":"dom hit resolved","data":{"clientX":820,"clientY":185,"method":"rect","hitKind":null},"timestamp":1787933386938,"hypothesisId":"B","runId":"ipad-fix2"}
{"sessionId":"6c5c15","location":"pageInkDom.ts:resolvePageDomHit","message":"dom hit resolved","data":{"clientX":836.5,"clientY":179.5,"method":"rect","hitKind":null},"timestamp":1787933386947,"hypothesisId":"B","runId":"ipad-fix2"}
{"sessionId":"6c5c15","location":"pageInkDom.ts:resolvePageDomHit","message":"dom hit resolved","data":{"clientX":856,"clientY":173.5,"method":"rect","hitKind":null},"timestamp":1787933386955,"hypothesisId":"B","runId":"ipad-fix2"}
{"sessionId":"6c5c15","location":"pageInkDom.ts:resolvePageDomHit","message":"dom hit resolved","data":{"clientX":873,"clientY":169,"method":"rect","hitKind":null},"timestamp":1787933386963,"hypothesisId":"B","runId":"ipad-fix2"}
{"sessionId":"6c5c15","location":"pageInkDom.ts:resolvePageDomHit","message":"dom hit resolved","data":{"clientX":888.5,"clientY":166,"method":"rect","hitKind":null},"timestamp":1787933386972,"hypothesisId":"B","runId":"ipad-fix2"}
{"sessionId":"6c5c15","location":"pageInkDom.ts:resolvePageDomHit","message":"dom hit resolved","data":{"clientX":907,"clientY":162,"method":"rect","hitKind":null},"timestamp":1787933386980,"hypothesisId":"B","runId":"ipad-fix2"}
{"sessionId":"6c5c15","location":"pageInkDom.ts:resolvePageDomHit","message":"dom hit resolved","data":{"clientX":921.5,"clientY":160.5,"method":"rect","hitKind":null},"timestamp":1787933386988,"hypothesisId":"B","runId":"ipad-fix2"}
{"sessionId":"6c5c15","location":"pageInkDom.ts:resolvePageDomHit","message":"dom hit resolved","data":{"clientX":937,"clientY":158,"method":"rect","hitKind":null},"timestamp":1787933386997,"hypothesisId":"B","runId":"ipad-fix2"}
{"sessionId":"6c5c15","location":"pageInkDom.ts:resolvePageDomHit","message":"dom hit resolved","data":{"clientX":951,"clientY":156,"method":"rect","hitKind":null},"timestamp":1787933387005,"hypothesisId":"B","runId":"ipad-fix2"}
{"sessionId":"6c5c15","location":"pageInkDom.ts:resolvePageDomHit","message":"dom hit resolved","data":{"clientX":964.5,"clientY":154,"method":"rect","hitKind":null},"timestamp":1787933387013,"hypothesisId":"B","runId":"ipad-fix2"}
{"sessionId":"6c5c15","location":"pageInkDom.ts:resolvePageDomHit","message":"dom hit resolved","data":{"clientX":978,"clientY":152.5,"method":"rect","hitKind":null},"timestamp":1787933387022,"hypothesisId":"B","runId":"ipad-fix2"}
{"sessionId":"6c5c15","location":"pageInkDom.ts:resolvePageDomHit","message":"dom hit resolved","data":{"clientX":991.5,"clientY":150.5,"method":"rect","hitKind":null},"timestamp":1787933387030,"hypothesisId":"B","runId":"ipad-fix2"}
{"sessionId":"6c5c15","location":"pageInkDom.ts:resolvePageDomHit","message":"dom hit resolved","data":{"clientX":1004.5,"clientY":149,"method":"rect","hitKind":null},"timestamp":1787933387038,"hypothesisId":"B","runId":"ipad-fix2"}
{"sessionId":"6c5c15","location":"pageInkDom.ts:resolvePageDomHit","message":"dom hit resolved","data":{"clientX":1014.5,"clientY":146.5,"method":"rect","hitKind":null},"timestamp":1787933387047,"hypothesisId":"B","runId":"ipad-fix2"}
{"sessionId":"6c5c15","location":"pageInkDom.ts:resolvePageDomHit","message":"dom hit resolved","data":{"clientX":1024.5,"clientY":145,"method":"rect","hitKind":null},"timestamp":1787933387055,"hypothesisId":"B","runId":"ipad-fix2"}
{"sessionId":"6c5c15","location":"pageInkDom.ts:resolvePageDomHit","message":"dom hit resolved","data":{"clientX":1032,"clientY":143,"method":"rect","hitKind":null},"timestamp":1787933387063,"hypothesisId":"B","runId":"ipad-fix2"}
{"sessionId":"6c5c15","location":"pageInkDom.ts:resolvePageDomHit","message":"dom hit resolved","data":{"clientX":1038,"clientY":142.5,"method":"rect","hitKind":null},"timestamp":1787933387072,"hypothesisId":"B","runId":"ipad-fix2"}
{"sessionId":"6c5c15","location":"pageInkDom.ts:resolvePageDomHit","message":"dom hit resolved","data":{"clientX":1043.5,"clientY":140.5,"method":"rect","hitKind":null},"timestamp":1787933387080,"hypothesisId":"B","runId":"ipad-fix2"}
{"sessionId":"6c5c15","location":"pageInkDom.ts:resolvePageDomHit","message":"dom hit resolved","data":{"clientX":1047,"clientY":140,"method":"rect","hitKind":null},"timestamp":1787933387088,"hypothesisId":"B","runId":"ipad-fix2"}
{"sessionId":"6c5c15","location":"pageInkDom.ts:resolvePageDomHit","message":"dom hit resolved","data":{"clientX":1050,"clientY":139,"method":"rect","hitKind":null},"timestamp":1787933387097,"hypothesisId":"B","runId":"ipad-fix2"}
{"sessionId":"6c5c15","location":"pageInkDom.ts:resolvePageDomHit","message":"dom hit resolved","data":{"clientX":1052,"clientY":139,"method":"rect","hitKind":null},"timestamp":1787933387105,"hypothesisId":"B","runId":"ipad-fix2"}
{"sessionId":"6c5c15","location":"pageInkDom.ts:resolvePageDomHit","message":"dom hit resolved","data":{"clientX":1053,"clientY":138.5,"method":"rect","hitKind":null},"timestamp":1787933387113,"hypothesisId":"B","runId":"ipad-fix2"}
{"sessionId":"6c5c15","location":"pageInkDom.ts:resolvePageDomHit","message":"dom hit resolved","data":{"clientX":1054,"clientY":138.5,"method":"rect","hitKind":null},"timestamp":1787933387122,"hypothesisId":"B","runId":"ipad-fix2"}
{"sessionId":"6c5c15","location":"pageInkDom.ts:resolvePageDomHit","message":"dom hit resolved","data":{"clientX":1055,"clientY":138.5,"method":"rect","hitKind":null},"timestamp":1787933387130,"hypothesisId":"B","runId":"ipad-fix2"}
{"sessionId":"6c5c15","location":"pageInkDom.ts:resolvePageDomHit","message":"dom hit resolved","data":{"clientX":1055.5,"clientY":138.5,"method":"rect","hitKind":null},"timestamp":1787933387138,"hypothesisId":"B","runId":"ipad-fix2"}
{"sessionId":"6c5c15","location":"pageInkDom.ts:resolvePageDomHit","message":"dom hit resolved","data":{"clientX":1056,"clientY":138.5,"method":"rect","hitKind":null},"timestamp":1787933387155,"hypothesisId":"B","runId":"ipad-fix2"}
{"sessionId":"6c5c15","location":"pageInkDom.ts:resolvePageDomHit","message":"dom hit resolved","data":{"clientX":1056.5,"clientY":138.5,"method":"rect","hitKind":null},"timestamp":1787933387197,"hypothesisId":"B","runId":"ipad-fix2"}
{"sessionId":"6c5c15","location":"pageInkDom.ts:resolvePageDomHit","message":"dom hit resolved","data":{"clientX":1057,"clientY":138.5,"method":"rect","hitKind":null},"timestamp":1787933387205,"hypothesisId":"B","runId":"ipad-fix2"}
{"sessionId":"6c5c15","location":"pageInkDom.ts:resolvePageDomHit","message":"dom hit resolved","data":{"clientX":1057.5,"clientY":138,"method":"rect","hitKind":null},"timestamp":1787933387213,"hypothesisId":"B","runId":"ipad-fix2"}
{"sessionId":"6c5c15","location":"pageInkDom.ts:resolvePageDomHit","message":"dom hit resolved","data":{"clientX":1058,"clientY":136.5,"method":"rect","hitKind":null},"timestamp":1787933387222,"hypothesisId":"B","runId":"ipad-fix2"}
{"sessionId":"6c5c15","location":"pageInkDom.ts:resolvePageDomHit","message":"dom hit resolved","data":{"clientX":1058,"clientY":134,"method":"rect","hitKind":null},"timestamp":1787933387230,"hypothesisId":"B","runId":"ipad-fix2"}
{"sessionId":"6c5c15","location":"pageInkDom.ts:resolvePageDomHit","message":"dom hit resolved","data":{"clientX":1058,"clientY":131.5,"method":"rect","hitKind":null},"timestamp":1787933387238,"hypothesisId":"B","runId":"ipad-fix2"}
{"sessionId":"6c5c15","location":"pageInkDom.ts:resolvePageDomHit","message":"dom hit resolved","data":{"clientX":1058,"clientY":127.5,"method":"rect","hitKind":null},"timestamp":1787933387247,"hypothesisId":"B","runId":"ipad-fix2"}
{"sessionId":"6c5c15","location":"pageInkDom.ts:resolvePageDomHit","message":"dom hit resolved","data":{"clientX":1058,"clientY":124.5,"method":"rect","hitKind":null},"timestamp":1787933387255,"hypothesisId":"B","runId":"ipad-fix2"}
{"sessionId":"6c5c15","location":"pageInkDom.ts:resolvePageDomHit","message":"dom hit resolved","data":{"clientX":1058,"clientY":121.5,"method":"rect","hitKind":null},"timestamp":1787933387263,"hypothesisId":"B","runId":"ipad-fix2"}
{"sessionId":"6c5c15","location":"pageInkDom.ts:resolvePageDomHit","message":"dom hit resolved","data":{"clientX":1057.5,"clientY":119,"method":"rect","hitKind":null},"timestamp":1787933387272,"hypothesisId":"B","runId":"ipad-fix2"}
{"sessionId":"6c5c15","location":"pageInkDom.ts:resolvePageDomHit","message":"dom hit resolved","data":{"clientX":1056.5,"clientY":117,"method":"rect","hitKind":null},"timestamp":1787933387280,"hypothesisId":"B","runId":"ipad-fix2"}
{"sessionId":"6c5c15","location":"pageInkDom.ts:resolvePageDomHit","message":"dom hit resolved","data":{"clientX":1055.5,"clientY":115.5,"method":"rect","hitKind":null},"timestamp":1787933387288,"hypothesisId":"B","runId":"ipad-fix2"}
{"sessionId":"6c5c15","location":"pageInkDom.ts:resolvePageDomHit","message":"dom hit resolved","data":{"clientX":1055.5,"clientY":114.5,"method":"rect","hitKind":null},"timestamp":1787933387297,"hypothesisId":"B","runId":"ipad-fix2"}
{"sessionId":"6c5c15","location":"pageInkDom.ts:resolvePageDomHit","message":"dom hit resolved","data":{"clientX":1055.5,"clientY":114,"method":"rect","hitKind":null},"timestamp":1787933387305,"hypothesisId":"B","runId":"ipad-fix2"}
{"sessionId":"6c5c15","location":"pageInkDom.ts:resolvePageDomHit","message":"dom hit resolved","data":{"clientX":1055,"clientY":113.5,"method":"rect","hitKind":null},"timestamp":1787933387313,"hypothesisId":"B","runId":"ipad-fix2"}
{"sessionId":"6c5c15","location":"pageInkDom.ts:resolvePageDomHit","message":"dom hit resolved","data":{"clientX":1055,"clientY":113,"method":"rect","hitKind":null},"timestamp":1787933387322,"hypothesisId":"B","runId":"ipad-fix2"}
{"sessionId":"6c5c15","location":"pageInkDom.ts:resolvePageDomHit","message":"dom hit resolved","data":{"clientX":1054.5,"clientY":113,"method":"rect","hitKind":null},"timestamp":1787933387338,"hypothesisId":"B","runId":"ipad-fix2"}
{"sessionId":"6c5c15","location":"pageInkDom.ts:resolvePageDomHit","message":"dom hit resolved","data":{"clientX":1054.5,"clientY":112.5,"method":"rect","hitKind":null},"timestamp":1787933387347,"hypothesisId":"B","runId":"ipad-fix2"}
{"sessionId":"6c5c15","location":"pageInkDom.ts:resolvePageDomHit","message":"dom hit resolved","data":{"clientX":1054,"clientY":112.5,"method":"rect","hitKind":null},"timestamp":1787933387355,"hypothesisId":"B","runId":"ipad-fix2"}
{"sessionId":"6c5c15","location":"pageInkDom.ts:resolvePageDomHit","message":"dom hit resolved","data":{"clientX":1054,"clientY":111,"method":"rect","hitKind":null},"timestamp":1787933387363,"hypothesisId":"B","runId":"ipad-fix2"}
{"sessionId":"6c5c15","location":"pageInkDom.ts:resolvePageDomHit","message":"dom hit resolved","data":{"clientX":1053,"clientY":110,"method":"rect","hitKind":null},"timestamp":1787933387372,"hypothesisId":"B","runId":"ipad-fix2"}
{"sessionId":"6c5c15","location":"pageInkDom.ts:resolvePageDomHit","message":"dom hit resolved","data":{"clientX":1052.5,"clientY":108,"method":"rect","hitKind":null},"timestamp":1787933387380,"hypothesisId":"B","runId":"ipad-fix2"}
{"sessionId":"6c5c15","location":"pageInkDom.ts:resolvePageDomHit","message":"dom hit resolved","data":{"clientX":1051.5,"clientY":106.5,"method":"rect","hitKind":null},"timestamp":1787933387388,"hypothesisId":"B","runId":"ipad-fix2"}
{"sessionId":"6c5c15","location":"pageInkDom.ts:resolvePageDomHit","message":"dom hit resolved","data":{"clientX":1050.5,"clientY":105,"method":"rect","hitKind":null},"timestamp":1787933387397,"hypothesisId":"B","runId":"ipad-fix2"}
{"sessionId":"6c5c15","location":"pageInkDom.ts:resolvePageDomHit","message":"dom hit resolved","data":{"clientX":1050,"clientY":104,"method":"rect","hitKind":null},"timestamp":1787933387405,"hypothesisId":"B","runId":"ipad-fix2"}
{"sessionId":"6c5c15","location":"pageInkDom.ts:resolvePageDomHit","message":"dom hit resolved","data":{"clientX":1049.5,"clientY":103,"method":"rect","hitKind":null},"timestamp":1787933387413,"hypothesisId":"B","runId":"ipad-fix2"}
{"sessionId":"6c5c15","location":"pageInkDom.ts:resolvePageDomHit","message":"dom hit resolved","data":{"clientX":1048.5,"clientY":102.5,"method":"rect","hitKind":null},"timestamp":1787933387422,"hypothesisId":"B","runId":"ipad-fix2"}
{"sessionId":"6c5c15","location":"useEditorController.tsx:textTapUp","message":"text tap up","data":{"pointerType":"touch","hasPending":false,"dist":432.31296533876935},"timestamp":1787933387430,"hypothesisId":"A,E","runId":"post-fix2"}
{"sessionId":"6c5c15","location":"pageInkDom.ts:resolvePageDomHit","message":"dom hit resolved","data":{"clientX":1045,"clientY":99.5,"method":"rect","hitKind":null},"timestamp":1787933387430,"hypothesisId":"B","runId":"ipad-fix2"}
{"sessionId":"516081","runId":"post-fix","hypothesisId":"A,B,C,D","location":"gestures/index.ts:dispatch","message":"workspace pointer","data":{"phase":"up","pointerType":"touch","kind":"finger","tool":"text","hitKind":"slot","effectTypes":[],"isPrimary":true,"clientX":1045,"clientY":99.5,"wrapCount":3,"nearest":[{"id":"b79c89c1-0922-4d8d-bae7-95238d32ff0d","w":46,"h":202,"l":334,"t":148,"r":379,"b":351,"inside":false},{"id":"b33a1f67-4108-4509-82bd-a5c9ccb050ed","w":46,"h":202,"l":334,"t":351,"r":379,"b":553,"inside":false},{"id":"0434644a-948c-429d-9b35-70326a337e62","w":46,"h":202,"l":334,"t":553,"r":379,"b":755,"inside":false}]},"timestamp":1787933387431}
{"sessionId":"6c5c15","location":"useEditorController.tsx:textTapDown","message":"global pointerdown","data":{"pointerType":"touch","tracked":true},"timestamp":1787933387626,"hypothesisId":"A","runId":"post-fix"}
{"sessionId":"6c5c15","location":"pageInkDom.ts:resolvePageDomHit","message":"dom hit resolved","data":{"clientX":885.5,"clientY":145.5,"method":"rect","hitKind":null},"timestamp":1787933387627,"hypothesisId":"B","runId":"ipad-fix2"}
{"sessionId":"516081","runId":"post-fix","hypothesisId":"A,B,C,D","location":"gestures/index.ts:dispatch","message":"workspace pointer","data":{"phase":"down","pointerType":"touch","kind":"finger","tool":"text","hitKind":"pageText","textId":"0434644a-948c-429d-9b35-70326a337e62","localX":1159.1864491232877,"localY":0,"effectTypes":["selectText"],"isPrimary":true,"clientX":885.5,"clientY":145.5,"wrapCount":3,"nearest":[{"id":"b79c89c1-0922-4d8d-bae7-95238d32ff0d","w":46,"h":202,"l":334,"t":148,"r":379,"b":351,"inside":false},{"id":"b33a1f67-4108-4509-82bd-a5c9ccb050ed","w":46,"h":202,"l":334,"t":351,"r":379,"b":553,"inside":false},{"id":"0434644a-948c-429d-9b35-70326a337e62","w":46,"h":202,"l":334,"t":553,"r":379,"b":755,"inside":false}]},"timestamp":1787933387627}
{"sessionId":"516081","hypothesisId":"D","location":"workspaceEffects.ts:selectText","message":"selectText effect","data":{"textId":"0434644a-948c-429d-9b35-70326a337e62"},"timestamp":1787933387627}
{"sessionId":"6c5c15","location":"useEditorController.tsx:textTapUp","message":"text tap up","data":{"pointerType":"touch","hasPending":false,"dist":0},"timestamp":1787933387823,"hypothesisId":"A,E","runId":"post-fix2"}
{"sessionId":"6c5c15","location":"pageInkDom.ts:resolvePageDomHit","message":"dom hit resolved","data":{"clientX":885.5,"clientY":145.5,"method":"rect","hitKind":null},"timestamp":1787933387823,"hypothesisId":"B","runId":"ipad-fix2"}
{"sessionId":"516081","runId":"post-fix","hypothesisId":"A,B,C,D","location":"gestures/index.ts:dispatch","message":"workspace pointer","data":{"phase":"up","pointerType":"touch","kind":"finger","tool":"text","hitKind":"pageText","textId":"0434644a-948c-429d-9b35-70326a337e62","localX":1159.1864491232877,"localY":0,"effectTypes":["selectText"],"isPrimary":true,"clientX":885.5,"clientY":145.5,"wrapCount":3,"nearest":[{"id":"b79c89c1-0922-4d8d-bae7-95238d32ff0d","w":46,"h":202,"l":334,"t":148,"r":379,"b":351,"inside":false},{"id":"b33a1f67-4108-4509-82bd-a5c9ccb050ed","w":46,"h":202,"l":334,"t":351,"r":379,"b":553,"inside":false},{"id":"0434644a-948c-429d-9b35-70326a337e62","w":46,"h":202,"l":334,"t":553,"r":379,"b":755,"inside":false}]},"timestamp":1787933387824}
{"sessionId":"516081","hypothesisId":"D","location":"workspaceEffects.ts:selectText","message":"selectText effect","data":{"textId":"0434644a-948c-429d-9b35-70326a337e62"},"timestamp":1787933387825}
{"sessionId":"6c5c15","location":"useEditorController.tsx:textTapDown","message":"global pointerdown","data":{"pointerType":"touch","tracked":true},"timestamp":1787933388028,"hypothesisId":"A","runId":"post-fix"}
{"sessionId":"6c5c15","location":"pageInkDom.ts:resolvePageDomHit","message":"dom hit resolved","data":{"clientX":842.5,"clientY":167,"method":"rect","hitKind":null},"timestamp":1787933388029,"hypothesisId":"B","runId":"ipad-fix2"}
{"sessionId":"516081","runId":"post-fix","hypothesisId":"A,B,C,D","location":"gestures/index.ts:dispatch","message":"workspace pointer","data":{"phase":"down","pointerType":"touch","kind":"finger","tool":"text","hitKind":"page","localX":0,"localY":0,"effectTypes":[],"isPrimary":true,"clientX":842.5,"clientY":167,"wrapCount":3,"nearest":[{"id":"b79c89c1-0922-4d8d-bae7-95238d32ff0d","w":46,"h":202,"l":334,"t":148,"r":379,"b":351,"inside":false},{"id":"b33a1f67-4108-4509-82bd-a5c9ccb050ed","w":46,"h":202,"l":334,"t":351,"r":379,"b":553,"inside":false},{"id":"0434644a-948c-429d-9b35-70326a337e62","w":46,"h":202,"l":334,"t":553,"r":379,"b":755,"inside":false}]},"timestamp":1787933388030}
{"sessionId":"6c5c15","location":"useEditorController.tsx:textTapUp","message":"text tap up","data":{"pointerType":"touch","hasPending":false,"dist":0},"timestamp":1787933388139,"hypothesisId":"A,E","runId":"post-fix2"}
{"sessionId":"6c5c15","location":"pageInkDom.ts:resolvePageDomHit","message":"dom hit resolved","data":{"clientX":842.5,"clientY":167,"method":"rect","hitKind":null},"timestamp":1787933388140,"hypothesisId":"B","runId":"ipad-fix2"}
{"sessionId":"6c5c15","location":"workspaceFsm.tsx:fingerTapUp","message":"finger tap up","data":{"tool":"text","downHitKind":"page","upHitKind":"page","usedHitKind":"page","effectTypes":[],"clientX":842.5,"clientY":167},"timestamp":1787933388141,"hypothesisId":"A,D,F","runId":"ipad-fix3"}
{"sessionId":"516081","runId":"post-fix","hypothesisId":"A,B,C,D","location":"gestures/index.ts:dispatch","message":"workspace pointer","data":{"phase":"up","pointerType":"touch","kind":"finger","tool":"text","hitKind":"page","localX":0,"localY":0,"effectTypes":[],"isPrimary":true,"clientX":842.5,"clientY":167,"wrapCount":3,"nearest":[{"id":"b79c89c1-0922-4d8d-bae7-95238d32ff0d","w":46,"h":202,"l":334,"t":148,"r":379,"b":351,"inside":false},{"id":"b33a1f67-4108-4509-82bd-a5c9ccb050ed","w":46,"h":202,"l":334,"t":351,"r":379,"b":553,"inside":false},{"id":"0434644a-948c-429d-9b35-70326a337e62","w":46,"h":202,"l":334,"t":553,"r":379,"b":755,"inside":false}]},"timestamp":1787933388142}
{"sessionId":"6c5c15","location":"useEditorController.tsx:textTapDown","message":"global pointerdown","data":{"pointerType":"pen","tracked":true},"timestamp":1787933389287,"hypothesisId":"A","runId":"post-fix"}
{"sessionId":"6c5c15","location":"useEditorController.tsx:textTapUp","message":"text tap up","data":{"pointerType":"pen","hasPending":false,"dist":10.700467279516348},"timestamp":1787933389341,"hypothesisId":"A,E","runId":"post-fix2"}
{"sessionId":"6c5c15","location":"useEditorController.tsx:textTapDown","message":"global pointerdown","data":{"pointerType":"pen","tracked":true},"timestamp":1787933390109,"hypothesisId":"A","runId":"post-fix"}
{"sessionId":"6c5c15","location":"pageInkDom.ts:resolvePageDomHit","message":"dom hit resolved","data":{"clientX":696.5,"clientY":503.5,"method":"rect","hitKind":null},"timestamp":1787933390111,"hypothesisId":"B","runId":"ipad-fix2"}
{"sessionId":"516081","runId":"post-fix","hypothesisId":"A,B,C,D","location":"gestures/index.ts:dispatch","message":"workspace pointer","data":{"phase":"down","pointerType":"pen","kind":"pencil","tool":"eraser","hitKind":"page","localX":0,"localY":0,"effectTypes":["beginEraseDirect"],"isPrimary":true,"clientX":696.5,"clientY":503.5,"wrapCount":3,"nearest":[{"id":"b79c89c1-0922-4d8d-bae7-95238d32ff0d","w":46,"h":202,"l":334,"t":148,"r":379,"b":351,"inside":false},{"id":"b33a1f67-4108-4509-82bd-a5c9ccb050ed","w":46,"h":202,"l":334,"t":351,"r":379,"b":553,"inside":false},{"id":"0434644a-948c-429d-9b35-70326a337e62","w":46,"h":202,"l":334,"t":553,"r":379,"b":755,"inside":false}]},"timestamp":1787933390113}
{"sessionId":"6c5c15","location":"pageInkDom.ts:resolvePageDomHit","message":"dom hit resolved","data":{"clientX":696.5,"clientY":506,"method":"rect","hitKind":null},"timestamp":1787933390128,"hypothesisId":"B","runId":"ipad-fix2"}
{"sessionId":"6c5c15","location":"pageInkDom.ts:resolvePageDomHit","message":"dom hit resolved","data":{"clientX":695.5,"clientY":509,"method":"rect","hitKind":null},"timestamp":1787933390131,"hypothesisId":"B","runId":"ipad-fix2"}
{"sessionId":"6c5c15","location":"pageInkDom.ts:resolvePageDomHit","message":"dom hit resolved","data":{"clientX":691,"clientY":517.5,"method":"rect","hitKind":null},"timestamp":1787933390133,"hypothesisId":"B","runId":"ipad-fix2"}
{"sessionId":"6c5c15","location":"pageInkDom.ts:resolvePageDomHit","message":"dom hit resolved","data":{"clientX":690.5,"clientY":517,"method":"rect","hitKind":null},"timestamp":1787933390140,"hypothesisId":"B","runId":"ipad-fix2"}
{"sessionId":"6c5c15","location":"pageInkDom.ts:resolvePageDomHit","message":"dom hit resolved","data":{"clientX":691,"clientY":517.5,"method":"rect","hitKind":null},"timestamp":1787933390134,"hypothesisId":"B","runId":"ipad-fix2"}
{"sessionId":"6c5c15","location":"pageInkDom.ts:resolvePageDomHit","message":"dom hit resolved","data":{"clientX":690.5,"clientY":517,"method":"rect","hitKind":null},"timestamp":1787933390141,"hypothesisId":"B","runId":"ipad-fix2"}
{"sessionId":"6c5c15","location":"pageInkDom.ts:resolvePageDomHit","message":"dom hit resolved","data":{"clientX":690.5,"clientY":516.5,"method":"rect","hitKind":null},"timestamp":1787933390148,"hypothesisId":"B","runId":"ipad-fix2"}
{"sessionId":"6c5c15","location":"pageInkDom.ts:resolvePageDomHit","message":"dom hit resolved","data":{"clientX":690.5,"clientY":516.5,"method":"rect","hitKind":null},"timestamp":1787933390149,"hypothesisId":"B","runId":"ipad-fix2"}
{"sessionId":"6c5c15","location":"useEditorController.tsx:textTapUp","message":"text tap up","data":{"pointerType":"pen","hasPending":false,"dist":13.038404810405298},"timestamp":1787933390150,"hypothesisId":"A,E","runId":"post-fix2"}
{"sessionId":"516081","runId":"post-fix","hypothesisId":"A,B,C,D","location":"gestures/index.ts:dispatch","message":"workspace pointer","data":{"phase":"up","pointerType":"pen","kind":"pencil","tool":"eraser","hitKind":"page","localX":0,"localY":0,"effectTypes":["commitEraseDirect"],"isPrimary":true,"clientX":689.5,"clientY":514.5,"wrapCount":3,"nearest":[{"id":"b79c89c1-0922-4d8d-bae7-95238d32ff0d","w":46,"h":202,"l":334,"t":148,"r":379,"b":351,"inside":false},{"id":"b33a1f67-4108-4509-82bd-a5c9ccb050ed","w":46,"h":202,"l":334,"t":351,"r":379,"b":553,"inside":false},{"id":"0434644a-948c-429d-9b35-70326a337e62","w":46,"h":202,"l":334,"t":553,"r":379,"b":755,"inside":false}]},"timestamp":1787933390151}
{"sessionId":"6c5c15","location":"pageInkDom.ts:resolvePageDomHit","message":"dom hit resolved","data":{"clientX":689.5,"clientY":514.5,"method":"rect","hitKind":null},"timestamp":1787933390150,"hypothesisId":"B","runId":"ipad-fix2"}
{"sessionId":"6c5c15","location":"useEditorController.tsx:textTapDown","message":"global pointerdown","data":{"pointerType":"pen","tracked":true},"timestamp":1787933390898,"hypothesisId":"A","runId":"post-fix"}
{"sessionId":"6c5c15","location":"pageInkDom.ts:resolvePageDomHit","message":"dom hit resolved","data":{"clientX":416.5,"clientY":587.5,"method":"rect","hitKind":null},"timestamp":1787933390903,"hypothesisId":"B","runId":"ipad-fix2"}
{"sessionId":"516081","runId":"post-fix","hypothesisId":"A,B,C,D","location":"gestures/index.ts:dispatch","message":"workspace pointer","data":{"phase":"down","pointerType":"pen","kind":"pencil","tool":"eraser","hitKind":"page","localX":0,"localY":0,"effectTypes":["beginEraseDirect"],"isPrimary":true,"clientX":416.5,"clientY":587.5,"wrapCount":3,"nearest":[{"id":"b79c89c1-0922-4d8d-bae7-95238d32ff0d","w":46,"h":202,"l":334,"t":148,"r":379,"b":351,"inside":false},{"id":"b33a1f67-4108-4509-82bd-a5c9ccb050ed","w":46,"h":202,"l":334,"t":351,"r":379,"b":553,"inside":false},{"id":"0434644a-948c-429d-9b35-70326a337e62","w":46,"h":202,"l":334,"t":553,"r":379,"b":755,"inside":false}]},"timestamp":1787933390904}
{"sessionId":"6c5c15","location":"pageInkDom.ts:resolvePageDomHit","message":"dom hit resolved","data":{"clientX":416,"clientY":589,"method":"rect","hitKind":null},"timestamp":1787933390912,"hypothesisId":"B","runId":"ipad-fix2"}
{"sessionId":"6c5c15","location":"pageInkDom.ts:resolvePageDomHit","message":"dom hit resolved","data":{"clientX":413,"clientY":592.5,"method":"rect","hitKind":null},"timestamp":1787933390916,"hypothesisId":"B","runId":"ipad-fix2"}
{"sessionId":"6c5c15","location":"pageInkDom.ts:resolvePageDomHit","message":"dom hit resolved","data":{"clientX":413,"clientY":592.5,"method":"rect","hitKind":null},"timestamp":1787933390916,"hypothesisId":"B","runId":"ipad-fix2"}
{"sessionId":"6c5c15","location":"pageInkDom.ts:resolvePageDomHit","message":"dom hit resolved","data":{"clientX":413,"clientY":592.5,"method":"rect","hitKind":null},"timestamp":1787933390924,"hypothesisId":"B","runId":"ipad-fix2"}
{"sessionId":"6c5c15","location":"pageInkDom.ts:resolvePageDomHit","message":"dom hit resolved","data":{"clientX":413,"clientY":592.5,"method":"rect","hitKind":null},"timestamp":1787933390932,"hypothesisId":"B","runId":"ipad-fix2"}
{"sessionId":"6c5c15","location":"pageInkDom.ts:resolvePageDomHit","message":"dom hit resolved","data":{"clientX":413,"clientY":592.5,"method":"rect","hitKind":null},"timestamp":1787933390941,"hypothesisId":"B","runId":"ipad-fix2"}
{"sessionId":"6c5c15","location":"pageInkDom.ts:resolvePageDomHit","message":"dom hit resolved","data":{"clientX":413,"clientY":592.5,"method":"rect","hitKind":null},"timestamp":1787933390949,"hypothesisId":"B","runId":"ipad-fix2"}
{"sessionId":"6c5c15","location":"pageInkDom.ts:resolvePageDomHit","message":"dom hit resolved","data":{"clientX":413,"clientY":592.5,"method":"rect","hitKind":null},"timestamp":1787933390957,"hypothesisId":"B","runId":"ipad-fix2"}
{"sessionId":"6c5c15","location":"pageInkDom.ts:resolvePageDomHit","message":"dom hit resolved","data":{"clientX":413,"clientY":592.5,"method":"rect","hitKind":null},"timestamp":1787933390965,"hypothesisId":"B","runId":"ipad-fix2"}
{"sessionId":"6c5c15","location":"pageInkDom.ts:resolvePageDomHit","message":"dom hit resolved","data":{"clientX":413,"clientY":592.5,"method":"rect","hitKind":null},"timestamp":1787933390974,"hypothesisId":"B","runId":"ipad-fix2"}
{"sessionId":"6c5c15","location":"pageInkDom.ts:resolvePageDomHit","message":"dom hit resolved","data":{"clientX":413,"clientY":592.5,"method":"rect","hitKind":null},"timestamp":1787933390991,"hypothesisId":"B","runId":"ipad-fix2"}
{"sessionId":"6c5c15","location":"pageInkDom.ts:resolvePageDomHit","message":"dom hit resolved","data":{"clientX":413,"clientY":592.5,"method":"rect","hitKind":null},"timestamp":1787933390982,"hypothesisId":"B","runId":"ipad-fix2"}
{"sessionId":"6c5c15","location":"pageInkDom.ts:resolvePageDomHit","message":"dom hit resolved","data":{"clientX":413,"clientY":592,"method":"rect","hitKind":null},"timestamp":1787933390999,"hypothesisId":"B","runId":"ipad-fix2"}
{"sessionId":"6c5c15","location":"pageInkDom.ts:resolvePageDomHit","message":"dom hit resolved","data":{"clientX":413,"clientY":592,"method":"rect","hitKind":null},"timestamp":1787933391000,"hypothesisId":"B","runId":"ipad-fix2"}
{"sessionId":"6c5c15","location":"pageInkDom.ts:resolvePageDomHit","message":"dom hit resolved","data":{"clientX":412.5,"clientY":591.5,"method":"rect","hitKind":null},"timestamp":1787933391007,"hypothesisId":"B","runId":"ipad-fix2"}
{"sessionId":"6c5c15","location":"pageInkDom.ts:resolvePageDomHit","message":"dom hit resolved","data":{"clientX":412.5,"clientY":591.5,"method":"rect","hitKind":null},"timestamp":1787933391008,"hypothesisId":"B","runId":"ipad-fix2"}
{"sessionId":"6c5c15","location":"pageInkDom.ts:resolvePageDomHit","message":"dom hit resolved","data":{"clientX":412.5,"clientY":591,"method":"rect","hitKind":null},"timestamp":1787933391016,"hypothesisId":"B","runId":"ipad-fix2"}
{"sessionId":"6c5c15","location":"pageInkDom.ts:resolvePageDomHit","message":"dom hit resolved","data":{"clientX":412.5,"clientY":591,"method":"rect","hitKind":null},"timestamp":1787933391017,"hypothesisId":"B","runId":"ipad-fix2"}
{"sessionId":"6c5c15","location":"pageInkDom.ts:resolvePageDomHit","message":"dom hit resolved","data":{"clientX":412,"clientY":590.5,"method":"rect","hitKind":null},"timestamp":1787933391024,"hypothesisId":"B","runId":"ipad-fix2"}
{"sessionId":"6c5c15","location":"pageInkDom.ts:resolvePageDomHit","message":"dom hit resolved","data":{"clientX":412,"clientY":590.5,"method":"rect","hitKind":null},"timestamp":1787933391025,"hypothesisId":"B","runId":"ipad-fix2"}
{"sessionId":"6c5c15","location":"pageInkDom.ts:resolvePageDomHit","message":"dom hit resolved","data":{"clientX":412,"clientY":590,"method":"rect","hitKind":null},"timestamp":1787933391033,"hypothesisId":"B","runId":"ipad-fix2"}
{"sessionId":"6c5c15","location":"pageInkDom.ts:resolvePageDomHit","message":"dom hit resolved","data":{"clientX":412,"clientY":590,"method":"rect","hitKind":null},"timestamp":1787933391034,"hypothesisId":"B","runId":"ipad-fix2"}
{"sessionId":"6c5c15","location":"pageInkDom.ts:resolvePageDomHit","message":"dom hit resolved","data":{"clientX":412,"clientY":590,"method":"rect","hitKind":null},"timestamp":1787933391041,"hypothesisId":"B","runId":"ipad-fix2"}
{"sessionId":"6c5c15","location":"pageInkDom.ts:resolvePageDomHit","message":"dom hit resolved","data":{"clientX":412,"clientY":590,"method":"rect","hitKind":null},"timestamp":1787933391051,"hypothesisId":"B","runId":"ipad-fix2"}
{"sessionId":"6c5c15","location":"pageInkDom.ts:resolvePageDomHit","message":"dom hit resolved","data":{"clientX":412,"clientY":590,"method":"rect","hitKind":null},"timestamp":1787933391057,"hypothesisId":"B","runId":"ipad-fix2"}
{"sessionId":"6c5c15","location":"pageInkDom.ts:resolvePageDomHit","message":"dom hit resolved","data":{"clientX":412,"clientY":589.5,"method":"rect","hitKind":null},"timestamp":1787933391065,"hypothesisId":"B","runId":"ipad-fix2"}
{"sessionId":"6c5c15","location":"pageInkDom.ts:resolvePageDomHit","message":"dom hit resolved","data":{"clientX":412,"clientY":589.5,"method":"rect","hitKind":null},"timestamp":1787933391066,"hypothesisId":"B","runId":"ipad-fix2"}
{"sessionId":"6c5c15","location":"pageInkDom.ts:resolvePageDomHit","message":"dom hit resolved","data":{"clientX":412,"clientY":589.5,"method":"rect","hitKind":null},"timestamp":1787933391074,"hypothesisId":"B","runId":"ipad-fix2"}
{"sessionId":"6c5c15","location":"pageInkDom.ts:resolvePageDomHit","message":"dom hit resolved","data":{"clientX":412,"clientY":589,"method":"rect","hitKind":null},"timestamp":1787933391082,"hypothesisId":"B","runId":"ipad-fix2"}
{"sessionId":"6c5c15","location":"pageInkDom.ts:resolvePageDomHit","message":"dom hit resolved","data":{"clientX":412,"clientY":589,"method":"rect","hitKind":null},"timestamp":1787933391083,"hypothesisId":"B","runId":"ipad-fix2"}
{"sessionId":"6c5c15","location":"useEditorController.tsx:textTapUp","message":"text tap up","data":{"pointerType":"pen","hasPending":false,"dist":4.123105625617661},"timestamp":1787933391091,"hypothesisId":"A,E","runId":"post-fix2"}
{"sessionId":"6c5c15","location":"pageInkDom.ts:resolvePageDomHit","message":"dom hit resolved","data":{"clientX":412.5,"clientY":588.5,"method":"rect","hitKind":null},"timestamp":1787933391091,"hypothesisId":"B","runId":"ipad-fix2"}
{"sessionId":"516081","runId":"post-fix","hypothesisId":"A,B,C,D","location":"gestures/index.ts:dispatch","message":"workspace pointer","data":{"phase":"up","pointerType":"pen","kind":"pencil","tool":"eraser","hitKind":"page","localX":0,"localY":0,"effectTypes":["commitEraseDirect"],"isPrimary":true,"clientX":412.5,"clientY":588.5,"wrapCount":3,"nearest":[{"id":"b79c89c1-0922-4d8d-bae7-95238d32ff0d","w":46,"h":202,"l":334,"t":148,"r":379,"b":351,"inside":false},{"id":"b33a1f67-4108-4509-82bd-a5c9ccb050ed","w":46,"h":202,"l":334,"t":351,"r":379,"b":553,"inside":false},{"id":"0434644a-948c-429d-9b35-70326a337e62","w":46,"h":202,"l":334,"t":553,"r":379,"b":755,"inside":false}]},"timestamp":1787933391091}
{"sessionId":"6c5c15","location":"useEditorController.tsx:textTapDown","message":"global pointerdown","data":{"pointerType":"pen","tracked":true},"timestamp":1787933392004,"hypothesisId":"A","runId":"post-fix"}
{"sessionId":"6c5c15","location":"useEditorController.tsx:textTapUp","message":"text tap up","data":{"pointerType":"pen","hasPending":false,"dist":2.9154759474226504},"timestamp":1787933392060,"hypothesisId":"A,E","runId":"post-fix2"}
{"sessionId":"6c5c15","location":"useEditorController.tsx:textTapDown","message":"global pointerdown","data":{"pointerType":"pen","tracked":true},"timestamp":1787933392796,"hypothesisId":"A","runId":"post-fix"}
{"sessionId":"6c5c15","location":"pageInkDom.ts:resolvePageDomHit","message":"dom hit resolved","data":{"clientX":855.5,"clientY":194.5,"method":"rect","hitKind":null},"timestamp":1787933392798,"hypothesisId":"B","runId":"ipad-fix2"}
{"sessionId":"516081","runId":"post-fix","hypothesisId":"A,B,C,D","location":"gestures/index.ts:dispatch","message":"workspace pointer","data":{"phase":"down","pointerType":"pen","kind":"pencil","tool":"text","hitKind":"page","localX":0,"localY":0,"effectTypes":[],"isPrimary":true,"clientX":855.5,"clientY":194.5,"wrapCount":3,"nearest":[{"id":"b79c89c1-0922-4d8d-bae7-95238d32ff0d","w":46,"h":202,"l":334,"t":148,"r":379,"b":351,"inside":false},{"id":"b33a1f67-4108-4509-82bd-a5c9ccb050ed","w":46,"h":202,"l":334,"t":351,"r":379,"b":553,"inside":false},{"id":"0434644a-948c-429d-9b35-70326a337e62","w":46,"h":202,"l":334,"t":553,"r":379,"b":755,"inside":false}]},"timestamp":1787933392800}
{"sessionId":"6c5c15","location":"pageInkDom.ts:resolvePageDomHit","message":"dom hit resolved","data":{"clientX":855,"clientY":194,"method":"rect","hitKind":null},"timestamp":1787933392814,"hypothesisId":"B","runId":"ipad-fix2"}
{"sessionId":"6c5c15","location":"pageInkDom.ts:resolvePageDomHit","message":"dom hit resolved","data":{"clientX":855,"clientY":195.5,"method":"rect","hitKind":null},"timestamp":1787933392817,"hypothesisId":"B","runId":"ipad-fix2"}
{"sessionId":"6c5c15","location":"pageInkDom.ts:resolvePageDomHit","message":"dom hit resolved","data":{"clientX":855,"clientY":195.5,"method":"rect","hitKind":null},"timestamp":1787933392817,"hypothesisId":"B","runId":"ipad-fix2"}
{"sessionId":"6c5c15","location":"pageInkDom.ts:resolvePageDomHit","message":"dom hit resolved","data":{"clientX":855,"clientY":196.5,"method":"rect","hitKind":null},"timestamp":1787933392825,"hypothesisId":"B","runId":"ipad-fix2"}
{"sessionId":"6c5c15","location":"pageInkDom.ts:resolvePageDomHit","message":"dom hit resolved","data":{"clientX":855,"clientY":196.5,"method":"rect","hitKind":null},"timestamp":1787933392825,"hypothesisId":"B","runId":"ipad-fix2"}
{"sessionId":"6c5c15","location":"pageInkDom.ts:resolvePageDomHit","message":"dom hit resolved","data":{"clientX":854.5,"clientY":197,"method":"rect","hitKind":null},"timestamp":1787933392833,"hypothesisId":"B","runId":"ipad-fix2"}
{"sessionId":"6c5c15","location":"pageInkDom.ts:resolvePageDomHit","message":"dom hit resolved","data":{"clientX":854.5,"clientY":197,"method":"rect","hitKind":null},"timestamp":1787933392834,"hypothesisId":"B","runId":"ipad-fix2"}
{"sessionId":"6c5c15","location":"pageInkDom.ts:resolvePageDomHit","message":"dom hit resolved","data":{"clientX":854,"clientY":197,"method":"rect","hitKind":null},"timestamp":1787933392842,"hypothesisId":"B","runId":"ipad-fix2"}
{"sessionId":"6c5c15","location":"pageInkDom.ts:resolvePageDomHit","message":"dom hit resolved","data":{"clientX":854,"clientY":197,"method":"rect","hitKind":null},"timestamp":1787933392842,"hypothesisId":"B","runId":"ipad-fix2"}
{"sessionId":"6c5c15","location":"pageInkDom.ts:resolvePageDomHit","message":"dom hit resolved","data":{"clientX":853.5,"clientY":197,"method":"rect","hitKind":null},"timestamp":1787933392850,"hypothesisId":"B","runId":"ipad-fix2"}
{"sessionId":"6c5c15","location":"pageInkDom.ts:resolvePageDomHit","message":"dom hit resolved","data":{"clientX":853.5,"clientY":197,"method":"rect","hitKind":null},"timestamp":1787933392850,"hypothesisId":"B","runId":"ipad-fix2"}
{"sessionId":"6c5c15","location":"useEditorController.tsx:textTapUp","message":"text tap up","data":{"pointerType":"pen","hasPending":false,"dist":3.2015621187164243},"timestamp":1787933392851,"hypothesisId":"A,E","runId":"post-fix2"}
{"sessionId":"6c5c15","location":"pageInkDom.ts:resolvePageDomHit","message":"dom hit resolved","data":{"clientX":853.5,"clientY":197,"method":"rect","hitKind":null},"timestamp":1787933392851,"hypothesisId":"B","runId":"ipad-fix2"}
{"sessionId":"516081","runId":"post-fix","hypothesisId":"A,B,C,D","location":"gestures/index.ts:dispatch","message":"workspace pointer","data":{"phase":"up","pointerType":"pen","kind":"pencil","tool":"text","hitKind":"page","localX":0,"localY":0,"effectTypes":[],"isPrimary":true,"clientX":853.5,"clientY":197,"wrapCount":3,"nearest":[{"id":"b79c89c1-0922-4d8d-bae7-95238d32ff0d","w":46,"h":202,"l":334,"t":148,"r":379,"b":351,"inside":false},{"id":"b33a1f67-4108-4509-82bd-a5c9ccb050ed","w":46,"h":202,"l":334,"t":351,"r":379,"b":553,"inside":false},{"id":"0434644a-948c-429d-9b35-70326a337e62","w":46,"h":202,"l":334,"t":553,"r":379,"b":755,"inside":false}]},"timestamp":1787933392851}
{"sessionId":"6c5c15","location":"useEditorController.tsx:textTapDown","message":"global pointerdown","data":{"pointerType":"pen","tracked":true},"timestamp":1787933393247,"hypothesisId":"A","runId":"post-fix"}
{"sessionId":"6c5c15","location":"pageInkDom.ts:resolvePageDomHit","message":"dom hit resolved","data":{"clientX":897.5,"clientY":172,"method":"rect","hitKind":null},"timestamp":1787933393249,"hypothesisId":"B","runId":"ipad-fix2"}
{"sessionId":"516081","runId":"post-fix","hypothesisId":"A,B,C,D","location":"gestures/index.ts:dispatch","message":"workspace pointer","data":{"phase":"down","pointerType":"pen","kind":"pencil","tool":"text","hitKind":"page","localX":0,"localY":0,"effectTypes":[],"isPrimary":true,"clientX":897.5,"clientY":172,"wrapCount":3,"nearest":[{"id":"b79c89c1-0922-4d8d-bae7-95238d32ff0d","w":46,"h":202,"l":334,"t":148,"r":379,"b":351,"inside":false},{"id":"b33a1f67-4108-4509-82bd-a5c9ccb050ed","w":46,"h":202,"l":334,"t":351,"r":379,"b":553,"inside":false},{"id":"0434644a-948c-429d-9b35-70326a337e62","w":46,"h":202,"l":334,"t":553,"r":379,"b":755,"inside":false}]},"timestamp":1787933393251}
{"sessionId":"6c5c15","location":"pageInkDom.ts:resolvePageDomHit","message":"dom hit resolved","data":{"clientX":897,"clientY":172,"method":"rect","hitKind":null},"timestamp":1787933393264,"hypothesisId":"B","runId":"ipad-fix2"}
{"sessionId":"6c5c15","location":"pageInkDom.ts:resolvePageDomHit","message":"dom hit resolved","data":{"clientX":896,"clientY":172,"method":"rect","hitKind":null},"timestamp":1787933393265,"hypothesisId":"B","runId":"ipad-fix2"}
{"sessionId":"6c5c15","location":"pageInkDom.ts:resolvePageDomHit","message":"dom hit resolved","data":{"clientX":895.5,"clientY":174.5,"method":"rect","hitKind":null},"timestamp":1787933393267,"hypothesisId":"B","runId":"ipad-fix2"}
{"sessionId":"6c5c15","location":"pageInkDom.ts:resolvePageDomHit","message":"dom hit resolved","data":{"clientX":895.5,"clientY":174.5,"method":"rect","hitKind":null},"timestamp":1787933393267,"hypothesisId":"B","runId":"ipad-fix2"}
{"sessionId":"6c5c15","location":"pageInkDom.ts:resolvePageDomHit","message":"dom hit resolved","data":{"clientX":895.5,"clientY":175,"method":"rect","hitKind":null},"timestamp":1787933393275,"hypothesisId":"B","runId":"ipad-fix2"}
{"sessionId":"6c5c15","location":"pageInkDom.ts:resolvePageDomHit","message":"dom hit resolved","data":{"clientX":895.5,"clientY":175,"method":"rect","hitKind":null},"timestamp":1787933393276,"hypothesisId":"B","runId":"ipad-fix2"}
{"sessionId":"6c5c15","location":"pageInkDom.ts:resolvePageDomHit","message":"dom hit resolved","data":{"clientX":895.5,"clientY":176,"method":"rect","hitKind":null},"timestamp":1787933393284,"hypothesisId":"B","runId":"ipad-fix2"}
{"sessionId":"6c5c15","location":"pageInkDom.ts:resolvePageDomHit","message":"dom hit resolved","data":{"clientX":895.5,"clientY":176,"method":"rect","hitKind":null},"timestamp":1787933393284,"hypothesisId":"B","runId":"ipad-fix2"}
{"sessionId":"6c5c15","location":"pageInkDom.ts:resolvePageDomHit","message":"dom hit resolved","data":{"clientX":895.5,"clientY":176.5,"method":"rect","hitKind":null},"timestamp":1787933393292,"hypothesisId":"B","runId":"ipad-fix2"}
{"sessionId":"6c5c15","location":"pageInkDom.ts:resolvePageDomHit","message":"dom hit resolved","data":{"clientX":895.5,"clientY":176.5,"method":"rect","hitKind":null},"timestamp":1787933393292,"hypothesisId":"B","runId":"ipad-fix2"}
{"sessionId":"6c5c15","location":"pageInkDom.ts:resolvePageDomHit","message":"dom hit resolved","data":{"clientX":895.5,"clientY":177,"method":"rect","hitKind":null},"timestamp":1787933393301,"hypothesisId":"B","runId":"ipad-fix2"}
{"sessionId":"6c5c15","location":"pageInkDom.ts:resolvePageDomHit","message":"dom hit resolved","data":{"clientX":895.5,"clientY":177,"method":"rect","hitKind":null},"timestamp":1787933393300,"hypothesisId":"B","runId":"ipad-fix2"}
{"sessionId":"6c5c15","location":"pageInkDom.ts:resolvePageDomHit","message":"dom hit resolved","data":{"clientX":896.5,"clientY":177,"method":"rect","hitKind":null},"timestamp":1787933393309,"hypothesisId":"B","runId":"ipad-fix2"}
{"sessionId":"6c5c15","location":"pageInkDom.ts:resolvePageDomHit","message":"dom hit resolved","data":{"clientX":896.5,"clientY":177,"method":"rect","hitKind":null},"timestamp":1787933393309,"hypothesisId":"B","runId":"ipad-fix2"}
{"sessionId":"6c5c15","location":"useEditorController.tsx:textTapUp","message":"text tap up","data":{"pointerType":"pen","hasPending":false,"dist":4.527692569068709},"timestamp":1787933393317,"hypothesisId":"A,E","runId":"post-fix2"}
{"sessionId":"6c5c15","location":"pageInkDom.ts:resolvePageDomHit","message":"dom hit resolved","data":{"clientX":897,"clientY":176.5,"method":"rect","hitKind":null},"timestamp":1787933393317,"hypothesisId":"B","runId":"ipad-fix2"}
{"sessionId":"516081","runId":"post-fix","hypothesisId":"A,B,C,D","location":"gestures/index.ts:dispatch","message":"workspace pointer","data":{"phase":"up","pointerType":"pen","kind":"pencil","tool":"text","hitKind":"page","localX":0,"localY":0,"effectTypes":[],"isPrimary":true,"clientX":897,"clientY":176.5,"wrapCount":3,"nearest":[{"id":"b79c89c1-0922-4d8d-bae7-95238d32ff0d","w":46,"h":202,"l":334,"t":148,"r":379,"b":351,"inside":false},{"id":"b33a1f67-4108-4509-82bd-a5c9ccb050ed","w":46,"h":202,"l":334,"t":351,"r":379,"b":553,"inside":false},{"id":"0434644a-948c-429d-9b35-70326a337e62","w":46,"h":202,"l":334,"t":553,"r":379,"b":755,"inside":false}]},"timestamp":1787933393317}
{"sessionId":"6c5c15","location":"useEditorController.tsx:textTapDown","message":"global pointerdown","data":{"pointerType":"pen","tracked":true},"timestamp":1787933393682,"hypothesisId":"A","runId":"post-fix"}
{"sessionId":"6c5c15","location":"pageInkDom.ts:resolvePageDomHit","message":"dom hit resolved","data":{"clientX":905.5,"clientY":168,"method":"rect","hitKind":null},"timestamp":1787933393684,"hypothesisId":"B","runId":"ipad-fix2"}
{"sessionId":"516081","runId":"post-fix","hypothesisId":"A,B,C,D","location":"gestures/index.ts:dispatch","message":"workspace pointer","data":{"phase":"down","pointerType":"pen","kind":"pencil","tool":"text","hitKind":"pageText","textId":"0434644a-948c-429d-9b35-70326a337e62","localX":1200,"localY":41.59824775377334,"effectTypes":[],"isPrimary":true,"clientX":905.5,"clientY":168,"wrapCount":3,"nearest":[{"id":"b79c89c1-0922-4d8d-bae7-95238d32ff0d","w":46,"h":202,"l":334,"t":148,"r":379,"b":351,"inside":false},{"id":"b33a1f67-4108-4509-82bd-a5c9ccb050ed","w":46,"h":202,"l":334,"t":351,"r":379,"b":553,"inside":false},{"id":"0434644a-948c-429d-9b35-70326a337e62","w":46,"h":202,"l":334,"t":553,"r":379,"b":755,"inside":false}]},"timestamp":1787933393685}
{"sessionId":"6c5c15","location":"pageInkDom.ts:resolvePageDomHit","message":"dom hit resolved","data":{"clientX":905,"clientY":168,"method":"rect","hitKind":null},"timestamp":1787933393697,"hypothesisId":"B","runId":"ipad-fix2"}
{"sessionId":"6c5c15","location":"pageInkDom.ts:resolvePageDomHit","message":"dom hit resolved","data":{"clientX":905,"clientY":168,"method":"rect","hitKind":null},"timestamp":1787933393698,"hypothesisId":"B","runId":"ipad-fix2"}
{"sessionId":"6c5c15","location":"pageInkDom.ts:resolvePageDomHit","message":"dom hit resolved","data":{"clientX":903.5,"clientY":168,"method":"rect","hitKind":null},"timestamp":1787933393698,"hypothesisId":"B","runId":"ipad-fix2"}
{"sessionId":"6c5c15","location":"pageInkDom.ts:resolvePageDomHit","message":"dom hit resolved","data":{"clientX":903.5,"clientY":168,"method":"rect","hitKind":null},"timestamp":1787933393699,"hypothesisId":"B","runId":"ipad-fix2"}
{"sessionId":"6c5c15","location":"pageInkDom.ts:resolvePageDomHit","message":"dom hit resolved","data":{"clientX":902.5,"clientY":169.5,"method":"rect","hitKind":null},"timestamp":1787933393701,"hypothesisId":"B","runId":"ipad-fix2"}
{"sessionId":"6c5c15","location":"pageInkDom.ts:resolvePageDomHit","message":"dom hit resolved","data":{"clientX":902.5,"clientY":169.5,"method":"rect","hitKind":null},"timestamp":1787933393700,"hypothesisId":"B","runId":"ipad-fix2"}
{"sessionId":"6c5c15","location":"pageInkDom.ts:resolvePageDomHit","message":"dom hit resolved","data":{"clientX":900.5,"clientY":170.5,"method":"rect","hitKind":null},"timestamp":1787933393709,"hypothesisId":"B","runId":"ipad-fix2"}
{"sessionId":"6c5c15","location":"useEditorController.tsx:textTapUp","message":"text tap up","data":{"pointerType":"pen","hasPending":false,"dist":7.826237921249264},"timestamp":1787933393717,"hypothesisId":"A,E","runId":"post-fix2"}
{"sessionId":"6c5c15","location":"pageInkDom.ts:resolvePageDomHit","message":"dom hit resolved","data":{"clientX":900.5,"clientY":170.5,"method":"rect","hitKind":null},"timestamp":1787933393709,"hypothesisId":"B","runId":"ipad-fix2"}
{"sessionId":"6c5c15","location":"pageInkDom.ts:resolvePageDomHit","message":"dom hit resolved","data":{"clientX":898.5,"clientY":171.5,"method":"rect","hitKind":null},"timestamp":1787933393718,"hypothesisId":"B","runId":"ipad-fix2"}
{"sessionId":"516081","runId":"post-fix","hypothesisId":"A,B,C,D","location":"gestures/index.ts:dispatch","message":"workspace pointer","data":{"phase":"up","pointerType":"pen","kind":"pencil","tool":"text","hitKind":"page","localX":0,"localY":0,"effectTypes":["selectText"],"isPrimary":true,"clientX":898.5,"clientY":171.5,"wrapCount":3,"nearest":[{"id":"b79c89c1-0922-4d8d-bae7-95238d32ff0d","w":46,"h":202,"l":334,"t":148,"r":379,"b":351,"inside":false},{"id":"b33a1f67-4108-4509-82bd-a5c9ccb050ed","w":46,"h":202,"l":334,"t":351,"r":379,"b":553,"inside":false},{"id":"0434644a-948c-429d-9b35-70326a337e62","w":46,"h":202,"l":334,"t":553,"r":379,"b":755,"inside":false}]},"timestamp":1787933393718}
{"sessionId":"516081","hypothesisId":"D","location":"workspaceEffects.ts:selectText","message":"selectText effect","data":{"textId":"0434644a-948c-429d-9b35-70326a337e62"},"timestamp":1787933393718}
{"sessionId":"6c5c15","location":"useEditorController.tsx:textTapDown","message":"global pointerdown","data":{"pointerType":"pen","tracked":true},"timestamp":1787933394315,"hypothesisId":"A","runId":"post-fix"}
{"sessionId":"516081","runId":"post-fix","hypothesisId":"A,B,C,D","location":"gestures/index.ts:dispatch","message":"workspace pointer","data":{"phase":"down","pointerType":"pen","kind":"pencil","tool":"text","hitKind":"append","effectTypes":[],"isPrimary":true,"clientX":246.5,"clientY":536.5,"wrapCount":3,"nearest":[{"id":"b79c89c1-0922-4d8d-bae7-95238d32ff0d","w":46,"h":202,"l":334,"t":148,"r":379,"b":351,"inside":false},{"id":"b33a1f67-4108-4509-82bd-a5c9ccb050ed","w":46,"h":202,"l":334,"t":351,"r":379,"b":553,"inside":false},{"id":"0434644a-948c-429d-9b35-70326a337e62","w":46,"h":202,"l":334,"t":553,"r":379,"b":755,"inside":false}]},"timestamp":1787933394318}
{"sessionId":"6c5c15","location":"pageInkDom.ts:resolvePageDomHit","message":"dom hit resolved","data":{"clientX":246.5,"clientY":536.5,"method":"rect","hitKind":null},"timestamp":1787933394317,"hypothesisId":"B","runId":"ipad-fix2"}
{"sessionId":"6c5c15","location":"pageInkDom.ts:resolvePageDomHit","message":"dom hit resolved","data":{"clientX":246,"clientY":538.5,"method":"rect","hitKind":null},"timestamp":1787933394330,"hypothesisId":"B","runId":"ipad-fix2"}
{"sessionId":"6c5c15","location":"pageInkDom.ts:resolvePageDomHit","message":"dom hit resolved","data":{"clientX":244,"clientY":543.5,"method":"rect","hitKind":null},"timestamp":1787933394334,"hypothesisId":"B","runId":"ipad-fix2"}
{"sessionId":"6c5c15","location":"pageInkDom.ts:resolvePageDomHit","message":"dom hit resolved","data":{"clientX":244,"clientY":543.5,"method":"rect","hitKind":null},"timestamp":1787933394335,"hypothesisId":"B","runId":"ipad-fix2"}
{"sessionId":"6c5c15","location":"pageInkDom.ts:resolvePageDomHit","message":"dom hit resolved","data":{"clientX":244,"clientY":543.5,"method":"rect","hitKind":null},"timestamp":1787933394343,"hypothesisId":"B","runId":"ipad-fix2"}
{"sessionId":"6c5c15","location":"pageInkDom.ts:resolvePageDomHit","message":"dom hit resolved","data":{"clientX":244,"clientY":543.5,"method":"rect","hitKind":null},"timestamp":1787933394351,"hypothesisId":"B","runId":"ipad-fix2"}
{"sessionId":"6c5c15","location":"pageInkDom.ts:resolvePageDomHit","message":"dom hit resolved","data":{"clientX":243.5,"clientY":542.5,"method":"rect","hitKind":null},"timestamp":1787933394359,"hypothesisId":"B","runId":"ipad-fix2"}
{"sessionId":"6c5c15","location":"pageInkDom.ts:resolvePageDomHit","message":"dom hit resolved","data":{"clientX":243.5,"clientY":542.5,"method":"rect","hitKind":null},"timestamp":1787933394360,"hypothesisId":"B","runId":"ipad-fix2"}
{"sessionId":"6c5c15","location":"pageInkDom.ts:resolvePageDomHit","message":"dom hit resolved","data":{"clientX":243.5,"clientY":541.5,"method":"rect","hitKind":null},"timestamp":1787933394367,"hypothesisId":"B","runId":"ipad-fix2"}
{"sessionId":"6c5c15","location":"pageInkDom.ts:resolvePageDomHit","message":"dom hit resolved","data":{"clientX":243.5,"clientY":541.5,"method":"rect","hitKind":null},"timestamp":1787933394368,"hypothesisId":"B","runId":"ipad-fix2"}
{"sessionId":"6c5c15","location":"pageInkDom.ts:resolvePageDomHit","message":"dom hit resolved","data":{"clientX":243,"clientY":540.5,"method":"rect","hitKind":null},"timestamp":1787933394376,"hypothesisId":"B","runId":"ipad-fix2"}
{"sessionId":"6c5c15","location":"pageInkDom.ts:resolvePageDomHit","message":"dom hit resolved","data":{"clientX":243,"clientY":540.5,"method":"rect","hitKind":null},"timestamp":1787933394376,"hypothesisId":"B","runId":"ipad-fix2"}
{"sessionId":"6c5c15","location":"pageInkDom.ts:resolvePageDomHit","message":"dom hit resolved","data":{"clientX":243,"clientY":539.5,"method":"rect","hitKind":null},"timestamp":1787933394384,"hypothesisId":"B","runId":"ipad-fix2"}
{"sessionId":"6c5c15","location":"pageInkDom.ts:resolvePageDomHit","message":"dom hit resolved","data":{"clientX":243,"clientY":539.5,"method":"rect","hitKind":null},"timestamp":1787933394385,"hypothesisId":"B","runId":"ipad-fix2"}
{"sessionId":"6c5c15","location":"pageInkDom.ts:resolvePageDomHit","message":"dom hit resolved","data":{"clientX":243,"clientY":538.5,"method":"rect","hitKind":null},"timestamp":1787933394392,"hypothesisId":"B","runId":"ipad-fix2"}
{"sessionId":"6c5c15","location":"pageInkDom.ts:resolvePageDomHit","message":"dom hit resolved","data":{"clientX":243,"clientY":538.5,"method":"rect","hitKind":null},"timestamp":1787933394393,"hypothesisId":"B","runId":"ipad-fix2"}
{"sessionId":"6c5c15","location":"useEditorController.tsx:textTapUp","message":"text tap up","data":{"pointerType":"pen","hasPending":false,"dist":4.123105625617661},"timestamp":1787933394393,"hypothesisId":"A,E","runId":"post-fix2"}
{"sessionId":"6c5c15","location":"pageInkDom.ts:resolvePageDomHit","message":"dom hit resolved","data":{"clientX":242.5,"clientY":537.5,"method":"rect","hitKind":null},"timestamp":1787933394393,"hypothesisId":"B","runId":"ipad-fix2"}
{"sessionId":"516081","runId":"post-fix","hypothesisId":"A,B,C,D","location":"gestures/index.ts:dispatch","message":"workspace pointer","data":{"phase":"up","pointerType":"pen","kind":"pencil","tool":"text","hitKind":"append","effectTypes":[],"isPrimary":true,"clientX":242.5,"clientY":537.5,"wrapCount":3,"nearest":[{"id":"b79c89c1-0922-4d8d-bae7-95238d32ff0d","w":46,"h":202,"l":334,"t":148,"r":379,"b":351,"inside":false},{"id":"b33a1f67-4108-4509-82bd-a5c9ccb050ed","w":46,"h":202,"l":334,"t":351,"r":379,"b":553,"inside":false},{"id":"0434644a-948c-429d-9b35-70326a337e62","w":46,"h":202,"l":334,"t":553,"r":379,"b":755,"inside":false}]},"timestamp":1787933394394}
{"sessionId":"6c5c15","location":"useEditorController.tsx:textTapDown","message":"global pointerdown","data":{"pointerType":"touch","tracked":true},"timestamp":1787933395442,"hypothesisId":"A","runId":"post-fix"}
{"sessionId":"516081","runId":"post-fix","hypothesisId":"A,B,C,D","location":"gestures/index.ts:dispatch","message":"workspace pointer","data":{"phase":"down","pointerType":"touch","kind":"finger","tool":"text","hitKind":"page","localX":0,"localY":0,"effectTypes":[],"isPrimary":true,"clientX":769.5,"clientY":218.5,"wrapCount":3,"nearest":[{"id":"b79c89c1-0922-4d8d-bae7-95238d32ff0d","w":46,"h":202,"l":334,"t":148,"r":379,"b":351,"inside":false},{"id":"b33a1f67-4108-4509-82bd-a5c9ccb050ed","w":46,"h":202,"l":334,"t":351,"r":379,"b":553,"inside":false},{"id":"0434644a-948c-429d-9b35-70326a337e62","w":46,"h":202,"l":334,"t":553,"r":379,"b":755,"inside":false}]},"timestamp":1787933395446}
{"sessionId":"6c5c15","location":"pageInkDom.ts:resolvePageDomHit","message":"dom hit resolved","data":{"clientX":769.5,"clientY":218.5,"method":"rect","hitKind":null},"timestamp":1787933395444,"hypothesisId":"B","runId":"ipad-fix2"}
{"sessionId":"6c5c15","location":"pageInkDom.ts:resolvePageDomHit","message":"dom hit resolved","data":{"clientX":761,"clientY":204.5,"method":"rect","hitKind":null},"timestamp":1787933395468,"hypothesisId":"B","runId":"ipad-fix2"}
{"sessionId":"6c5c15","location":"pageInkDom.ts:resolvePageDomHit","message":"dom hit resolved","data":{"clientX":761,"clientY":204.5,"method":"rect","hitKind":null},"timestamp":1787933395469,"hypothesisId":"B","runId":"ipad-fix2"}
{"sessionId":"6c5c15","location":"pageInkDom.ts:resolvePageDomHit","message":"dom hit resolved","data":{"clientX":761,"clientY":200,"method":"rect","hitKind":null},"timestamp":1787933395476,"hypothesisId":"B","runId":"ipad-fix2"}
{"sessionId":"6c5c15","location":"pageInkDom.ts:resolvePageDomHit","message":"dom hit resolved","data":{"clientX":761,"clientY":195.5,"method":"rect","hitKind":null},"timestamp":1787933395485,"hypothesisId":"B","runId":"ipad-fix2"}
{"sessionId":"6c5c15","location":"pageInkDom.ts:resolvePageDomHit","message":"dom hit resolved","data":{"clientX":760.5,"clientY":191,"method":"rect","hitKind":null},"timestamp":1787933395493,"hypothesisId":"B","runId":"ipad-fix2"}
{"sessionId":"6c5c15","location":"pageInkDom.ts:resolvePageDomHit","message":"dom hit resolved","data":{"clientX":760,"clientY":186.5,"method":"rect","hitKind":null},"timestamp":1787933395502,"hypothesisId":"B","runId":"ipad-fix2"}
{"sessionId":"6c5c15","location":"pageInkDom.ts:resolvePageDomHit","message":"dom hit resolved","data":{"clientX":759.5,"clientY":180.5,"method":"rect","hitKind":null},"timestamp":1787933395510,"hypothesisId":"B","runId":"ipad-fix2"}
{"sessionId":"6c5c15","location":"pageInkDom.ts:resolvePageDomHit","message":"dom hit resolved","data":{"clientX":759,"clientY":173,"method":"rect","hitKind":null},"timestamp":1787933395518,"hypothesisId":"B","runId":"ipad-fix2"}
{"sessionId":"6c5c15","location":"pageInkDom.ts:resolvePageDomHit","message":"dom hit resolved","data":{"clientX":759,"clientY":166,"method":"rect","hitKind":null},"timestamp":1787933395526,"hypothesisId":"B","runId":"ipad-fix2"}
{"sessionId":"6c5c15","location":"pageInkDom.ts:resolvePageDomHit","message":"dom hit resolved","data":{"clientX":759,"clientY":158.5,"method":"rect","hitKind":null},"timestamp":1787933395535,"hypothesisId":"B","runId":"ipad-fix2"}
{"sessionId":"6c5c15","location":"pageInkDom.ts:resolvePageDomHit","message":"dom hit resolved","data":{"clientX":759,"clientY":151.5,"method":"rect","hitKind":null},"timestamp":1787933395543,"hypothesisId":"B","runId":"ipad-fix2"}
{"sessionId":"6c5c15","location":"pageInkDom.ts:resolvePageDomHit","message":"dom hit resolved","data":{"clientX":759,"clientY":144,"method":"rect","hitKind":null},"timestamp":1787933395551,"hypothesisId":"B","runId":"ipad-fix2"}
{"sessionId":"6c5c15","location":"pageInkDom.ts:resolvePageDomHit","message":"dom hit resolved","data":{"clientX":758.5,"clientY":136.5,"method":"rect","hitKind":null},"timestamp":1787933395560,"hypothesisId":"B","runId":"ipad-fix2"}
{"sessionId":"6c5c15","location":"pageInkDom.ts:resolvePageDomHit","message":"dom hit resolved","data":{"clientX":758.5,"clientY":129.5,"method":"rect","hitKind":null},"timestamp":1787933395568,"hypothesisId":"B","runId":"ipad-fix2"}
{"sessionId":"6c5c15","location":"pageInkDom.ts:resolvePageDomHit","message":"dom hit resolved","data":{"clientX":758.5,"clientY":123.5,"method":"rect","hitKind":null},"timestamp":1787933395577,"hypothesisId":"B","runId":"ipad-fix2"}
{"sessionId":"6c5c15","location":"pageInkDom.ts:resolvePageDomHit","message":"dom hit resolved","data":{"clientX":758.5,"clientY":117,"method":"rect","hitKind":null},"timestamp":1787933395585,"hypothesisId":"B","runId":"ipad-fix2"}
{"sessionId":"6c5c15","location":"pageInkDom.ts:resolvePageDomHit","message":"dom hit resolved","data":{"clientX":757.5,"clientY":111.5,"method":"rect","hitKind":null},"timestamp":1787933395593,"hypothesisId":"B","runId":"ipad-fix2"}
{"sessionId":"6c5c15","location":"pageInkDom.ts:resolvePageDomHit","message":"dom hit resolved","data":{"clientX":755.5,"clientY":105.5,"method":"rect","hitKind":null},"timestamp":1787933395601,"hypothesisId":"B","runId":"ipad-fix2"}
{"sessionId":"6c5c15","location":"pageInkDom.ts:resolvePageDomHit","message":"dom hit resolved","data":{"clientX":753,"clientY":101,"method":"rect","hitKind":null},"timestamp":1787933395610,"hypothesisId":"B","runId":"ipad-fix2"}
{"sessionId":"6c5c15","location":"pageInkDom.ts:resolvePageDomHit","message":"dom hit resolved","data":{"clientX":750.5,"clientY":96,"method":"rect","hitKind":null},"timestamp":1787933395618,"hypothesisId":"B","runId":"ipad-fix2"}
{"sessionId":"6c5c15","location":"pageInkDom.ts:resolvePageDomHit","message":"dom hit resolved","data":{"clientX":747.5,"clientY":92.5,"method":"rect","hitKind":null},"timestamp":1787933395627,"hypothesisId":"B","runId":"ipad-fix2"}
{"sessionId":"6c5c15","location":"pageInkDom.ts:resolvePageDomHit","message":"dom hit resolved","data":{"clientX":744,"clientY":88,"method":"rect","hitKind":null},"timestamp":1787933395635,"hypothesisId":"B","runId":"ipad-fix2"}
{"sessionId":"6c5c15","location":"pageInkDom.ts:resolvePageDomHit","message":"dom hit resolved","data":{"clientX":741,"clientY":85.5,"method":"rect","hitKind":null},"timestamp":1787933395643,"hypothesisId":"B","runId":"ipad-fix2"}
{"sessionId":"6c5c15","location":"pageInkDom.ts:resolvePageDomHit","message":"dom hit resolved","data":{"clientX":737.5,"clientY":82,"method":"rect","hitKind":null},"timestamp":1787933395651,"hypothesisId":"B","runId":"ipad-fix2"}
{"sessionId":"6c5c15","location":"pageInkDom.ts:resolvePageDomHit","message":"dom hit resolved","data":{"clientX":734.5,"clientY":79.5,"method":"rect","hitKind":null},"timestamp":1787933395660,"hypothesisId":"B","runId":"ipad-fix2"}
{"sessionId":"6c5c15","location":"pageInkDom.ts:resolvePageDomHit","message":"dom hit resolved","data":{"clientX":731.5,"clientY":76.5,"method":"rect","hitKind":null},"timestamp":1787933395668,"hypothesisId":"B","runId":"ipad-fix2"}
{"sessionId":"6c5c15","location":"pageInkDom.ts:resolvePageDomHit","message":"dom hit resolved","data":{"clientX":729,"clientY":75,"method":"rect","hitKind":null},"timestamp":1787933395677,"hypothesisId":"B","runId":"ipad-fix2"}
{"sessionId":"6c5c15","location":"pageInkDom.ts:resolvePageDomHit","message":"dom hit resolved","data":{"clientX":727,"clientY":73.5,"method":"rect","hitKind":null},"timestamp":1787933395685,"hypothesisId":"B","runId":"ipad-fix2"}
{"sessionId":"6c5c15","location":"pageInkDom.ts:resolvePageDomHit","message":"dom hit resolved","data":{"clientX":725.5,"clientY":72.5,"method":"rect","hitKind":null},"timestamp":1787933395693,"hypothesisId":"B","runId":"ipad-fix2"}
{"sessionId":"6c5c15","location":"pageInkDom.ts:resolvePageDomHit","message":"dom hit resolved","data":{"clientX":724,"clientY":71.5,"method":"rect","hitKind":null},"timestamp":1787933395702,"hypothesisId":"B","runId":"ipad-fix2"}
{"sessionId":"6c5c15","location":"pageInkDom.ts:resolvePageDomHit","message":"dom hit resolved","data":{"clientX":723,"clientY":71,"method":"rect","hitKind":null},"timestamp":1787933395711,"hypothesisId":"B","runId":"ipad-fix2"}
{"sessionId":"6c5c15","location":"pageInkDom.ts:resolvePageDomHit","message":"dom hit resolved","data":{"clientX":722,"clientY":71,"method":"rect","hitKind":null},"timestamp":1787933395719,"hypothesisId":"B","runId":"ipad-fix2"}
{"sessionId":"6c5c15","location":"pageInkDom.ts:resolvePageDomHit","message":"dom hit resolved","data":{"clientX":721,"clientY":71,"method":"rect","hitKind":null},"timestamp":1787933395726,"hypothesisId":"B","runId":"ipad-fix2"}
{"sessionId":"6c5c15","location":"pageInkDom.ts:resolvePageDomHit","message":"dom hit resolved","data":{"clientX":720.5,"clientY":71,"method":"rect","hitKind":null},"timestamp":1787933395735,"hypothesisId":"B","runId":"ipad-fix2"}
{"sessionId":"6c5c15","location":"pageInkDom.ts:resolvePageDomHit","message":"dom hit resolved","data":{"clientX":719.5,"clientY":71,"method":"rect","hitKind":null},"timestamp":1787933395743,"hypothesisId":"B","runId":"ipad-fix2"}
{"sessionId":"6c5c15","location":"pageInkDom.ts:resolvePageDomHit","message":"dom hit resolved","data":{"clientX":719,"clientY":72.5,"method":"rect","hitKind":null},"timestamp":1787933395752,"hypothesisId":"B","runId":"ipad-fix2"}
{"sessionId":"6c5c15","location":"pageInkDom.ts:resolvePageDomHit","message":"dom hit resolved","data":{"clientX":718.5,"clientY":74,"method":"rect","hitKind":null},"timestamp":1787933395760,"hypothesisId":"B","runId":"ipad-fix2"}
{"sessionId":"6c5c15","location":"useEditorController.tsx:textTapDown","message":"global pointerdown","data":{"pointerType":"touch","tracked":true},"timestamp":1787933395770,"hypothesisId":"A","runId":"post-fix"}
{"sessionId":"6c5c15","location":"pageInkDom.ts:resolvePageDomHit","message":"dom hit resolved","data":{"clientX":601.5,"clientY":583.5,"method":"rect","hitKind":null},"timestamp":1787933395770,"hypothesisId":"B","runId":"ipad-fix2"}
{"sessionId":"516081","runId":"post-fix","hypothesisId":"A,B,C,D","location":"gestures/index.ts:dispatch","message":"workspace pointer","data":{"phase":"down","pointerType":"touch","kind":"finger","tool":"text","hitKind":"page","localX":0,"localY":0,"effectTypes":[],"isPrimary":false,"clientX":601.5,"clientY":583.5,"wrapCount":3,"nearest":[{"id":"b79c89c1-0922-4d8d-bae7-95238d32ff0d","w":46,"h":202,"l":283,"t":4,"r":328,"b":206,"inside":false},{"id":"b33a1f67-4108-4509-82bd-a5c9ccb050ed","w":46,"h":202,"l":283,"t":206,"r":328,"b":408,"inside":false},{"id":"0434644a-948c-429d-9b35-70326a337e62","w":46,"h":202,"l":283,"t":408,"r":328,"b":611,"inside":false}]},"timestamp":1787933395771}
{"sessionId":"6c5c15","location":"pageInkDom.ts:resolvePageDomHit","message":"dom hit resolved","data":{"clientX":718,"clientY":76,"method":"rect","hitKind":null},"timestamp":1787933395771,"hypothesisId":"B","runId":"ipad-fix2"}
{"sessionId":"6c5c15","location":"pageInkDom.ts:resolvePageDomHit","message":"dom hit resolved","data":{"clientX":718,"clientY":77.5,"method":"rect","hitKind":null},"timestamp":1787933395777,"hypothesisId":"B","runId":"ipad-fix2"}
{"sessionId":"6c5c15","location":"pageInkDom.ts:resolvePageDomHit","message":"dom hit resolved","data":{"clientX":601.5,"clientY":583.5,"method":"rect","hitKind":null},"timestamp":1787933395777,"hypothesisId":"B","runId":"ipad-fix2"}
{"sessionId":"6c5c15","location":"pageInkDom.ts:resolvePageDomHit","message":"dom hit resolved","data":{"clientX":718,"clientY":78.5,"method":"rect","hitKind":null},"timestamp":1787933395785,"hypothesisId":"B","runId":"ipad-fix2"}
{"sessionId":"6c5c15","location":"pageInkDom.ts:resolvePageDomHit","message":"dom hit resolved","data":{"clientX":718,"clientY":80,"method":"rect","hitKind":null},"timestamp":1787933395793,"hypothesisId":"B","runId":"ipad-fix2"}
{"sessionId":"6c5c15","location":"pageInkDom.ts:resolvePageDomHit","message":"dom hit resolved","data":{"clientX":718,"clientY":80.5,"method":"rect","hitKind":null},"timestamp":1787933395802,"hypothesisId":"B","runId":"ipad-fix2"}
{"sessionId":"6c5c15","location":"pageInkDom.ts:resolvePageDomHit","message":"dom hit resolved","data":{"clientX":718,"clientY":82.5,"method":"rect","hitKind":null},"timestamp":1787933395810,"hypothesisId":"B","runId":"ipad-fix2"}
{"sessionId":"6c5c15","location":"pageInkDom.ts:resolvePageDomHit","message":"dom hit resolved","data":{"clientX":718,"clientY":85,"method":"rect","hitKind":null},"timestamp":1787933395818,"hypothesisId":"B","runId":"ipad-fix2"}
{"sessionId":"6c5c15","location":"pageInkDom.ts:resolvePageDomHit","message":"dom hit resolved","data":{"clientX":718,"clientY":90,"method":"rect","hitKind":null},"timestamp":1787933395827,"hypothesisId":"B","runId":"ipad-fix2"}
{"sessionId":"6c5c15","location":"pageInkDom.ts:resolvePageDomHit","message":"dom hit resolved","data":{"clientX":718,"clientY":94.5,"method":"rect","hitKind":null},"timestamp":1787933395835,"hypothesisId":"B","runId":"ipad-fix2"}
{"sessionId":"6c5c15","location":"pageInkDom.ts:resolvePageDomHit","message":"dom hit resolved","data":{"clientX":718,"clientY":101.5,"method":"rect","hitKind":null},"timestamp":1787933395843,"hypothesisId":"B","runId":"ipad-fix2"}
{"sessionId":"6c5c15","location":"pageInkDom.ts:resolvePageDomHit","message":"dom hit resolved","data":{"clientX":605,"clientY":581.5,"method":"rect","hitKind":null},"timestamp":1787933395844,"hypothesisId":"B","runId":"ipad-fix2"}
{"sessionId":"6c5c15","location":"pageInkDom.ts:resolvePageDomHit","message":"dom hit resolved","data":{"clientX":717,"clientY":106.5,"method":"rect","hitKind":null},"timestamp":1787933395852,"hypothesisId":"B","runId":"ipad-fix2"}
{"sessionId":"6c5c15","location":"pageInkDom.ts:resolvePageDomHit","message":"dom hit resolved","data":{"clientX":605,"clientY":578,"method":"rect","hitKind":null},"timestamp":1787933395852,"hypothesisId":"B","runId":"ipad-fix2"}
{"sessionId":"6c5c15","location":"pageInkDom.ts:resolvePageDomHit","message":"dom hit resolved","data":{"clientX":714.5,"clientY":114.5,"method":"rect","hitKind":null},"timestamp":1787933395860,"hypothesisId":"B","runId":"ipad-fix2"}
{"sessionId":"6c5c15","location":"pageInkDom.ts:resolvePageDomHit","message":"dom hit resolved","data":{"clientX":605,"clientY":569,"method":"rect","hitKind":null},"timestamp":1787933395861,"hypothesisId":"B","runId":"ipad-fix2"}
{"sessionId":"6c5c15","location":"pageInkDom.ts:resolvePageDomHit","message":"dom hit resolved","data":{"clientX":713,"clientY":120.5,"method":"rect","hitKind":null},"timestamp":1787933395868,"hypothesisId":"B","runId":"ipad-fix2"}
{"sessionId":"6c5c15","location":"pageInkDom.ts:resolvePageDomHit","message":"dom hit resolved","data":{"clientX":609,"clientY":550.5,"method":"rect","hitKind":null},"timestamp":1787933395869,"hypothesisId":"B","runId":"ipad-fix2"}
{"sessionId":"6c5c15","location":"pageInkDom.ts:resolvePageDomHit","message":"dom hit resolved","data":{"clientX":711.5,"clientY":128,"method":"rect","hitKind":null},"timestamp":1787933395877,"hypothesisId":"B","runId":"ipad-fix2"}
{"sessionId":"6c5c15","location":"pageInkDom.ts:resolvePageDomHit","message":"dom hit resolved","data":{"clientX":614,"clientY":531,"method":"rect","hitKind":null},"timestamp":1787933395878,"hypothesisId":"B","runId":"ipad-fix2"}
{"sessionId":"6c5c15","location":"pageInkDom.ts:resolvePageDomHit","message":"dom hit resolved","data":{"clientX":710.5,"clientY":135.5,"method":"rect","hitKind":null},"timestamp":1787933395885,"hypothesisId":"B","runId":"ipad-fix2"}
{"sessionId":"6c5c15","location":"pageInkDom.ts:resolvePageDomHit","message":"dom hit resolved","data":{"clientX":622,"clientY":512.5,"method":"rect","hitKind":null},"timestamp":1787933395886,"hypothesisId":"B","runId":"ipad-fix2"}
{"sessionId":"6c5c15","location":"pageInkDom.ts:resolvePageDomHit","message":"dom hit resolved","data":{"clientX":710,"clientY":144,"method":"rect","hitKind":null},"timestamp":1787933395893,"hypothesisId":"B","runId":"ipad-fix2"}
{"sessionId":"6c5c15","location":"pageInkDom.ts:resolvePageDomHit","message":"dom hit resolved","data":{"clientX":630,"clientY":494.5,"method":"rect","hitKind":null},"timestamp":1787933395894,"hypothesisId":"B","runId":"ipad-fix2"}
{"sessionId":"6c5c15","location":"pageInkDom.ts:resolvePageDomHit","message":"dom hit resolved","data":{"clientX":710,"clientY":150,"method":"rect","hitKind":null},"timestamp":1787933395902,"hypothesisId":"B","runId":"ipad-fix2"}
{"sessionId":"6c5c15","location":"pageInkDom.ts:resolvePageDomHit","message":"dom hit resolved","data":{"clientX":638,"clientY":480.5,"method":"rect","hitKind":null},"timestamp":1787933395902,"hypothesisId":"B","runId":"ipad-fix2"}
{"sessionId":"6c5c15","location":"pageInkDom.ts:resolvePageDomHit","message":"dom hit resolved","data":{"clientX":710,"clientY":157.5,"method":"rect","hitKind":null},"timestamp":1787933395910,"hypothesisId":"B","runId":"ipad-fix2"}
{"sessionId":"6c5c15","location":"pageInkDom.ts:resolvePageDomHit","message":"dom hit resolved","data":{"clientX":646.5,"clientY":467,"method":"rect","hitKind":null},"timestamp":1787933395911,"hypothesisId":"B","runId":"ipad-fix2"}
{"sessionId":"6c5c15","location":"pageInkDom.ts:resolvePageDomHit","message":"dom hit resolved","data":{"clientX":709.5,"clientY":162,"method":"rect","hitKind":null},"timestamp":1787933395918,"hypothesisId":"B","runId":"ipad-fix2"}
{"sessionId":"6c5c15","location":"pageInkDom.ts:resolvePageDomHit","message":"dom hit resolved","data":{"clientX":709.5,"clientY":167.5,"method":"rect","hitKind":null},"timestamp":1787933395927,"hypothesisId":"B","runId":"ipad-fix2"}
{"sessionId":"6c5c15","location":"pageInkDom.ts:resolvePageDomHit","message":"dom hit resolved","data":{"clientX":652.5,"clientY":457.5,"method":"rect","hitKind":null},"timestamp":1787933395919,"hypothesisId":"B","runId":"ipad-fix2"}
{"sessionId":"6c5c15","location":"pageInkDom.ts:resolvePageDomHit","message":"dom hit resolved","data":{"clientX":657,"clientY":451.5,"method":"rect","hitKind":null},"timestamp":1787933395927,"hypothesisId":"B","runId":"ipad-fix2"}
{"sessionId":"6c5c15","location":"pageInkDom.ts:resolvePageDomHit","message":"dom hit resolved","data":{"clientX":709,"clientY":170.5,"method":"rect","hitKind":null},"timestamp":1787933395935,"hypothesisId":"B","runId":"ipad-fix2"}
{"sessionId":"6c5c15","location":"pageInkDom.ts:resolvePageDomHit","message":"dom hit resolved","data":{"clientX":659,"clientY":448.5,"method":"rect","hitKind":null},"timestamp":1787933395936,"hypothesisId":"B","runId":"ipad-fix2"}
{"sessionId":"6c5c15","location":"pageInkDom.ts:resolvePageDomHit","message":"dom hit resolved","data":{"clientX":708.5,"clientY":173,"method":"rect","hitKind":null},"timestamp":1787933395943,"hypothesisId":"B","runId":"ipad-fix2"}
{"sessionId":"6c5c15","location":"pageInkDom.ts:resolvePageDomHit","message":"dom hit resolved","data":{"clientX":661,"clientY":447.5,"method":"rect","hitKind":null},"timestamp":1787933395944,"hypothesisId":"B","runId":"ipad-fix2"}
{"sessionId":"6c5c15","location":"pageInkDom.ts:resolvePageDomHit","message":"dom hit resolved","data":{"clientX":708,"clientY":174,"method":"rect","hitKind":null},"timestamp":1787933395952,"hypothesisId":"B","runId":"ipad-fix2"}
{"sessionId":"6c5c15","location":"pageInkDom.ts:resolvePageDomHit","message":"dom hit resolved","data":{"clientX":661.5,"clientY":447.5,"method":"rect","hitKind":null},"timestamp":1787933395952,"hypothesisId":"B","runId":"ipad-fix2"}
{"sessionId":"6c5c15","location":"pageInkDom.ts:resolvePageDomHit","message":"dom hit resolved","data":{"clientX":707,"clientY":175.5,"method":"rect","hitKind":null},"timestamp":1787933395960,"hypothesisId":"B","runId":"ipad-fix2"}
{"sessionId":"6c5c15","location":"pageInkDom.ts:resolvePageDomHit","message":"dom hit resolved","data":{"clientX":661.5,"clientY":449,"method":"rect","hitKind":null},"timestamp":1787933395968,"hypothesisId":"B","runId":"ipad-fix2"}
{"sessionId":"6c5c15","location":"pageInkDom.ts:resolvePageDomHit","message":"dom hit resolved","data":{"clientX":706.5,"clientY":177,"method":"rect","hitKind":null},"timestamp":1787933395977,"hypothesisId":"B","runId":"ipad-fix2"}
{"sessionId":"6c5c15","location":"pageInkDom.ts:resolvePageDomHit","message":"dom hit resolved","data":{"clientX":661.5,"clientY":452,"method":"rect","hitKind":null},"timestamp":1787933395977,"hypothesisId":"B","runId":"ipad-fix2"}
{"sessionId":"6c5c15","location":"pageInkDom.ts:resolvePageDomHit","message":"dom hit resolved","data":{"clientX":661,"clientY":454.5,"method":"rect","hitKind":null},"timestamp":1787933395985,"hypothesisId":"B","runId":"ipad-fix2"}
{"sessionId":"6c5c15","location":"pageInkDom.ts:resolvePageDomHit","message":"dom hit resolved","data":{"clientX":706.5,"clientY":178,"method":"rect","hitKind":null},"timestamp":1787933395994,"hypothesisId":"B","runId":"ipad-fix2"}
{"sessionId":"6c5c15","location":"pageInkDom.ts:resolvePageDomHit","message":"dom hit resolved","data":{"clientX":660,"clientY":456,"method":"rect","hitKind":null},"timestamp":1787933395994,"hypothesisId":"B","runId":"ipad-fix2"}
{"sessionId":"6c5c15","location":"pageInkDom.ts:resolvePageDomHit","message":"dom hit resolved","data":{"clientX":706.5,"clientY":178.5,"method":"rect","hitKind":null},"timestamp":1787933396002,"hypothesisId":"B","runId":"ipad-fix2"}
{"sessionId":"6c5c15","location":"pageInkDom.ts:resolvePageDomHit","message":"dom hit resolved","data":{"clientX":659.5,"clientY":456.5,"method":"rect","hitKind":null},"timestamp":1787933396002,"hypothesisId":"B","runId":"ipad-fix2"}
{"sessionId":"6c5c15","location":"pageInkDom.ts:resolvePageDomHit","message":"dom hit resolved","data":{"clientX":706.5,"clientY":179.5,"method":"rect","hitKind":null},"timestamp":1787933396010,"hypothesisId":"B","runId":"ipad-fix2"}
{"sessionId":"6c5c15","location":"pageInkDom.ts:resolvePageDomHit","message":"dom hit resolved","data":{"clientX":659.5,"clientY":457,"method":"rect","hitKind":null},"timestamp":1787933396011,"hypothesisId":"B","runId":"ipad-fix2"}
{"sessionId":"6c5c15","location":"pageInkDom.ts:resolvePageDomHit","message":"dom hit resolved","data":{"clientX":706.5,"clientY":180,"method":"rect","hitKind":null},"timestamp":1787933396019,"hypothesisId":"B","runId":"ipad-fix2"}
{"sessionId":"6c5c15","location":"pageInkDom.ts:resolvePageDomHit","message":"dom hit resolved","data":{"clientX":706.5,"clientY":180.5,"method":"rect","hitKind":null},"timestamp":1787933396027,"hypothesisId":"B","runId":"ipad-fix2"}
{"sessionId":"6c5c15","location":"pageInkDom.ts:resolvePageDomHit","message":"dom hit resolved","data":{"clientX":659.5,"clientY":456,"method":"rect","hitKind":null},"timestamp":1787933396052,"hypothesisId":"B","runId":"ipad-fix2"}
{"sessionId":"6c5c15","location":"pageInkDom.ts:resolvePageDomHit","message":"dom hit resolved","data":{"clientX":659.5,"clientY":455,"method":"rect","hitKind":null},"timestamp":1787933396060,"hypothesisId":"B","runId":"ipad-fix2"}
{"sessionId":"6c5c15","location":"pageInkDom.ts:resolvePageDomHit","message":"dom hit resolved","data":{"clientX":659.5,"clientY":453.5,"method":"rect","hitKind":null},"timestamp":1787933396069,"hypothesisId":"B","runId":"ipad-fix2"}
{"sessionId":"6c5c15","location":"pageInkDom.ts:resolvePageDomHit","message":"dom hit resolved","data":{"clientX":659.5,"clientY":452.5,"method":"rect","hitKind":null},"timestamp":1787933396077,"hypothesisId":"B","runId":"ipad-fix2"}
{"sessionId":"6c5c15","location":"pageInkDom.ts:resolvePageDomHit","message":"dom hit resolved","data":{"clientX":659.5,"clientY":452,"method":"rect","hitKind":null},"timestamp":1787933396094,"hypothesisId":"B","runId":"ipad-fix2"}
{"sessionId":"6c5c15","location":"pageInkDom.ts:resolvePageDomHit","message":"dom hit resolved","data":{"clientX":706.5,"clientY":181,"method":"rect","hitKind":null},"timestamp":1787933396127,"hypothesisId":"B","runId":"ipad-fix2"}
{"sessionId":"6c5c15","location":"pageInkDom.ts:resolvePageDomHit","message":"dom hit resolved","data":{"clientX":659,"clientY":452.5,"method":"rect","hitKind":null},"timestamp":1787933396160,"hypothesisId":"B","runId":"ipad-fix2"}
{"sessionId":"6c5c15","location":"pageInkDom.ts:resolvePageDomHit","message":"dom hit resolved","data":{"clientX":706.5,"clientY":181.5,"method":"rect","hitKind":null},"timestamp":1787933396143,"hypothesisId":"B","runId":"ipad-fix2"}
{"sessionId":"6c5c15","location":"pageInkDom.ts:resolvePageDomHit","message":"dom hit resolved","data":{"clientX":657.5,"clientY":453,"method":"rect","hitKind":null},"timestamp":1787933396169,"hypothesisId":"B","runId":"ipad-fix2"}
{"sessionId":"6c5c15","location":"pageInkDom.ts:resolvePageDomHit","message":"dom hit resolved","data":{"clientX":656.5,"clientY":454,"method":"rect","hitKind":null},"timestamp":1787933396177,"hypothesisId":"B","runId":"ipad-fix2"}
{"sessionId":"6c5c15","location":"useEditorController.tsx:textTapUp","message":"text tap up","data":{"pointerType":"touch","hasPending":false,"dist":136.3937315275156},"timestamp":1787933396185,"hypothesisId":"A,E","runId":"post-fix2"}
{"sessionId":"6c5c15","location":"pageInkDom.ts:resolvePageDomHit","message":"dom hit resolved","data":{"clientX":652.5,"clientY":457,"method":"rect","hitKind":null},"timestamp":1787933396186,"hypothesisId":"B","runId":"ipad-fix2"}
{"sessionId":"516081","runId":"post-fix","hypothesisId":"A,B,C,D","location":"gestures/index.ts:dispatch","message":"workspace pointer","data":{"phase":"up","pointerType":"touch","kind":"finger","tool":"text","hitKind":"page","localX":0,"localY":0,"effectTypes":[],"isPrimary":false,"clientX":652.5,"clientY":457,"wrapCount":3,"nearest":[{"id":"b79c89c1-0922-4d8d-bae7-95238d32ff0d","w":23,"h":100,"l":479,"t":164,"r":501,"b":264,"inside":false},{"id":"b33a1f67-4108-4509-82bd-a5c9ccb050ed","w":23,"h":100,"l":479,"t":264,"r":501,"b":364,"inside":false},{"id":"0434644a-948c-429d-9b35-70326a337e62","w":23,"h":100,"l":479,"t":364,"r":501,"b":465,"inside":false}]},"timestamp":1787933396186}
{"sessionId":"6c5c15","location":"pageInkDom.ts:resolvePageDomHit","message":"dom hit resolved","data":{"clientX":707,"clientY":182.5,"method":"rect","hitKind":null},"timestamp":1787933396202,"hypothesisId":"B","runId":"ipad-fix2"}
{"sessionId":"516081","runId":"post-fix","hypothesisId":"A,B,C,D","location":"gestures/index.ts:dispatch","message":"workspace pointer","data":{"phase":"up","pointerType":"touch","kind":"finger","tool":"text","hitKind":"page","localX":0,"localY":0,"effectTypes":[],"isPrimary":true,"clientX":707,"clientY":182.5,"wrapCount":3,"nearest":[{"id":"b79c89c1-0922-4d8d-bae7-95238d32ff0d","w":23,"h":100,"l":479,"t":164,"r":501,"b":264,"inside":false},{"id":"b33a1f67-4108-4509-82bd-a5c9ccb050ed","w":23,"h":100,"l":479,"t":264,"r":501,"b":364,"inside":false},{"id":"0434644a-948c-429d-9b35-70326a337e62","w":23,"h":100,"l":479,"t":364,"r":501,"b":465,"inside":false}]},"timestamp":1787933396202}
{"sessionId":"6c5c15","location":"useEditorController.tsx:textTapDown","message":"global pointerdown","data":{"pointerType":"touch","tracked":true},"timestamp":1787933396457,"hypothesisId":"A","runId":"post-fix"}
{"sessionId":"6c5c15","location":"pageInkDom.ts:resolvePageDomHit","message":"dom hit resolved","data":{"clientX":439.5,"clientY":375,"method":"rect","hitKind":null},"timestamp":1787933396458,"hypothesisId":"B","runId":"ipad-fix2"}
{"sessionId":"516081","runId":"post-fix","hypothesisId":"A,B,C,D","location":"gestures/index.ts:dispatch","message":"workspace pointer","data":{"phase":"down","pointerType":"touch","kind":"finger","tool":"text","hitKind":"append","effectTypes":[],"isPrimary":true,"clientX":439.5,"clientY":375,"wrapCount":3,"nearest":[{"id":"b79c89c1-0922-4d8d-bae7-95238d32ff0d","w":23,"h":100,"l":479,"t":164,"r":501,"b":264,"inside":false},{"id":"b33a1f67-4108-4509-82bd-a5c9ccb050ed","w":23,"h":100,"l":479,"t":264,"r":501,"b":364,"inside":false},{"id":"0434644a-948c-429d-9b35-70326a337e62","w":23,"h":100,"l":479,"t":364,"r":501,"b":465,"inside":false}]},"timestamp":1787933396458}
{"sessionId":"6c5c15","location":"useEditorController.tsx:textTapUp","message":"text tap up","data":{"pointerType":"touch","hasPending":false,"dist":0},"timestamp":1787933396546,"hypothesisId":"A,E","runId":"post-fix2"}
{"sessionId":"6c5c15","location":"pageInkDom.ts:resolvePageDomHit","message":"dom hit resolved","data":{"clientX":439.5,"clientY":375,"method":"rect","hitKind":null},"timestamp":1787933396548,"hypothesisId":"B","runId":"ipad-fix2"}
{"sessionId":"6c5c15","location":"workspaceFsm.tsx:fingerTapUp","message":"finger tap up","data":{"tool":"text","downHitKind":"append","upHitKind":"append","usedHitKind":"append","effectTypes":[],"clientX":439.5,"clientY":375},"timestamp":1787933396549,"hypothesisId":"A,D,F","runId":"ipad-fix3"}
{"sessionId":"516081","runId":"post-fix","hypothesisId":"A,B,C,D","location":"gestures/index.ts:dispatch","message":"workspace pointer","data":{"phase":"up","pointerType":"touch","kind":"finger","tool":"text","hitKind":"append","effectTypes":[],"isPrimary":true,"clientX":439.5,"clientY":375,"wrapCount":3,"nearest":[{"id":"b79c89c1-0922-4d8d-bae7-95238d32ff0d","w":23,"h":100,"l":479,"t":164,"r":501,"b":264,"inside":false},{"id":"b33a1f67-4108-4509-82bd-a5c9ccb050ed","w":23,"h":100,"l":479,"t":264,"r":501,"b":364,"inside":false},{"id":"0434644a-948c-429d-9b35-70326a337e62","w":23,"h":100,"l":479,"t":364,"r":501,"b":465,"inside":false}]},"timestamp":1787933396550}
{"sessionId":"6c5c15","location":"useEditorController.tsx:textTapDown","message":"global pointerdown","data":{"pointerType":"touch","tracked":true},"timestamp":1787933397117,"hypothesisId":"A","runId":"post-fix"}
{"sessionId":"516081","runId":"post-fix","hypothesisId":"A,B,C,D","location":"gestures/index.ts:dispatch","message":"workspace pointer","data":{"phase":"down","pointerType":"touch","kind":"finger","tool":"text","hitKind":"append","effectTypes":[],"isPrimary":true,"clientX":408.5,"clientY":379.5,"wrapCount":3,"nearest":[{"id":"b79c89c1-0922-4d8d-bae7-95238d32ff0d","w":23,"h":100,"l":479,"t":164,"r":501,"b":264,"inside":false},{"id":"b33a1f67-4108-4509-82bd-a5c9ccb050ed","w":23,"h":100,"l":479,"t":264,"r":501,"b":364,"inside":false},{"id":"0434644a-948c-429d-9b35-70326a337e62","w":23,"h":100,"l":479,"t":364,"r":501,"b":465,"inside":false}]},"timestamp":1787933397121}
{"sessionId":"6c5c15","location":"pageInkDom.ts:resolvePageDomHit","message":"dom hit resolved","data":{"clientX":408.5,"clientY":379.5,"method":"rect","hitKind":null},"timestamp":1787933397120,"hypothesisId":"B","runId":"ipad-fix2"}
{"sessionId":"6c5c15","location":"useEditorController.tsx:textTapUp","message":"text tap up","data":{"pointerType":"touch","hasPending":false,"dist":0},"timestamp":1787933397221,"hypothesisId":"A,E","runId":"post-fix2"}
{"sessionId":"6c5c15","location":"pageInkDom.ts:resolvePageDomHit","message":"dom hit resolved","data":{"clientX":408.5,"clientY":379.5,"method":"rect","hitKind":null},"timestamp":1787933397223,"hypothesisId":"B","runId":"ipad-fix2"}
{"sessionId":"6c5c15","location":"workspaceFsm.tsx:fingerTapUp","message":"finger tap up","data":{"tool":"text","downHitKind":"append","upHitKind":"append","usedHitKind":"append","effectTypes":[],"clientX":408.5,"clientY":379.5},"timestamp":1787933397225,"hypothesisId":"A,D,F","runId":"ipad-fix3"}
{"sessionId":"516081","runId":"post-fix","hypothesisId":"A,B,C,D","location":"gestures/index.ts:dispatch","message":"workspace pointer","data":{"phase":"up","pointerType":"touch","kind":"finger","tool":"text","hitKind":"append","effectTypes":[],"isPrimary":true,"clientX":408.5,"clientY":379.5,"wrapCount":3,"nearest":[{"id":"b79c89c1-0922-4d8d-bae7-95238d32ff0d","w":23,"h":100,"l":479,"t":164,"r":501,"b":264,"inside":false},{"id":"b33a1f67-4108-4509-82bd-a5c9ccb050ed","w":23,"h":100,"l":479,"t":264,"r":501,"b":364,"inside":false},{"id":"0434644a-948c-429d-9b35-70326a337e62","w":23,"h":100,"l":479,"t":364,"r":501,"b":465,"inside":false}]},"timestamp":1787933397226}
{"sessionId":"6c5c15","location":"useEditorController.tsx:textTapDown","message":"global pointerdown","data":{"pointerType":"touch","tracked":true},"timestamp":1787933397433,"hypothesisId":"A","runId":"post-fix"}
{"sessionId":"6c5c15","location":"pageInkDom.ts:resolvePageDomHit","message":"dom hit resolved","data":{"clientX":422,"clientY":345.5,"method":"rect","hitKind":null},"timestamp":1787933397434,"hypothesisId":"B","runId":"ipad-fix2"}
{"sessionId":"516081","runId":"post-fix","hypothesisId":"A,B,C,D","location":"gestures/index.ts:dispatch","message":"workspace pointer","data":{"phase":"down","pointerType":"touch","kind":"finger","tool":"text","hitKind":"append","effectTypes":[],"isPrimary":true,"clientX":422,"clientY":345.5,"wrapCount":3,"nearest":[{"id":"b79c89c1-0922-4d8d-bae7-95238d32ff0d","w":23,"h":100,"l":479,"t":164,"r":501,"b":264,"inside":false},{"id":"b33a1f67-4108-4509-82bd-a5c9ccb050ed","w":23,"h":100,"l":479,"t":264,"r":501,"b":364,"inside":false},{"id":"0434644a-948c-429d-9b35-70326a337e62","w":23,"h":100,"l":479,"t":364,"r":501,"b":465,"inside":false}]},"timestamp":1787933397436}
{"sessionId":"6c5c15","location":"useEditorController.tsx:textTapUp","message":"text tap up","data":{"pointerType":"touch","hasPending":false,"dist":0},"timestamp":1787933397513,"hypothesisId":"A,E","runId":"post-fix2"}
{"sessionId":"6c5c15","location":"pageInkDom.ts:resolvePageDomHit","message":"dom hit resolved","data":{"clientX":422,"clientY":345.5,"method":"rect","hitKind":null},"timestamp":1787933397514,"hypothesisId":"B","runId":"ipad-fix2"}
{"sessionId":"6c5c15","location":"workspaceFsm.tsx:fingerTapUp","message":"finger tap up","data":{"tool":"text","downHitKind":"append","upHitKind":"append","usedHitKind":"append","effectTypes":[],"clientX":422,"clientY":345.5},"timestamp":1787933397515,"hypothesisId":"A,D,F","runId":"ipad-fix3"}
{"sessionId":"516081","runId":"post-fix","hypothesisId":"A,B,C,D","location":"gestures/index.ts:dispatch","message":"workspace pointer","data":{"phase":"up","pointerType":"touch","kind":"finger","tool":"text","hitKind":"append","effectTypes":[],"isPrimary":true,"clientX":422,"clientY":345.5,"wrapCount":3,"nearest":[{"id":"b79c89c1-0922-4d8d-bae7-95238d32ff0d","w":23,"h":100,"l":479,"t":164,"r":501,"b":264,"inside":false},{"id":"b33a1f67-4108-4509-82bd-a5c9ccb050ed","w":23,"h":100,"l":479,"t":264,"r":501,"b":364,"inside":false},{"id":"0434644a-948c-429d-9b35-70326a337e62","w":23,"h":100,"l":479,"t":364,"r":501,"b":465,"inside":false}]},"timestamp":1787933397517}
{"sessionId":"6c5c15","location":"useEditorController.tsx:textTapDown","message":"global pointerdown","data":{"pointerType":"touch","tracked":true},"timestamp":1787933397633,"hypothesisId":"A","runId":"post-fix"}
{"sessionId":"6c5c15","location":"pageInkDom.ts:resolvePageDomHit","message":"dom hit resolved","data":{"clientX":425,"clientY":353,"method":"rect","hitKind":null},"timestamp":1787933397635,"hypothesisId":"B","runId":"ipad-fix2"}
{"sessionId":"516081","runId":"post-fix","hypothesisId":"A,B,C,D","location":"gestures/index.ts:dispatch","message":"workspace pointer","data":{"phase":"down","pointerType":"touch","kind":"finger","tool":"text","hitKind":"append","effectTypes":[],"isPrimary":true,"clientX":425,"clientY":353,"wrapCount":3,"nearest":[{"id":"b79c89c1-0922-4d8d-bae7-95238d32ff0d","w":23,"h":100,"l":479,"t":164,"r":501,"b":264,"inside":false},{"id":"b33a1f67-4108-4509-82bd-a5c9ccb050ed","w":23,"h":100,"l":479,"t":264,"r":501,"b":364,"inside":false},{"id":"0434644a-948c-429d-9b35-70326a337e62","w":23,"h":100,"l":479,"t":364,"r":501,"b":465,"inside":false}]},"timestamp":1787933397637}
{"sessionId":"6c5c15","location":"useEditorController.tsx:textTapUp","message":"text tap up","data":{"pointerType":"touch","hasPending":false,"dist":0},"timestamp":1787933397711,"hypothesisId":"A,E","runId":"post-fix2"}
{"sessionId":"6c5c15","location":"pageInkDom.ts:resolvePageDomHit","message":"dom hit resolved","data":{"clientX":425,"clientY":353,"method":"rect","hitKind":null},"timestamp":1787933397712,"hypothesisId":"B","runId":"ipad-fix2"}
{"sessionId":"6c5c15","location":"workspaceFsm.tsx:fingerTapUp","message":"finger tap up","data":{"tool":"text","downHitKind":"append","upHitKind":"append","usedHitKind":"append","effectTypes":[],"clientX":425,"clientY":353},"timestamp":1787933397712,"hypothesisId":"A,D,F","runId":"ipad-fix3"}
{"sessionId":"516081","runId":"post-fix","hypothesisId":"A,B,C,D","location":"gestures/index.ts:dispatch","message":"workspace pointer","data":{"phase":"up","pointerType":"touch","kind":"finger","tool":"text","hitKind":"append","effectTypes":[],"isPrimary":true,"clientX":425,"clientY":353,"wrapCount":3,"nearest":[{"id":"b79c89c1-0922-4d8d-bae7-95238d32ff0d","w":23,"h":100,"l":479,"t":164,"r":501,"b":264,"inside":false},{"id":"b33a1f67-4108-4509-82bd-a5c9ccb050ed","w":23,"h":100,"l":479,"t":264,"r":501,"b":364,"inside":false},{"id":"0434644a-948c-429d-9b35-70326a337e62","w":23,"h":100,"l":479,"t":364,"r":501,"b":465,"inside":false}]},"timestamp":1787933397712}
{"sessionId":"6c5c15","location":"useEditorController.tsx:textTapDown","message":"global pointerdown","data":{"pointerType":"touch","tracked":true},"timestamp":1787933397772,"hypothesisId":"A","runId":"post-fix"}
{"sessionId":"6c5c15","location":"pageInkDom.ts:resolvePageDomHit","message":"dom hit resolved","data":{"clientX":431,"clientY":351.5,"method":"rect","hitKind":null},"timestamp":1787933397773,"hypothesisId":"B","runId":"ipad-fix2"}
{"sessionId":"516081","runId":"post-fix","hypothesisId":"A,B,C,D","location":"gestures/index.ts:dispatch","message":"workspace pointer","data":{"phase":"down","pointerType":"touch","kind":"finger","tool":"text","hitKind":"append","effectTypes":[],"isPrimary":true,"clientX":431,"clientY":351.5,"wrapCount":3,"nearest":[{"id":"b79c89c1-0922-4d8d-bae7-95238d32ff0d","w":23,"h":100,"l":479,"t":164,"r":501,"b":264,"inside":false},{"id":"b33a1f67-4108-4509-82bd-a5c9ccb050ed","w":23,"h":100,"l":479,"t":264,"r":501,"b":364,"inside":false},{"id":"0434644a-948c-429d-9b35-70326a337e62","w":23,"h":100,"l":479,"t":364,"r":501,"b":465,"inside":false}]},"timestamp":1787933397774}
{"sessionId":"6c5c15","location":"useEditorController.tsx:textTapUp","message":"text tap up","data":{"pointerType":"touch","hasPending":false,"dist":0},"timestamp":1787933397871,"hypothesisId":"A,E","runId":"post-fix2"}
{"sessionId":"6c5c15","location":"pageInkDom.ts:resolvePageDomHit","message":"dom hit resolved","data":{"clientX":431,"clientY":351.5,"method":"rect","hitKind":null},"timestamp":1787933397873,"hypothesisId":"B","runId":"ipad-fix2"}
{"sessionId":"6c5c15","location":"workspaceFsm.tsx:fingerTapUp","message":"finger tap up","data":{"tool":"text","downHitKind":"append","upHitKind":"append","usedHitKind":"append","effectTypes":[],"clientX":431,"clientY":351.5},"timestamp":1787933397874,"hypothesisId":"A,D,F","runId":"ipad-fix3"}
{"sessionId":"516081","runId":"post-fix","hypothesisId":"A,B,C,D","location":"gestures/index.ts:dispatch","message":"workspace pointer","data":{"phase":"up","pointerType":"touch","kind":"finger","tool":"text","hitKind":"append","effectTypes":[],"isPrimary":true,"clientX":431,"clientY":351.5,"wrapCount":3,"nearest":[{"id":"b79c89c1-0922-4d8d-bae7-95238d32ff0d","w":23,"h":100,"l":479,"t":164,"r":501,"b":264,"inside":false},{"id":"b33a1f67-4108-4509-82bd-a5c9ccb050ed","w":23,"h":100,"l":479,"t":264,"r":501,"b":364,"inside":false},{"id":"0434644a-948c-429d-9b35-70326a337e62","w":23,"h":100,"l":479,"t":364,"r":501,"b":465,"inside":false}]},"timestamp":1787933397875}
{"sessionId":"6c5c15","location":"useEditorController.tsx:textTapDown","message":"global pointerdown","data":{"pointerType":"pen","tracked":true},"timestamp":1787933398532,"hypothesisId":"A","runId":"post-fix"}
{"sessionId":"6c5c15","location":"useEditorController.tsx:textTapUp","message":"text tap up","data":{"pointerType":"pen","hasPending":false,"dist":13.82931668593933},"timestamp":1787933398589,"hypothesisId":"A,E","runId":"post-fix2"}
{"sessionId":"6c5c15","location":"useEditorController.tsx:textTapDown","message":"global pointerdown","data":{"pointerType":"pen","tracked":true},"timestamp":1787933398998,"hypothesisId":"A","runId":"post-fix"}
{"sessionId":"6c5c15","location":"useEditorController.tsx:textTapUp","message":"text tap up","data":{"pointerType":"pen","hasPending":false,"dist":2.0615528128088303},"timestamp":1787933399066,"hypothesisId":"A,E","runId":"post-fix2"}
{"sessionId":"6c5c15","location":"useEditorController.tsx:textTapDown","message":"global pointerdown","data":{"pointerType":"pen","tracked":true},"timestamp":1787933399727,"hypothesisId":"A","runId":"post-fix"}
{"sessionId":"6c5c15","location":"pageInkDom.ts:resolvePageDomHit","message":"dom hit resolved","data":{"clientX":658,"clientY":276.5,"method":"rect","hitKind":null},"timestamp":1787933399729,"hypothesisId":"B","runId":"ipad-fix2"}
{"sessionId":"516081","runId":"post-fix","hypothesisId":"A,B,C,D","location":"gestures/index.ts:dispatch","message":"workspace pointer","data":{"phase":"down","pointerType":"pen","kind":"pencil","tool":"pen","hitKind":"page","localX":0,"localY":0,"effectTypes":["beginPenOverlay"],"isPrimary":true,"clientX":658,"clientY":276.5,"wrapCount":3,"nearest":[{"id":"b79c89c1-0922-4d8d-bae7-95238d32ff0d","w":23,"h":100,"l":479,"t":164,"r":501,"b":264,"inside":false},{"id":"b33a1f67-4108-4509-82bd-a5c9ccb050ed","w":23,"h":100,"l":479,"t":264,"r":501,"b":364,"inside":false},{"id":"0434644a-948c-429d-9b35-70326a337e62","w":23,"h":100,"l":479,"t":364,"r":501,"b":465,"inside":false}]},"timestamp":1787933399731}
{"sessionId":"6c5c15","location":"pageInkDom.ts:resolvePageDomHit","message":"dom hit resolved","data":{"clientX":657,"clientY":277,"method":"rect","hitKind":null},"timestamp":1787933399742,"hypothesisId":"B","runId":"ipad-fix2"}
{"sessionId":"6c5c15","location":"pageInkDom.ts:resolvePageDomHit","message":"dom hit resolved","data":{"clientX":655.5,"clientY":277.5,"method":"rect","hitKind":null},"timestamp":1787933399743,"hypothesisId":"B","runId":"ipad-fix2"}
{"sessionId":"6c5c15","location":"pageInkDom.ts:resolvePageDomHit","message":"dom hit resolved","data":{"clientX":652.5,"clientY":290.5,"method":"rect","hitKind":null},"timestamp":1787933399746,"hypothesisId":"B","runId":"ipad-fix2"}
{"sessionId":"6c5c15","location":"pageInkDom.ts:resolvePageDomHit","message":"dom hit resolved","data":{"clientX":652.5,"clientY":290.5,"method":"rect","hitKind":null},"timestamp":1787933399747,"hypothesisId":"B","runId":"ipad-fix2"}
{"sessionId":"6c5c15","location":"pageInkDom.ts:resolvePageDomHit","message":"dom hit resolved","data":{"clientX":652,"clientY":297,"method":"rect","hitKind":null},"timestamp":1787933399754,"hypothesisId":"B","runId":"ipad-fix2"}
{"sessionId":"6c5c15","location":"pageInkDom.ts:resolvePageDomHit","message":"dom hit resolved","data":{"clientX":652,"clientY":297,"method":"rect","hitKind":null},"timestamp":1787933399755,"hypothesisId":"B","runId":"ipad-fix2"}
{"sessionId":"6c5c15","location":"pageInkDom.ts:resolvePageDomHit","message":"dom hit resolved","data":{"clientX":651,"clientY":302.5,"method":"rect","hitKind":null},"timestamp":1787933399762,"hypothesisId":"B","runId":"ipad-fix2"}
{"sessionId":"6c5c15","location":"pageInkDom.ts:resolvePageDomHit","message":"dom hit resolved","data":{"clientX":651,"clientY":302.5,"method":"rect","hitKind":null},"timestamp":1787933399763,"hypothesisId":"B","runId":"ipad-fix2"}
{"sessionId":"6c5c15","location":"pageInkDom.ts:resolvePageDomHit","message":"dom hit resolved","data":{"clientX":650.5,"clientY":307.5,"method":"rect","hitKind":null},"timestamp":1787933399771,"hypothesisId":"B","runId":"ipad-fix2"}
{"sessionId":"6c5c15","location":"pageInkDom.ts:resolvePageDomHit","message":"dom hit resolved","data":{"clientX":650.5,"clientY":307.5,"method":"rect","hitKind":null},"timestamp":1787933399772,"hypothesisId":"B","runId":"ipad-fix2"}
{"sessionId":"6c5c15","location":"pageInkDom.ts:resolvePageDomHit","message":"dom hit resolved","data":{"clientX":650,"clientY":313,"method":"rect","hitKind":null},"timestamp":1787933399779,"hypothesisId":"B","runId":"ipad-fix2"}
{"sessionId":"6c5c15","location":"pageInkDom.ts:resolvePageDomHit","message":"dom hit resolved","data":{"clientX":650,"clientY":313,"method":"rect","hitKind":null},"timestamp":1787933399780,"hypothesisId":"B","runId":"ipad-fix2"}
{"sessionId":"6c5c15","location":"pageInkDom.ts:resolvePageDomHit","message":"dom hit resolved","data":{"clientX":649,"clientY":317.5,"method":"rect","hitKind":null},"timestamp":1787933399788,"hypothesisId":"B","runId":"ipad-fix2"}
{"sessionId":"6c5c15","location":"pageInkDom.ts:resolvePageDomHit","message":"dom hit resolved","data":{"clientX":649,"clientY":317.5,"method":"rect","hitKind":null},"timestamp":1787933399789,"hypothesisId":"B","runId":"ipad-fix2"}
{"sessionId":"6c5c15","location":"pageInkDom.ts:resolvePageDomHit","message":"dom hit resolved","data":{"clientX":648.5,"clientY":322,"method":"rect","hitKind":null},"timestamp":1787933399796,"hypothesisId":"B","runId":"ipad-fix2"}
{"sessionId":"6c5c15","location":"pageInkDom.ts:resolvePageDomHit","message":"dom hit resolved","data":{"clientX":648.5,"clientY":322,"method":"rect","hitKind":null},"timestamp":1787933399796,"hypothesisId":"B","runId":"ipad-fix2"}
{"sessionId":"6c5c15","location":"pageInkDom.ts:resolvePageDomHit","message":"dom hit resolved","data":{"clientX":647.5,"clientY":326,"method":"rect","hitKind":null},"timestamp":1787933399804,"hypothesisId":"B","runId":"ipad-fix2"}
{"sessionId":"6c5c15","location":"pageInkDom.ts:resolvePageDomHit","message":"dom hit resolved","data":{"clientX":647.5,"clientY":326,"method":"rect","hitKind":null},"timestamp":1787933399805,"hypothesisId":"B","runId":"ipad-fix2"}
{"sessionId":"6c5c15","location":"pageInkDom.ts:resolvePageDomHit","message":"dom hit resolved","data":{"clientX":647,"clientY":330,"method":"rect","hitKind":null},"timestamp":1787933399813,"hypothesisId":"B","runId":"ipad-fix2"}
{"sessionId":"6c5c15","location":"pageInkDom.ts:resolvePageDomHit","message":"dom hit resolved","data":{"clientX":647,"clientY":330,"method":"rect","hitKind":null},"timestamp":1787933399813,"hypothesisId":"B","runId":"ipad-fix2"}
{"sessionId":"6c5c15","location":"pageInkDom.ts:resolvePageDomHit","message":"dom hit resolved","data":{"clientX":646.5,"clientY":333.5,"method":"rect","hitKind":null},"timestamp":1787933399821,"hypothesisId":"B","runId":"ipad-fix2"}
{"sessionId":"6c5c15","location":"pageInkDom.ts:resolvePageDomHit","message":"dom hit resolved","data":{"clientX":646.5,"clientY":333.5,"method":"rect","hitKind":null},"timestamp":1787933399822,"hypothesisId":"B","runId":"ipad-fix2"}
{"sessionId":"6c5c15","location":"pageInkDom.ts:resolvePageDomHit","message":"dom hit resolved","data":{"clientX":646.5,"clientY":337,"method":"rect","hitKind":null},"timestamp":1787933399829,"hypothesisId":"B","runId":"ipad-fix2"}
{"sessionId":"6c5c15","location":"pageInkDom.ts:resolvePageDomHit","message":"dom hit resolved","data":{"clientX":646.5,"clientY":337,"method":"rect","hitKind":null},"timestamp":1787933399830,"hypothesisId":"B","runId":"ipad-fix2"}
{"sessionId":"6c5c15","location":"pageInkDom.ts:resolvePageDomHit","message":"dom hit resolved","data":{"clientX":646.5,"clientY":340.5,"method":"rect","hitKind":null},"timestamp":1787933399838,"hypothesisId":"B","runId":"ipad-fix2"}
{"sessionId":"6c5c15","location":"pageInkDom.ts:resolvePageDomHit","message":"dom hit resolved","data":{"clientX":646.5,"clientY":340.5,"method":"rect","hitKind":null},"timestamp":1787933399839,"hypothesisId":"B","runId":"ipad-fix2"}
{"sessionId":"6c5c15","location":"pageInkDom.ts:resolvePageDomHit","message":"dom hit resolved","data":{"clientX":646.5,"clientY":343,"method":"rect","hitKind":null},"timestamp":1787933399846,"hypothesisId":"B","runId":"ipad-fix2"}
{"sessionId":"6c5c15","location":"pageInkDom.ts:resolvePageDomHit","message":"dom hit resolved","data":{"clientX":646.5,"clientY":343,"method":"rect","hitKind":null},"timestamp":1787933399847,"hypothesisId":"B","runId":"ipad-fix2"}
{"sessionId":"6c5c15","location":"pageInkDom.ts:resolvePageDomHit","message":"dom hit resolved","data":{"clientX":646.5,"clientY":346,"method":"rect","hitKind":null},"timestamp":1787933399854,"hypothesisId":"B","runId":"ipad-fix2"}
{"sessionId":"6c5c15","location":"pageInkDom.ts:resolvePageDomHit","message":"dom hit resolved","data":{"clientX":646.5,"clientY":346,"method":"rect","hitKind":null},"timestamp":1787933399855,"hypothesisId":"B","runId":"ipad-fix2"}
{"sessionId":"6c5c15","location":"pageInkDom.ts:resolvePageDomHit","message":"dom hit resolved","data":{"clientX":647,"clientY":348.5,"method":"rect","hitKind":null},"timestamp":1787933399863,"hypothesisId":"B","runId":"ipad-fix2"}
{"sessionId":"6c5c15","location":"pageInkDom.ts:resolvePageDomHit","message":"dom hit resolved","data":{"clientX":647,"clientY":348.5,"method":"rect","hitKind":null},"timestamp":1787933399863,"hypothesisId":"B","runId":"ipad-fix2"}
{"sessionId":"6c5c15","location":"pageInkDom.ts:resolvePageDomHit","message":"dom hit resolved","data":{"clientX":647.5,"clientY":350.5,"method":"rect","hitKind":null},"timestamp":1787933399871,"hypothesisId":"B","runId":"ipad-fix2"}
{"sessionId":"6c5c15","location":"pageInkDom.ts:resolvePageDomHit","message":"dom hit resolved","data":{"clientX":647.5,"clientY":350.5,"method":"rect","hitKind":null},"timestamp":1787933399872,"hypothesisId":"B","runId":"ipad-fix2"}
{"sessionId":"6c5c15","location":"pageInkDom.ts:resolvePageDomHit","message":"dom hit resolved","data":{"clientX":648,"clientY":352.5,"method":"rect","hitKind":null},"timestamp":1787933399879,"hypothesisId":"B","runId":"ipad-fix2"}
{"sessionId":"6c5c15","location":"pageInkDom.ts:resolvePageDomHit","message":"dom hit resolved","data":{"clientX":648,"clientY":352.5,"method":"rect","hitKind":null},"timestamp":1787933399880,"hypothesisId":"B","runId":"ipad-fix2"}
{"sessionId":"6c5c15","location":"pageInkDom.ts:resolvePageDomHit","message":"dom hit resolved","data":{"clientX":648.5,"clientY":353.5,"method":"rect","hitKind":null},"timestamp":1787933399888,"hypothesisId":"B","runId":"ipad-fix2"}
{"sessionId":"6c5c15","location":"pageInkDom.ts:resolvePageDomHit","message":"dom hit resolved","data":{"clientX":648.5,"clientY":353.5,"method":"rect","hitKind":null},"timestamp":1787933399889,"hypothesisId":"B","runId":"ipad-fix2"}
{"sessionId":"6c5c15","location":"pageInkDom.ts:resolvePageDomHit","message":"dom hit resolved","data":{"clientX":649,"clientY":354.5,"method":"rect","hitKind":null},"timestamp":1787933399896,"hypothesisId":"B","runId":"ipad-fix2"}
{"sessionId":"6c5c15","location":"pageInkDom.ts:resolvePageDomHit","message":"dom hit resolved","data":{"clientX":649,"clientY":354.5,"method":"rect","hitKind":null},"timestamp":1787933399897,"hypothesisId":"B","runId":"ipad-fix2"}
{"sessionId":"6c5c15","location":"pageInkDom.ts:resolvePageDomHit","message":"dom hit resolved","data":{"clientX":649,"clientY":355,"method":"rect","hitKind":null},"timestamp":1787933399904,"hypothesisId":"B","runId":"ipad-fix2"}
{"sessionId":"6c5c15","location":"pageInkDom.ts:resolvePageDomHit","message":"dom hit resolved","data":{"clientX":649,"clientY":355,"method":"rect","hitKind":null},"timestamp":1787933399905,"hypothesisId":"B","runId":"ipad-fix2"}
{"sessionId":"6c5c15","location":"pageInkDom.ts:resolvePageDomHit","message":"dom hit resolved","data":{"clientX":649,"clientY":355.5,"method":"rect","hitKind":null},"timestamp":1787933399912,"hypothesisId":"B","runId":"ipad-fix2"}
{"sessionId":"6c5c15","location":"pageInkDom.ts:resolvePageDomHit","message":"dom hit resolved","data":{"clientX":649,"clientY":355.5,"method":"rect","hitKind":null},"timestamp":1787933399913,"hypothesisId":"B","runId":"ipad-fix2"}
{"sessionId":"6c5c15","location":"pageInkDom.ts:resolvePageDomHit","message":"dom hit resolved","data":{"clientX":649,"clientY":356.5,"method":"rect","hitKind":null},"timestamp":1787933399921,"hypothesisId":"B","runId":"ipad-fix2"}
{"sessionId":"6c5c15","location":"pageInkDom.ts:resolvePageDomHit","message":"dom hit resolved","data":{"clientX":649,"clientY":356.5,"method":"rect","hitKind":null},"timestamp":1787933399922,"hypothesisId":"B","runId":"ipad-fix2"}
{"sessionId":"6c5c15","location":"pageInkDom.ts:resolvePageDomHit","message":"dom hit resolved","data":{"clientX":649,"clientY":357.5,"method":"rect","hitKind":null},"timestamp":1787933399929,"hypothesisId":"B","runId":"ipad-fix2"}
{"sessionId":"6c5c15","location":"pageInkDom.ts:resolvePageDomHit","message":"dom hit resolved","data":{"clientX":649,"clientY":357.5,"method":"rect","hitKind":null},"timestamp":1787933399930,"hypothesisId":"B","runId":"ipad-fix2"}
{"sessionId":"6c5c15","location":"pageInkDom.ts:resolvePageDomHit","message":"dom hit resolved","data":{"clientX":649,"clientY":359,"method":"rect","hitKind":null},"timestamp":1787933399938,"hypothesisId":"B","runId":"ipad-fix2"}
{"sessionId":"6c5c15","location":"pageInkDom.ts:resolvePageDomHit","message":"dom hit resolved","data":{"clientX":649,"clientY":359,"method":"rect","hitKind":null},"timestamp":1787933399939,"hypothesisId":"B","runId":"ipad-fix2"}
{"sessionId":"6c5c15","location":"pageInkDom.ts:resolvePageDomHit","message":"dom hit resolved","data":{"clientX":649,"clientY":360.5,"method":"rect","hitKind":null},"timestamp":1787933399946,"hypothesisId":"B","runId":"ipad-fix2"}
{"sessionId":"6c5c15","location":"pageInkDom.ts:resolvePageDomHit","message":"dom hit resolved","data":{"clientX":649,"clientY":360.5,"method":"rect","hitKind":null},"timestamp":1787933399946,"hypothesisId":"B","runId":"ipad-fix2"}
{"sessionId":"6c5c15","location":"pageInkDom.ts:resolvePageDomHit","message":"dom hit resolved","data":{"clientX":649,"clientY":362.5,"method":"rect","hitKind":null},"timestamp":1787933399954,"hypothesisId":"B","runId":"ipad-fix2"}
{"sessionId":"6c5c15","location":"pageInkDom.ts:resolvePageDomHit","message":"dom hit resolved","data":{"clientX":649,"clientY":362.5,"method":"rect","hitKind":null},"timestamp":1787933399958,"hypothesisId":"B","runId":"ipad-fix2"}
{"sessionId":"6c5c15","location":"pageInkDom.ts:resolvePageDomHit","message":"dom hit resolved","data":{"clientX":649.5,"clientY":364.5,"method":"rect","hitKind":null},"timestamp":1787933399963,"hypothesisId":"B","runId":"ipad-fix2"}
{"sessionId":"6c5c15","location":"pageInkDom.ts:resolvePageDomHit","message":"dom hit resolved","data":{"clientX":649.5,"clientY":364.5,"method":"rect","hitKind":null},"timestamp":1787933399963,"hypothesisId":"B","runId":"ipad-fix2"}
{"sessionId":"6c5c15","location":"pageInkDom.ts:resolvePageDomHit","message":"dom hit resolved","data":{"clientX":649.5,"clientY":366.5,"method":"rect","hitKind":null},"timestamp":1787933399971,"hypothesisId":"B","runId":"ipad-fix2"}
{"sessionId":"6c5c15","location":"pageInkDom.ts:resolvePageDomHit","message":"dom hit resolved","data":{"clientX":649.5,"clientY":366.5,"method":"rect","hitKind":null},"timestamp":1787933399972,"hypothesisId":"B","runId":"ipad-fix2"}
{"sessionId":"6c5c15","location":"pageInkDom.ts:resolvePageDomHit","message":"dom hit resolved","data":{"clientX":650,"clientY":368,"method":"rect","hitKind":null},"timestamp":1787933399979,"hypothesisId":"B","runId":"ipad-fix2"}
{"sessionId":"6c5c15","location":"pageInkDom.ts:resolvePageDomHit","message":"dom hit resolved","data":{"clientX":650,"clientY":368,"method":"rect","hitKind":null},"timestamp":1787933399980,"hypothesisId":"B","runId":"ipad-fix2"}
{"sessionId":"6c5c15","location":"pageInkDom.ts:resolvePageDomHit","message":"dom hit resolved","data":{"clientX":650,"clientY":369,"method":"rect","hitKind":null},"timestamp":1787933399988,"hypothesisId":"B","runId":"ipad-fix2"}
{"sessionId":"6c5c15","location":"pageInkDom.ts:resolvePageDomHit","message":"dom hit resolved","data":{"clientX":650,"clientY":369,"method":"rect","hitKind":null},"timestamp":1787933399988,"hypothesisId":"B","runId":"ipad-fix2"}
{"sessionId":"6c5c15","location":"pageInkDom.ts:resolvePageDomHit","message":"dom hit resolved","data":{"clientX":650,"clientY":370,"method":"rect","hitKind":null},"timestamp":1787933399996,"hypothesisId":"B","runId":"ipad-fix2"}
{"sessionId":"6c5c15","location":"pageInkDom.ts:resolvePageDomHit","message":"dom hit resolved","data":{"clientX":650,"clientY":370,"method":"rect","hitKind":null},"timestamp":1787933399997,"hypothesisId":"B","runId":"ipad-fix2"}
{"sessionId":"6c5c15","location":"pageInkDom.ts:resolvePageDomHit","message":"dom hit resolved","data":{"clientX":650.5,"clientY":370.5,"method":"rect","hitKind":null},"timestamp":1787933400004,"hypothesisId":"B","runId":"ipad-fix2"}
{"sessionId":"6c5c15","location":"pageInkDom.ts:resolvePageDomHit","message":"dom hit resolved","data":{"clientX":650.5,"clientY":370.5,"method":"rect","hitKind":null},"timestamp":1787933400005,"hypothesisId":"B","runId":"ipad-fix2"}
{"sessionId":"6c5c15","location":"pageInkDom.ts:resolvePageDomHit","message":"dom hit resolved","data":{"clientX":650.5,"clientY":370.5,"method":"rect","hitKind":null},"timestamp":1787933400013,"hypothesisId":"B","runId":"ipad-fix2"}
{"sessionId":"6c5c15","location":"pageInkDom.ts:resolvePageDomHit","message":"dom hit resolved","data":{"clientX":650.5,"clientY":370.5,"method":"rect","hitKind":null},"timestamp":1787933400021,"hypothesisId":"B","runId":"ipad-fix2"}
{"sessionId":"6c5c15","location":"pageInkDom.ts:resolvePageDomHit","message":"dom hit resolved","data":{"clientX":650.5,"clientY":370.5,"method":"rect","hitKind":null},"timestamp":1787933400029,"hypothesisId":"B","runId":"ipad-fix2"}
{"sessionId":"6c5c15","location":"pageInkDom.ts:resolvePageDomHit","message":"dom hit resolved","data":{"clientX":650.5,"clientY":370.5,"method":"rect","hitKind":null},"timestamp":1787933400038,"hypothesisId":"B","runId":"ipad-fix2"}
{"sessionId":"6c5c15","location":"pageInkDom.ts:resolvePageDomHit","message":"dom hit resolved","data":{"clientX":650.5,"clientY":370.5,"method":"rect","hitKind":null},"timestamp":1787933400046,"hypothesisId":"B","runId":"ipad-fix2"}
{"sessionId":"6c5c15","location":"pageInkDom.ts:resolvePageDomHit","message":"dom hit resolved","data":{"clientX":650.5,"clientY":370.5,"method":"rect","hitKind":null},"timestamp":1787933400054,"hypothesisId":"B","runId":"ipad-fix2"}
{"sessionId":"6c5c15","location":"pageInkDom.ts:resolvePageDomHit","message":"dom hit resolved","data":{"clientX":650.5,"clientY":370.5,"method":"rect","hitKind":null},"timestamp":1787933400063,"hypothesisId":"B","runId":"ipad-fix2"}
{"sessionId":"6c5c15","location":"pageInkDom.ts:resolvePageDomHit","message":"dom hit resolved","data":{"clientX":650.5,"clientY":370.5,"method":"rect","hitKind":null},"timestamp":1787933400071,"hypothesisId":"B","runId":"ipad-fix2"}
{"sessionId":"6c5c15","location":"pageInkDom.ts:resolvePageDomHit","message":"dom hit resolved","data":{"clientX":650.5,"clientY":370.5,"method":"rect","hitKind":null},"timestamp":1787933400079,"hypothesisId":"B","runId":"ipad-fix2"}
{"sessionId":"6c5c15","location":"pageInkDom.ts:resolvePageDomHit","message":"dom hit resolved","data":{"clientX":650.5,"clientY":370.5,"method":"rect","hitKind":null},"timestamp":1787933400088,"hypothesisId":"B","runId":"ipad-fix2"}
{"sessionId":"6c5c15","location":"pageInkDom.ts:resolvePageDomHit","message":"dom hit resolved","data":{"clientX":650.5,"clientY":370.5,"method":"rect","hitKind":null},"timestamp":1787933400096,"hypothesisId":"B","runId":"ipad-fix2"}
{"sessionId":"6c5c15","location":"pageInkDom.ts:resolvePageDomHit","message":"dom hit resolved","data":{"clientX":650.5,"clientY":371,"method":"rect","hitKind":null},"timestamp":1787933400104,"hypothesisId":"B","runId":"ipad-fix2"}
{"sessionId":"6c5c15","location":"pageInkDom.ts:resolvePageDomHit","message":"dom hit resolved","data":{"clientX":650.5,"clientY":371,"method":"rect","hitKind":null},"timestamp":1787933400105,"hypothesisId":"B","runId":"ipad-fix2"}
{"sessionId":"6c5c15","location":"pageInkDom.ts:resolvePageDomHit","message":"dom hit resolved","data":{"clientX":650.5,"clientY":371.5,"method":"rect","hitKind":null},"timestamp":1787933400113,"hypothesisId":"B","runId":"ipad-fix2"}
{"sessionId":"6c5c15","location":"pageInkDom.ts:resolvePageDomHit","message":"dom hit resolved","data":{"clientX":650.5,"clientY":371.5,"method":"rect","hitKind":null},"timestamp":1787933400113,"hypothesisId":"B","runId":"ipad-fix2"}
{"sessionId":"6c5c15","location":"pageInkDom.ts:resolvePageDomHit","message":"dom hit resolved","data":{"clientX":650.5,"clientY":371.5,"method":"rect","hitKind":null},"timestamp":1787933400121,"hypothesisId":"B","runId":"ipad-fix2"}
{"sessionId":"6c5c15","location":"pageInkDom.ts:resolvePageDomHit","message":"dom hit resolved","data":{"clientX":650.5,"clientY":372,"method":"rect","hitKind":null},"timestamp":1787933400129,"hypothesisId":"B","runId":"ipad-fix2"}
{"sessionId":"6c5c15","location":"pageInkDom.ts:resolvePageDomHit","message":"dom hit resolved","data":{"clientX":650.5,"clientY":372,"method":"rect","hitKind":null},"timestamp":1787933400130,"hypothesisId":"B","runId":"ipad-fix2"}
{"sessionId":"6c5c15","location":"pageInkDom.ts:resolvePageDomHit","message":"dom hit resolved","data":{"clientX":650,"clientY":372,"method":"rect","hitKind":null},"timestamp":1787933400138,"hypothesisId":"B","runId":"ipad-fix2"}
{"sessionId":"6c5c15","location":"pageInkDom.ts:resolvePageDomHit","message":"dom hit resolved","data":{"clientX":650,"clientY":372,"method":"rect","hitKind":null},"timestamp":1787933400139,"hypothesisId":"B","runId":"ipad-fix2"}
{"sessionId":"6c5c15","location":"pageInkDom.ts:resolvePageDomHit","message":"dom hit resolved","data":{"clientX":650,"clientY":372,"method":"rect","hitKind":null},"timestamp":1787933400146,"hypothesisId":"B","runId":"ipad-fix2"}
{"sessionId":"6c5c15","location":"pageInkDom.ts:resolvePageDomHit","message":"dom hit resolved","data":{"clientX":650,"clientY":372,"method":"rect","hitKind":null},"timestamp":1787933400154,"hypothesisId":"B","runId":"ipad-fix2"}
{"sessionId":"6c5c15","location":"pageInkDom.ts:resolvePageDomHit","message":"dom hit resolved","data":{"clientX":650,"clientY":372,"method":"rect","hitKind":null},"timestamp":1787933400163,"hypothesisId":"B","runId":"ipad-fix2"}
{"sessionId":"6c5c15","location":"pageInkDom.ts:resolvePageDomHit","message":"dom hit resolved","data":{"clientX":650,"clientY":372,"method":"rect","hitKind":null},"timestamp":1787933400171,"hypothesisId":"B","runId":"ipad-fix2"}
{"sessionId":"6c5c15","location":"pageInkDom.ts:resolvePageDomHit","message":"dom hit resolved","data":{"clientX":650,"clientY":372,"method":"rect","hitKind":null},"timestamp":1787933400179,"hypothesisId":"B","runId":"ipad-fix2"}
{"sessionId":"6c5c15","location":"pageInkDom.ts:resolvePageDomHit","message":"dom hit resolved","data":{"clientX":650,"clientY":372,"method":"rect","hitKind":null},"timestamp":1787933400188,"hypothesisId":"B","runId":"ipad-fix2"}
{"sessionId":"6c5c15","location":"pageInkDom.ts:resolvePageDomHit","message":"dom hit resolved","data":{"clientX":650,"clientY":372,"method":"rect","hitKind":null},"timestamp":1787933400196,"hypothesisId":"B","runId":"ipad-fix2"}
{"sessionId":"6c5c15","location":"pageInkDom.ts:resolvePageDomHit","message":"dom hit resolved","data":{"clientX":650,"clientY":372,"method":"rect","hitKind":null},"timestamp":1787933400204,"hypothesisId":"B","runId":"ipad-fix2"}
{"sessionId":"6c5c15","location":"pageInkDom.ts:resolvePageDomHit","message":"dom hit resolved","data":{"clientX":650.5,"clientY":372,"method":"rect","hitKind":null},"timestamp":1787933400213,"hypothesisId":"B","runId":"ipad-fix2"}
{"sessionId":"6c5c15","location":"pageInkDom.ts:resolvePageDomHit","message":"dom hit resolved","data":{"clientX":650.5,"clientY":372,"method":"rect","hitKind":null},"timestamp":1787933400213,"hypothesisId":"B","runId":"ipad-fix2"}
{"sessionId":"6c5c15","location":"pageInkDom.ts:resolvePageDomHit","message":"dom hit resolved","data":{"clientX":651.5,"clientY":371,"method":"rect","hitKind":null},"timestamp":1787933400221,"hypothesisId":"B","runId":"ipad-fix2"}
{"sessionId":"6c5c15","location":"pageInkDom.ts:resolvePageDomHit","message":"dom hit resolved","data":{"clientX":651.5,"clientY":371,"method":"rect","hitKind":null},"timestamp":1787933400222,"hypothesisId":"B","runId":"ipad-fix2"}
{"sessionId":"6c5c15","location":"useEditorController.tsx:textTapUp","message":"text tap up","data":{"pointerType":"pen","hasPending":false,"dist":93.1624924527033},"timestamp":1787933400229,"hypothesisId":"A,E","runId":"post-fix2"}
{"sessionId":"6c5c15","location":"pageInkDom.ts:resolvePageDomHit","message":"dom hit resolved","data":{"clientX":652.5,"clientY":369.5,"method":"rect","hitKind":null},"timestamp":1787933400230,"hypothesisId":"B","runId":"ipad-fix2"}
{"sessionId":"516081","runId":"post-fix","hypothesisId":"A,B,C,D","location":"gestures/index.ts:dispatch","message":"workspace pointer","data":{"phase":"up","pointerType":"pen","kind":"pencil","tool":"pen","hitKind":"page","localX":0,"localY":0,"effectTypes":["commitPenOverlay"],"isPrimary":true,"clientX":652.5,"clientY":369.5,"wrapCount":3,"nearest":[{"id":"b79c89c1-0922-4d8d-bae7-95238d32ff0d","w":23,"h":100,"l":479,"t":164,"r":501,"b":264,"inside":false},{"id":"b33a1f67-4108-4509-82bd-a5c9ccb050ed","w":23,"h":100,"l":479,"t":264,"r":501,"b":364,"inside":false},{"id":"0434644a-948c-429d-9b35-70326a337e62","w":23,"h":100,"l":479,"t":364,"r":501,"b":465,"inside":false}]},"timestamp":1787933400230}
{"sessionId":"6c5c15","location":"useEditorController.tsx:textTapDown","message":"global pointerdown","data":{"pointerType":"pen","tracked":true},"timestamp":1787933400682,"hypothesisId":"A","runId":"post-fix"}
{"sessionId":"6c5c15","location":"pageInkDom.ts:resolvePageDomHit","message":"dom hit resolved","data":{"clientX":635.5,"clientY":291,"method":"rect","hitKind":null},"timestamp":1787933400682,"hypothesisId":"B","runId":"ipad-fix2"}
{"sessionId":"516081","runId":"post-fix","hypothesisId":"A,B,C,D","location":"gestures/index.ts:dispatch","message":"workspace pointer","data":{"phase":"down","pointerType":"pen","kind":"pencil","tool":"pen","hitKind":"page","localX":0,"localY":0,"effectTypes":["beginPenOverlay"],"isPrimary":true,"clientX":635.5,"clientY":291,"wrapCount":3,"nearest":[{"id":"b79c89c1-0922-4d8d-bae7-95238d32ff0d","w":23,"h":100,"l":479,"t":164,"r":501,"b":264,"inside":false},{"id":"b33a1f67-4108-4509-82bd-a5c9ccb050ed","w":23,"h":100,"l":479,"t":264,"r":501,"b":364,"inside":false},{"id":"0434644a-948c-429d-9b35-70326a337e62","w":23,"h":100,"l":479,"t":364,"r":501,"b":465,"inside":false}]},"timestamp":1787933400682}
{"sessionId":"6c5c15","location":"pageInkDom.ts:resolvePageDomHit","message":"dom hit resolved","data":{"clientX":635,"clientY":290,"method":"rect","hitKind":null},"timestamp":1787933400695,"hypothesisId":"B","runId":"ipad-fix2"}
{"sessionId":"6c5c15","location":"pageInkDom.ts:resolvePageDomHit","message":"dom hit resolved","data":{"clientX":633.5,"clientY":286.5,"method":"rect","hitKind":null},"timestamp":1787933400698,"hypothesisId":"B","runId":"ipad-fix2"}
{"sessionId":"6c5c15","location":"pageInkDom.ts:resolvePageDomHit","message":"dom hit resolved","data":{"clientX":633,"clientY":284.5,"method":"rect","hitKind":null},"timestamp":1787933400705,"hypothesisId":"B","runId":"ipad-fix2"}
{"sessionId":"6c5c15","location":"pageInkDom.ts:resolvePageDomHit","message":"dom hit resolved","data":{"clientX":633,"clientY":284.5,"method":"rect","hitKind":null},"timestamp":1787933400705,"hypothesisId":"B","runId":"ipad-fix2"}
{"sessionId":"6c5c15","location":"pageInkDom.ts:resolvePageDomHit","message":"dom hit resolved","data":{"clientX":633,"clientY":282.5,"method":"rect","hitKind":null},"timestamp":1787933400713,"hypothesisId":"B","runId":"ipad-fix2"}
{"sessionId":"6c5c15","location":"pageInkDom.ts:resolvePageDomHit","message":"dom hit resolved","data":{"clientX":633,"clientY":282.5,"method":"rect","hitKind":null},"timestamp":1787933400714,"hypothesisId":"B","runId":"ipad-fix2"}
{"sessionId":"6c5c15","location":"pageInkDom.ts:resolvePageDomHit","message":"dom hit resolved","data":{"clientX":633,"clientY":280,"method":"rect","hitKind":null},"timestamp":1787933400721,"hypothesisId":"B","runId":"ipad-fix2"}
{"sessionId":"6c5c15","location":"pageInkDom.ts:resolvePageDomHit","message":"dom hit resolved","data":{"clientX":633,"clientY":280,"method":"rect","hitKind":null},"timestamp":1787933400722,"hypothesisId":"B","runId":"ipad-fix2"}
{"sessionId":"6c5c15","location":"pageInkDom.ts:resolvePageDomHit","message":"dom hit resolved","data":{"clientX":634,"clientY":277.5,"method":"rect","hitKind":null},"timestamp":1787933400729,"hypothesisId":"B","runId":"ipad-fix2"}
{"sessionId":"6c5c15","location":"pageInkDom.ts:resolvePageDomHit","message":"dom hit resolved","data":{"clientX":634,"clientY":277.5,"method":"rect","hitKind":null},"timestamp":1787933400730,"hypothesisId":"B","runId":"ipad-fix2"}
{"sessionId":"6c5c15","location":"pageInkDom.ts:resolvePageDomHit","message":"dom hit resolved","data":{"clientX":635.5,"clientY":274.5,"method":"rect","hitKind":null},"timestamp":1787933400738,"hypothesisId":"B","runId":"ipad-fix2"}
{"sessionId":"6c5c15","location":"pageInkDom.ts:resolvePageDomHit","message":"dom hit resolved","data":{"clientX":635.5,"clientY":274.5,"method":"rect","hitKind":null},"timestamp":1787933400739,"hypothesisId":"B","runId":"ipad-fix2"}
{"sessionId":"6c5c15","location":"pageInkDom.ts:resolvePageDomHit","message":"dom hit resolved","data":{"clientX":638.5,"clientY":271,"method":"rect","hitKind":null},"timestamp":1787933400746,"hypothesisId":"B","runId":"ipad-fix2"}
{"sessionId":"6c5c15","location":"pageInkDom.ts:resolvePageDomHit","message":"dom hit resolved","data":{"clientX":638.5,"clientY":271,"method":"rect","hitKind":null},"timestamp":1787933400747,"hypothesisId":"B","runId":"ipad-fix2"}
{"sessionId":"6c5c15","location":"pageInkDom.ts:resolvePageDomHit","message":"dom hit resolved","data":{"clientX":642,"clientY":267.5,"method":"rect","hitKind":null},"timestamp":1787933400755,"hypothesisId":"B","runId":"ipad-fix2"}
{"sessionId":"6c5c15","location":"pageInkDom.ts:resolvePageDomHit","message":"dom hit resolved","data":{"clientX":642,"clientY":267.5,"method":"rect","hitKind":null},"timestamp":1787933400756,"hypothesisId":"B","runId":"ipad-fix2"}
{"sessionId":"6c5c15","location":"pageInkDom.ts:resolvePageDomHit","message":"dom hit resolved","data":{"clientX":645.5,"clientY":264,"method":"rect","hitKind":null},"timestamp":1787933400763,"hypothesisId":"B","runId":"ipad-fix2"}
{"sessionId":"6c5c15","location":"pageInkDom.ts:resolvePageDomHit","message":"dom hit resolved","data":{"clientX":645.5,"clientY":264,"method":"rect","hitKind":null},"timestamp":1787933400764,"hypothesisId":"B","runId":"ipad-fix2"}
{"sessionId":"6c5c15","location":"pageInkDom.ts:resolvePageDomHit","message":"dom hit resolved","data":{"clientX":648.5,"clientY":261,"method":"rect","hitKind":null},"timestamp":1787933400771,"hypothesisId":"B","runId":"ipad-fix2"}
{"sessionId":"6c5c15","location":"pageInkDom.ts:resolvePageDomHit","message":"dom hit resolved","data":{"clientX":648.5,"clientY":261,"method":"rect","hitKind":null},"timestamp":1787933400772,"hypothesisId":"B","runId":"ipad-fix2"}
{"sessionId":"6c5c15","location":"pageInkDom.ts:resolvePageDomHit","message":"dom hit resolved","data":{"clientX":651,"clientY":258.5,"method":"rect","hitKind":null},"timestamp":1787933400780,"hypothesisId":"B","runId":"ipad-fix2"}
{"sessionId":"6c5c15","location":"pageInkDom.ts:resolvePageDomHit","message":"dom hit resolved","data":{"clientX":651,"clientY":258.5,"method":"rect","hitKind":null},"timestamp":1787933400780,"hypothesisId":"B","runId":"ipad-fix2"}
{"sessionId":"6c5c15","location":"pageInkDom.ts:resolvePageDomHit","message":"dom hit resolved","data":{"clientX":652,"clientY":257,"method":"rect","hitKind":null},"timestamp":1787933400788,"hypothesisId":"B","runId":"ipad-fix2"}
{"sessionId":"6c5c15","location":"pageInkDom.ts:resolvePageDomHit","message":"dom hit resolved","data":{"clientX":652,"clientY":257,"method":"rect","hitKind":null},"timestamp":1787933400789,"hypothesisId":"B","runId":"ipad-fix2"}
{"sessionId":"6c5c15","location":"pageInkDom.ts:resolvePageDomHit","message":"dom hit resolved","data":{"clientX":653,"clientY":257,"method":"rect","hitKind":null},"timestamp":1787933400796,"hypothesisId":"B","runId":"ipad-fix2"}
{"sessionId":"6c5c15","location":"pageInkDom.ts:resolvePageDomHit","message":"dom hit resolved","data":{"clientX":653,"clientY":257,"method":"rect","hitKind":null},"timestamp":1787933400797,"hypothesisId":"B","runId":"ipad-fix2"}
{"sessionId":"6c5c15","location":"pageInkDom.ts:resolvePageDomHit","message":"dom hit resolved","data":{"clientX":653.5,"clientY":258,"method":"rect","hitKind":null},"timestamp":1787933400805,"hypothesisId":"B","runId":"ipad-fix2"}
{"sessionId":"6c5c15","location":"pageInkDom.ts:resolvePageDomHit","message":"dom hit resolved","data":{"clientX":653.5,"clientY":258,"method":"rect","hitKind":null},"timestamp":1787933400805,"hypothesisId":"B","runId":"ipad-fix2"}
{"sessionId":"6c5c15","location":"pageInkDom.ts:resolvePageDomHit","message":"dom hit resolved","data":{"clientX":653.5,"clientY":261,"method":"rect","hitKind":null},"timestamp":1787933400813,"hypothesisId":"B","runId":"ipad-fix2"}
{"sessionId":"6c5c15","location":"pageInkDom.ts:resolvePageDomHit","message":"dom hit resolved","data":{"clientX":653.5,"clientY":261,"method":"rect","hitKind":null},"timestamp":1787933400814,"hypothesisId":"B","runId":"ipad-fix2"}
{"sessionId":"6c5c15","location":"pageInkDom.ts:resolvePageDomHit","message":"dom hit resolved","data":{"clientX":652.5,"clientY":266.5,"method":"rect","hitKind":null},"timestamp":1787933400822,"hypothesisId":"B","runId":"ipad-fix2"}
{"sessionId":"6c5c15","location":"pageInkDom.ts:resolvePageDomHit","message":"dom hit resolved","data":{"clientX":652.5,"clientY":266.5,"method":"rect","hitKind":null},"timestamp":1787933400822,"hypothesisId":"B","runId":"ipad-fix2"}
{"sessionId":"6c5c15","location":"pageInkDom.ts:resolvePageDomHit","message":"dom hit resolved","data":{"clientX":650.5,"clientY":272.5,"method":"rect","hitKind":null},"timestamp":1787933400830,"hypothesisId":"B","runId":"ipad-fix2"}
{"sessionId":"6c5c15","location":"pageInkDom.ts:resolvePageDomHit","message":"dom hit resolved","data":{"clientX":650.5,"clientY":272.5,"method":"rect","hitKind":null},"timestamp":1787933400830,"hypothesisId":"B","runId":"ipad-fix2"}
{"sessionId":"6c5c15","location":"pageInkDom.ts:resolvePageDomHit","message":"dom hit resolved","data":{"clientX":646.5,"clientY":280,"method":"rect","hitKind":null},"timestamp":1787933400838,"hypothesisId":"B","runId":"ipad-fix2"}
{"sessionId":"6c5c15","location":"pageInkDom.ts:resolvePageDomHit","message":"dom hit resolved","data":{"clientX":646.5,"clientY":280,"method":"rect","hitKind":null},"timestamp":1787933400839,"hypothesisId":"B","runId":"ipad-fix2"}
{"sessionId":"6c5c15","location":"pageInkDom.ts:resolvePageDomHit","message":"dom hit resolved","data":{"clientX":641,"clientY":287.5,"method":"rect","hitKind":null},"timestamp":1787933400846,"hypothesisId":"B","runId":"ipad-fix2"}
{"sessionId":"6c5c15","location":"pageInkDom.ts:resolvePageDomHit","message":"dom hit resolved","data":{"clientX":641,"clientY":287.5,"method":"rect","hitKind":null},"timestamp":1787933400847,"hypothesisId":"B","runId":"ipad-fix2"}
{"sessionId":"6c5c15","location":"pageInkDom.ts:resolvePageDomHit","message":"dom hit resolved","data":{"clientX":636.5,"clientY":294.5,"method":"rect","hitKind":null},"timestamp":1787933400855,"hypothesisId":"B","runId":"ipad-fix2"}
{"sessionId":"6c5c15","location":"pageInkDom.ts:resolvePageDomHit","message":"dom hit resolved","data":{"clientX":636.5,"clientY":294.5,"method":"rect","hitKind":null},"timestamp":1787933400856,"hypothesisId":"B","runId":"ipad-fix2"}
{"sessionId":"6c5c15","location":"pageInkDom.ts:resolvePageDomHit","message":"dom hit resolved","data":{"clientX":631,"clientY":301.5,"method":"rect","hitKind":null},"timestamp":1787933400863,"hypothesisId":"B","runId":"ipad-fix2"}
{"sessionId":"6c5c15","location":"pageInkDom.ts:resolvePageDomHit","message":"dom hit resolved","data":{"clientX":631,"clientY":301.5,"method":"rect","hitKind":null},"timestamp":1787933400864,"hypothesisId":"B","runId":"ipad-fix2"}
{"sessionId":"6c5c15","location":"pageInkDom.ts:resolvePageDomHit","message":"dom hit resolved","data":{"clientX":626,"clientY":307.5,"method":"rect","hitKind":null},"timestamp":1787933400872,"hypothesisId":"B","runId":"ipad-fix2"}
{"sessionId":"6c5c15","location":"pageInkDom.ts:resolvePageDomHit","message":"dom hit resolved","data":{"clientX":626,"clientY":307.5,"method":"rect","hitKind":null},"timestamp":1787933400873,"hypothesisId":"B","runId":"ipad-fix2"}
{"sessionId":"6c5c15","location":"pageInkDom.ts:resolvePageDomHit","message":"dom hit resolved","data":{"clientX":620.5,"clientY":312.5,"method":"rect","hitKind":null},"timestamp":1787933400880,"hypothesisId":"B","runId":"ipad-fix2"}
{"sessionId":"6c5c15","location":"pageInkDom.ts:resolvePageDomHit","message":"dom hit resolved","data":{"clientX":620.5,"clientY":312.5,"method":"rect","hitKind":null},"timestamp":1787933400880,"hypothesisId":"B","runId":"ipad-fix2"}
{"sessionId":"6c5c15","location":"pageInkDom.ts:resolvePageDomHit","message":"dom hit resolved","data":{"clientX":616,"clientY":316,"method":"rect","hitKind":null},"timestamp":1787933400888,"hypothesisId":"B","runId":"ipad-fix2"}
{"sessionId":"6c5c15","location":"pageInkDom.ts:resolvePageDomHit","message":"dom hit resolved","data":{"clientX":616,"clientY":316,"method":"rect","hitKind":null},"timestamp":1787933400889,"hypothesisId":"B","runId":"ipad-fix2"}
{"sessionId":"6c5c15","location":"pageInkDom.ts:resolvePageDomHit","message":"dom hit resolved","data":{"clientX":612.5,"clientY":318,"method":"rect","hitKind":null},"timestamp":1787933400896,"hypothesisId":"B","runId":"ipad-fix2"}
{"sessionId":"6c5c15","location":"pageInkDom.ts:resolvePageDomHit","message":"dom hit resolved","data":{"clientX":612.5,"clientY":318,"method":"rect","hitKind":null},"timestamp":1787933400897,"hypothesisId":"B","runId":"ipad-fix2"}
{"sessionId":"6c5c15","location":"pageInkDom.ts:resolvePageDomHit","message":"dom hit resolved","data":{"clientX":610.5,"clientY":319,"method":"rect","hitKind":null},"timestamp":1787933400905,"hypothesisId":"B","runId":"ipad-fix2"}
{"sessionId":"6c5c15","location":"pageInkDom.ts:resolvePageDomHit","message":"dom hit resolved","data":{"clientX":610.5,"clientY":319,"method":"rect","hitKind":null},"timestamp":1787933400906,"hypothesisId":"B","runId":"ipad-fix2"}
{"sessionId":"6c5c15","location":"pageInkDom.ts:resolvePageDomHit","message":"dom hit resolved","data":{"clientX":609,"clientY":319,"method":"rect","hitKind":null},"timestamp":1787933400913,"hypothesisId":"B","runId":"ipad-fix2"}
{"sessionId":"6c5c15","location":"pageInkDom.ts:resolvePageDomHit","message":"dom hit resolved","data":{"clientX":609,"clientY":319,"method":"rect","hitKind":null},"timestamp":1787933400914,"hypothesisId":"B","runId":"ipad-fix2"}
{"sessionId":"6c5c15","location":"pageInkDom.ts:resolvePageDomHit","message":"dom hit resolved","data":{"clientX":608,"clientY":317.5,"method":"rect","hitKind":null},"timestamp":1787933400922,"hypothesisId":"B","runId":"ipad-fix2"}
{"sessionId":"6c5c15","location":"pageInkDom.ts:resolvePageDomHit","message":"dom hit resolved","data":{"clientX":608,"clientY":317.5,"method":"rect","hitKind":null},"timestamp":1787933400922,"hypothesisId":"B","runId":"ipad-fix2"}
{"sessionId":"6c5c15","location":"pageInkDom.ts:resolvePageDomHit","message":"dom hit resolved","data":{"clientX":608,"clientY":314,"method":"rect","hitKind":null},"timestamp":1787933400930,"hypothesisId":"B","runId":"ipad-fix2"}
{"sessionId":"6c5c15","location":"pageInkDom.ts:resolvePageDomHit","message":"dom hit resolved","data":{"clientX":608,"clientY":314,"method":"rect","hitKind":null},"timestamp":1787933400930,"hypothesisId":"B","runId":"ipad-fix2"}
{"sessionId":"6c5c15","location":"pageInkDom.ts:resolvePageDomHit","message":"dom hit resolved","data":{"clientX":609,"clientY":308,"method":"rect","hitKind":null},"timestamp":1787933400938,"hypothesisId":"B","runId":"ipad-fix2"}
{"sessionId":"6c5c15","location":"pageInkDom.ts:resolvePageDomHit","message":"dom hit resolved","data":{"clientX":609,"clientY":308,"method":"rect","hitKind":null},"timestamp":1787933400939,"hypothesisId":"B","runId":"ipad-fix2"}
{"sessionId":"6c5c15","location":"pageInkDom.ts:resolvePageDomHit","message":"dom hit resolved","data":{"clientX":612,"clientY":300,"method":"rect","hitKind":null},"timestamp":1787933400946,"hypothesisId":"B","runId":"ipad-fix2"}
{"sessionId":"6c5c15","location":"pageInkDom.ts:resolvePageDomHit","message":"dom hit resolved","data":{"clientX":612,"clientY":300,"method":"rect","hitKind":null},"timestamp":1787933400947,"hypothesisId":"B","runId":"ipad-fix2"}
{"sessionId":"6c5c15","location":"pageInkDom.ts:resolvePageDomHit","message":"dom hit resolved","data":{"clientX":615,"clientY":292.5,"method":"rect","hitKind":null},"timestamp":1787933400955,"hypothesisId":"B","runId":"ipad-fix2"}
{"sessionId":"6c5c15","location":"pageInkDom.ts:resolvePageDomHit","message":"dom hit resolved","data":{"clientX":615,"clientY":292.5,"method":"rect","hitKind":null},"timestamp":1787933400956,"hypothesisId":"B","runId":"ipad-fix2"}
{"sessionId":"6c5c15","location":"pageInkDom.ts:resolvePageDomHit","message":"dom hit resolved","data":{"clientX":620,"clientY":283.5,"method":"rect","hitKind":null},"timestamp":1787933400963,"hypothesisId":"B","runId":"ipad-fix2"}
{"sessionId":"6c5c15","location":"pageInkDom.ts:resolvePageDomHit","message":"dom hit resolved","data":{"clientX":620,"clientY":283.5,"method":"rect","hitKind":null},"timestamp":1787933400964,"hypothesisId":"B","runId":"ipad-fix2"}
{"sessionId":"6c5c15","location":"pageInkDom.ts:resolvePageDomHit","message":"dom hit resolved","data":{"clientX":626.5,"clientY":275,"method":"rect","hitKind":null},"timestamp":1787933400972,"hypothesisId":"B","runId":"ipad-fix2"}
{"sessionId":"6c5c15","location":"pageInkDom.ts:resolvePageDomHit","message":"dom hit resolved","data":{"clientX":626.5,"clientY":275,"method":"rect","hitKind":null},"timestamp":1787933400972,"hypothesisId":"B","runId":"ipad-fix2"}
{"sessionId":"6c5c15","location":"pageInkDom.ts:resolvePageDomHit","message":"dom hit resolved","data":{"clientX":632,"clientY":268,"method":"rect","hitKind":null},"timestamp":1787933400980,"hypothesisId":"B","runId":"ipad-fix2"}
{"sessionId":"6c5c15","location":"pageInkDom.ts:resolvePageDomHit","message":"dom hit resolved","data":{"clientX":632,"clientY":268,"method":"rect","hitKind":null},"timestamp":1787933400981,"hypothesisId":"B","runId":"ipad-fix2"}
{"sessionId":"6c5c15","location":"pageInkDom.ts:resolvePageDomHit","message":"dom hit resolved","data":{"clientX":637.5,"clientY":262,"method":"rect","hitKind":null},"timestamp":1787933400989,"hypothesisId":"B","runId":"ipad-fix2"}
{"sessionId":"6c5c15","location":"pageInkDom.ts:resolvePageDomHit","message":"dom hit resolved","data":{"clientX":637.5,"clientY":262,"method":"rect","hitKind":null},"timestamp":1787933400990,"hypothesisId":"B","runId":"ipad-fix2"}
{"sessionId":"6c5c15","location":"pageInkDom.ts:resolvePageDomHit","message":"dom hit resolved","data":{"clientX":644,"clientY":257.5,"method":"rect","hitKind":null},"timestamp":1787933400996,"hypothesisId":"B","runId":"ipad-fix2"}
{"sessionId":"6c5c15","location":"pageInkDom.ts:resolvePageDomHit","message":"dom hit resolved","data":{"clientX":644,"clientY":257.5,"method":"rect","hitKind":null},"timestamp":1787933400997,"hypothesisId":"B","runId":"ipad-fix2"}
{"sessionId":"6c5c15","location":"pageInkDom.ts:resolvePageDomHit","message":"dom hit resolved","data":{"clientX":649.5,"clientY":254.5,"method":"rect","hitKind":null},"timestamp":1787933401005,"hypothesisId":"B","runId":"ipad-fix2"}
{"sessionId":"6c5c15","location":"pageInkDom.ts:resolvePageDomHit","message":"dom hit resolved","data":{"clientX":649.5,"clientY":254.5,"method":"rect","hitKind":null},"timestamp":1787933401006,"hypothesisId":"B","runId":"ipad-fix2"}
{"sessionId":"6c5c15","location":"pageInkDom.ts:resolvePageDomHit","message":"dom hit resolved","data":{"clientX":654.5,"clientY":253,"method":"rect","hitKind":null},"timestamp":1787933401013,"hypothesisId":"B","runId":"ipad-fix2"}
{"sessionId":"6c5c15","location":"pageInkDom.ts:resolvePageDomHit","message":"dom hit resolved","data":{"clientX":654.5,"clientY":253,"method":"rect","hitKind":null},"timestamp":1787933401014,"hypothesisId":"B","runId":"ipad-fix2"}
{"sessionId":"6c5c15","location":"pageInkDom.ts:resolvePageDomHit","message":"dom hit resolved","data":{"clientX":658,"clientY":253,"method":"rect","hitKind":null},"timestamp":1787933401022,"hypothesisId":"B","runId":"ipad-fix2"}
{"sessionId":"6c5c15","location":"pageInkDom.ts:resolvePageDomHit","message":"dom hit resolved","data":{"clientX":658,"clientY":253,"method":"rect","hitKind":null},"timestamp":1787933401022,"hypothesisId":"B","runId":"ipad-fix2"}
{"sessionId":"6c5c15","location":"pageInkDom.ts:resolvePageDomHit","message":"dom hit resolved","data":{"clientX":661.5,"clientY":254.5,"method":"rect","hitKind":null},"timestamp":1787933401030,"hypothesisId":"B","runId":"ipad-fix2"}
{"sessionId":"6c5c15","location":"pageInkDom.ts:resolvePageDomHit","message":"dom hit resolved","data":{"clientX":661.5,"clientY":254.5,"method":"rect","hitKind":null},"timestamp":1787933401030,"hypothesisId":"B","runId":"ipad-fix2"}
{"sessionId":"6c5c15","location":"pageInkDom.ts:resolvePageDomHit","message":"dom hit resolved","data":{"clientX":664.5,"clientY":258,"method":"rect","hitKind":null},"timestamp":1787933401039,"hypothesisId":"B","runId":"ipad-fix2"}
{"sessionId":"6c5c15","location":"pageInkDom.ts:resolvePageDomHit","message":"dom hit resolved","data":{"clientX":664.5,"clientY":258,"method":"rect","hitKind":null},"timestamp":1787933401039,"hypothesisId":"B","runId":"ipad-fix2"}
{"sessionId":"6c5c15","location":"pageInkDom.ts:resolvePageDomHit","message":"dom hit resolved","data":{"clientX":666.5,"clientY":262,"method":"rect","hitKind":null},"timestamp":1787933401046,"hypothesisId":"B","runId":"ipad-fix2"}
{"sessionId":"6c5c15","location":"pageInkDom.ts:resolvePageDomHit","message":"dom hit resolved","data":{"clientX":666.5,"clientY":262,"method":"rect","hitKind":null},"timestamp":1787933401047,"hypothesisId":"B","runId":"ipad-fix2"}
{"sessionId":"6c5c15","location":"pageInkDom.ts:resolvePageDomHit","message":"dom hit resolved","data":{"clientX":667.5,"clientY":267.5,"method":"rect","hitKind":null},"timestamp":1787933401055,"hypothesisId":"B","runId":"ipad-fix2"}
{"sessionId":"6c5c15","location":"pageInkDom.ts:resolvePageDomHit","message":"dom hit resolved","data":{"clientX":667.5,"clientY":267.5,"method":"rect","hitKind":null},"timestamp":1787933401056,"hypothesisId":"B","runId":"ipad-fix2"}
{"sessionId":"6c5c15","location":"pageInkDom.ts:resolvePageDomHit","message":"dom hit resolved","data":{"clientX":667.5,"clientY":274,"method":"rect","hitKind":null},"timestamp":1787933401063,"hypothesisId":"B","runId":"ipad-fix2"}
{"sessionId":"6c5c15","location":"pageInkDom.ts:resolvePageDomHit","message":"dom hit resolved","data":{"clientX":667.5,"clientY":274,"method":"rect","hitKind":null},"timestamp":1787933401064,"hypothesisId":"B","runId":"ipad-fix2"}
{"sessionId":"6c5c15","location":"pageInkDom.ts:resolvePageDomHit","message":"dom hit resolved","data":{"clientX":666.5,"clientY":280.5,"method":"rect","hitKind":null},"timestamp":1787933401072,"hypothesisId":"B","runId":"ipad-fix2"}
{"sessionId":"6c5c15","location":"pageInkDom.ts:resolvePageDomHit","message":"dom hit resolved","data":{"clientX":666.5,"clientY":280.5,"method":"rect","hitKind":null},"timestamp":1787933401073,"hypothesisId":"B","runId":"ipad-fix2"}
{"sessionId":"6c5c15","location":"pageInkDom.ts:resolvePageDomHit","message":"dom hit resolved","data":{"clientX":663.5,"clientY":287.5,"method":"rect","hitKind":null},"timestamp":1787933401080,"hypothesisId":"B","runId":"ipad-fix2"}
{"sessionId":"6c5c15","location":"pageInkDom.ts:resolvePageDomHit","message":"dom hit resolved","data":{"clientX":663.5,"clientY":287.5,"method":"rect","hitKind":null},"timestamp":1787933401081,"hypothesisId":"B","runId":"ipad-fix2"}
{"sessionId":"6c5c15","location":"pageInkDom.ts:resolvePageDomHit","message":"dom hit resolved","data":{"clientX":660,"clientY":294.5,"method":"rect","hitKind":null},"timestamp":1787933401089,"hypothesisId":"B","runId":"ipad-fix2"}
{"sessionId":"6c5c15","location":"pageInkDom.ts:resolvePageDomHit","message":"dom hit resolved","data":{"clientX":660,"clientY":294.5,"method":"rect","hitKind":null},"timestamp":1787933401090,"hypothesisId":"B","runId":"ipad-fix2"}
{"sessionId":"6c5c15","location":"pageInkDom.ts:resolvePageDomHit","message":"dom hit resolved","data":{"clientX":656.5,"clientY":301,"method":"rect","hitKind":null},"timestamp":1787933401097,"hypothesisId":"B","runId":"ipad-fix2"}
{"sessionId":"6c5c15","location":"pageInkDom.ts:resolvePageDomHit","message":"dom hit resolved","data":{"clientX":656.5,"clientY":301,"method":"rect","hitKind":null},"timestamp":1787933401097,"hypothesisId":"B","runId":"ipad-fix2"}
{"sessionId":"6c5c15","location":"pageInkDom.ts:resolvePageDomHit","message":"dom hit resolved","data":{"clientX":652,"clientY":306,"method":"rect","hitKind":null},"timestamp":1787933401105,"hypothesisId":"B","runId":"ipad-fix2"}
{"sessionId":"6c5c15","location":"pageInkDom.ts:resolvePageDomHit","message":"dom hit resolved","data":{"clientX":652,"clientY":306,"method":"rect","hitKind":null},"timestamp":1787933401106,"hypothesisId":"B","runId":"ipad-fix2"}
{"sessionId":"6c5c15","location":"pageInkDom.ts:resolvePageDomHit","message":"dom hit resolved","data":{"clientX":646.5,"clientY":311.5,"method":"rect","hitKind":null},"timestamp":1787933401113,"hypothesisId":"B","runId":"ipad-fix2"}
{"sessionId":"6c5c15","location":"pageInkDom.ts:resolvePageDomHit","message":"dom hit resolved","data":{"clientX":646.5,"clientY":311.5,"method":"rect","hitKind":null},"timestamp":1787933401114,"hypothesisId":"B","runId":"ipad-fix2"}
{"sessionId":"6c5c15","location":"pageInkDom.ts:resolvePageDomHit","message":"dom hit resolved","data":{"clientX":640,"clientY":316,"method":"rect","hitKind":null},"timestamp":1787933401122,"hypothesisId":"B","runId":"ipad-fix2"}
{"sessionId":"6c5c15","location":"pageInkDom.ts:resolvePageDomHit","message":"dom hit resolved","data":{"clientX":640,"clientY":316,"method":"rect","hitKind":null},"timestamp":1787933401123,"hypothesisId":"B","runId":"ipad-fix2"}
{"sessionId":"6c5c15","location":"pageInkDom.ts:resolvePageDomHit","message":"dom hit resolved","data":{"clientX":635.5,"clientY":319,"method":"rect","hitKind":null},"timestamp":1787933401130,"hypothesisId":"B","runId":"ipad-fix2"}
{"sessionId":"6c5c15","location":"pageInkDom.ts:resolvePageDomHit","message":"dom hit resolved","data":{"clientX":635.5,"clientY":319,"method":"rect","hitKind":null},"timestamp":1787933401131,"hypothesisId":"B","runId":"ipad-fix2"}
{"sessionId":"6c5c15","location":"pageInkDom.ts:resolvePageDomHit","message":"dom hit resolved","data":{"clientX":631,"clientY":321,"method":"rect","hitKind":null},"timestamp":1787933401138,"hypothesisId":"B","runId":"ipad-fix2"}
{"sessionId":"6c5c15","location":"pageInkDom.ts:resolvePageDomHit","message":"dom hit resolved","data":{"clientX":631,"clientY":321,"method":"rect","hitKind":null},"timestamp":1787933401139,"hypothesisId":"B","runId":"ipad-fix2"}
{"sessionId":"6c5c15","location":"pageInkDom.ts:resolvePageDomHit","message":"dom hit resolved","data":{"clientX":627.5,"clientY":321.5,"method":"rect","hitKind":null},"timestamp":1787933401147,"hypothesisId":"B","runId":"ipad-fix2"}
{"sessionId":"6c5c15","location":"pageInkDom.ts:resolvePageDomHit","message":"dom hit resolved","data":{"clientX":627.5,"clientY":321.5,"method":"rect","hitKind":null},"timestamp":1787933401147,"hypothesisId":"B","runId":"ipad-fix2"}
{"sessionId":"6c5c15","location":"pageInkDom.ts:resolvePageDomHit","message":"dom hit resolved","data":{"clientX":624.5,"clientY":321.5,"method":"rect","hitKind":null},"timestamp":1787933401155,"hypothesisId":"B","runId":"ipad-fix2"}
{"sessionId":"6c5c15","location":"pageInkDom.ts:resolvePageDomHit","message":"dom hit resolved","data":{"clientX":624.5,"clientY":321.5,"method":"rect","hitKind":null},"timestamp":1787933401156,"hypothesisId":"B","runId":"ipad-fix2"}
{"sessionId":"6c5c15","location":"pageInkDom.ts:resolvePageDomHit","message":"dom hit resolved","data":{"clientX":622.5,"clientY":321.5,"method":"rect","hitKind":null},"timestamp":1787933401163,"hypothesisId":"B","runId":"ipad-fix2"}
{"sessionId":"6c5c15","location":"pageInkDom.ts:resolvePageDomHit","message":"dom hit resolved","data":{"clientX":622.5,"clientY":321.5,"method":"rect","hitKind":null},"timestamp":1787933401164,"hypothesisId":"B","runId":"ipad-fix2"}
{"sessionId":"6c5c15","location":"pageInkDom.ts:resolvePageDomHit","message":"dom hit resolved","data":{"clientX":621.5,"clientY":320,"method":"rect","hitKind":null},"timestamp":1787933401172,"hypothesisId":"B","runId":"ipad-fix2"}
{"sessionId":"6c5c15","location":"pageInkDom.ts:resolvePageDomHit","message":"dom hit resolved","data":{"clientX":621.5,"clientY":320,"method":"rect","hitKind":null},"timestamp":1787933401172,"hypothesisId":"B","runId":"ipad-fix2"}
{"sessionId":"6c5c15","location":"pageInkDom.ts:resolvePageDomHit","message":"dom hit resolved","data":{"clientX":621.5,"clientY":317.5,"method":"rect","hitKind":null},"timestamp":1787933401180,"hypothesisId":"B","runId":"ipad-fix2"}
{"sessionId":"6c5c15","location":"pageInkDom.ts:resolvePageDomHit","message":"dom hit resolved","data":{"clientX":621.5,"clientY":317.5,"method":"rect","hitKind":null},"timestamp":1787933401181,"hypothesisId":"B","runId":"ipad-fix2"}
{"sessionId":"6c5c15","location":"pageInkDom.ts:resolvePageDomHit","message":"dom hit resolved","data":{"clientX":622.5,"clientY":312,"method":"rect","hitKind":null},"timestamp":1787933401188,"hypothesisId":"B","runId":"ipad-fix2"}
{"sessionId":"6c5c15","location":"pageInkDom.ts:resolvePageDomHit","message":"dom hit resolved","data":{"clientX":622.5,"clientY":312,"method":"rect","hitKind":null},"timestamp":1787933401189,"hypothesisId":"B","runId":"ipad-fix2"}
{"sessionId":"6c5c15","location":"pageInkDom.ts:resolvePageDomHit","message":"dom hit resolved","data":{"clientX":625,"clientY":305.5,"method":"rect","hitKind":null},"timestamp":1787933401197,"hypothesisId":"B","runId":"ipad-fix2"}
{"sessionId":"6c5c15","location":"pageInkDom.ts:resolvePageDomHit","message":"dom hit resolved","data":{"clientX":625,"clientY":305.5,"method":"rect","hitKind":null},"timestamp":1787933401197,"hypothesisId":"B","runId":"ipad-fix2"}
{"sessionId":"6c5c15","location":"pageInkDom.ts:resolvePageDomHit","message":"dom hit resolved","data":{"clientX":628.5,"clientY":298.5,"method":"rect","hitKind":null},"timestamp":1787933401205,"hypothesisId":"B","runId":"ipad-fix2"}
{"sessionId":"6c5c15","location":"pageInkDom.ts:resolvePageDomHit","message":"dom hit resolved","data":{"clientX":628.5,"clientY":298.5,"method":"rect","hitKind":null},"timestamp":1787933401206,"hypothesisId":"B","runId":"ipad-fix2"}
{"sessionId":"6c5c15","location":"pageInkDom.ts:resolvePageDomHit","message":"dom hit resolved","data":{"clientX":632.5,"clientY":293,"method":"rect","hitKind":null},"timestamp":1787933401213,"hypothesisId":"B","runId":"ipad-fix2"}
{"sessionId":"6c5c15","location":"pageInkDom.ts:resolvePageDomHit","message":"dom hit resolved","data":{"clientX":632.5,"clientY":293,"method":"rect","hitKind":null},"timestamp":1787933401214,"hypothesisId":"B","runId":"ipad-fix2"}
{"sessionId":"6c5c15","location":"pageInkDom.ts:resolvePageDomHit","message":"dom hit resolved","data":{"clientX":636.5,"clientY":287.5,"method":"rect","hitKind":null},"timestamp":1787933401222,"hypothesisId":"B","runId":"ipad-fix2"}
{"sessionId":"6c5c15","location":"pageInkDom.ts:resolvePageDomHit","message":"dom hit resolved","data":{"clientX":636.5,"clientY":287.5,"method":"rect","hitKind":null},"timestamp":1787933401223,"hypothesisId":"B","runId":"ipad-fix2"}
{"sessionId":"6c5c15","location":"pageInkDom.ts:resolvePageDomHit","message":"dom hit resolved","data":{"clientX":642,"clientY":283.5,"method":"rect","hitKind":null},"timestamp":1787933401230,"hypothesisId":"B","runId":"ipad-fix2"}
{"sessionId":"6c5c15","location":"pageInkDom.ts:resolvePageDomHit","message":"dom hit resolved","data":{"clientX":642,"clientY":283.5,"method":"rect","hitKind":null},"timestamp":1787933401231,"hypothesisId":"B","runId":"ipad-fix2"}
{"sessionId":"6c5c15","location":"pageInkDom.ts:resolvePageDomHit","message":"dom hit resolved","data":{"clientX":648,"clientY":280,"method":"rect","hitKind":null},"timestamp":1787933401238,"hypothesisId":"B","runId":"ipad-fix2"}
{"sessionId":"6c5c15","location":"pageInkDom.ts:resolvePageDomHit","message":"dom hit resolved","data":{"clientX":648,"clientY":280,"method":"rect","hitKind":null},"timestamp":1787933401239,"hypothesisId":"B","runId":"ipad-fix2"}
{"sessionId":"6c5c15","location":"pageInkDom.ts:resolvePageDomHit","message":"dom hit resolved","data":{"clientX":653,"clientY":277.5,"method":"rect","hitKind":null},"timestamp":1787933401246,"hypothesisId":"B","runId":"ipad-fix2"}
{"sessionId":"6c5c15","location":"pageInkDom.ts:resolvePageDomHit","message":"dom hit resolved","data":{"clientX":653,"clientY":277.5,"method":"rect","hitKind":null},"timestamp":1787933401247,"hypothesisId":"B","runId":"ipad-fix2"}
{"sessionId":"6c5c15","location":"pageInkDom.ts:resolvePageDomHit","message":"dom hit resolved","data":{"clientX":658,"clientY":276.5,"method":"rect","hitKind":null},"timestamp":1787933401255,"hypothesisId":"B","runId":"ipad-fix2"}
{"sessionId":"6c5c15","location":"pageInkDom.ts:resolvePageDomHit","message":"dom hit resolved","data":{"clientX":658,"clientY":276.5,"method":"rect","hitKind":null},"timestamp":1787933401256,"hypothesisId":"B","runId":"ipad-fix2"}
{"sessionId":"6c5c15","location":"pageInkDom.ts:resolvePageDomHit","message":"dom hit resolved","data":{"clientX":662.5,"clientY":276.5,"method":"rect","hitKind":null},"timestamp":1787933401263,"hypothesisId":"B","runId":"ipad-fix2"}
{"sessionId":"6c5c15","location":"pageInkDom.ts:resolvePageDomHit","message":"dom hit resolved","data":{"clientX":662.5,"clientY":276.5,"method":"rect","hitKind":null},"timestamp":1787933401264,"hypothesisId":"B","runId":"ipad-fix2"}
{"sessionId":"6c5c15","location":"pageInkDom.ts:resolvePageDomHit","message":"dom hit resolved","data":{"clientX":665,"clientY":277.5,"method":"rect","hitKind":null},"timestamp":1787933401272,"hypothesisId":"B","runId":"ipad-fix2"}
{"sessionId":"6c5c15","location":"useEditorController.tsx:textTapUp","message":"text tap up","data":{"pointerType":"pen","hasPending":false,"dist":33.70830758136635},"timestamp":1787933401274,"hypothesisId":"A,E","runId":"post-fix2"}
{"sessionId":"6c5c15","location":"pageInkDom.ts:resolvePageDomHit","message":"dom hit resolved","data":{"clientX":665,"clientY":277.5,"method":"rect","hitKind":null},"timestamp":1787933401273,"hypothesisId":"B","runId":"ipad-fix2"}
{"sessionId":"6c5c15","location":"pageInkDom.ts:resolvePageDomHit","message":"dom hit resolved","data":{"clientX":667,"clientY":279,"method":"rect","hitKind":null},"timestamp":1787933401274,"hypothesisId":"B","runId":"ipad-fix2"}
{"sessionId":"516081","runId":"post-fix","hypothesisId":"A,B,C,D","location":"gestures/index.ts:dispatch","message":"workspace pointer","data":{"phase":"up","pointerType":"pen","kind":"pencil","tool":"pen","hitKind":"page","localX":0,"localY":0,"effectTypes":["commitPenOverlay"],"isPrimary":true,"clientX":667,"clientY":279,"wrapCount":3,"nearest":[{"id":"b79c89c1-0922-4d8d-bae7-95238d32ff0d","w":23,"h":100,"l":479,"t":164,"r":501,"b":264,"inside":false},{"id":"b33a1f67-4108-4509-82bd-a5c9ccb050ed","w":23,"h":100,"l":479,"t":264,"r":501,"b":364,"inside":false},{"id":"0434644a-948c-429d-9b35-70326a337e62","w":23,"h":100,"l":479,"t":364,"r":501,"b":465,"inside":false}]},"timestamp":1787933401274}
{"sessionId":"6c5c15","location":"useEditorController.tsx:textTapDown","message":"global pointerdown","data":{"pointerType":"pen","tracked":true},"timestamp":1787933401590,"hypothesisId":"A","runId":"post-fix"}
{"sessionId":"6c5c15","location":"pageInkDom.ts:resolvePageDomHit","message":"dom hit resolved","data":{"clientX":709.5,"clientY":250.5,"method":"rect","hitKind":null},"timestamp":1787933401591,"hypothesisId":"B","runId":"ipad-fix2"}
{"sessionId":"516081","runId":"post-fix","hypothesisId":"A,B,C,D","location":"gestures/index.ts:dispatch","message":"workspace pointer","data":{"phase":"down","pointerType":"pen","kind":"pencil","tool":"pen","hitKind":"page","localX":0,"localY":0,"effectTypes":["beginPenOverlay"],"isPrimary":true,"clientX":709.5,"clientY":250.5,"wrapCount":3,"nearest":[{"id":"b79c89c1-0922-4d8d-bae7-95238d32ff0d","w":23,"h":100,"l":479,"t":164,"r":501,"b":264,"inside":false},{"id":"b33a1f67-4108-4509-82bd-a5c9ccb050ed","w":23,"h":100,"l":479,"t":264,"r":501,"b":364,"inside":false},{"id":"0434644a-948c-429d-9b35-70326a337e62","w":23,"h":100,"l":479,"t":364,"r":501,"b":465,"inside":false}]},"timestamp":1787933401591}
{"sessionId":"6c5c15","location":"pageInkDom.ts:resolvePageDomHit","message":"dom hit resolved","data":{"clientX":709,"clientY":251,"method":"rect","hitKind":null},"timestamp":1787933401605,"hypothesisId":"B","runId":"ipad-fix2"}
{"sessionId":"6c5c15","location":"pageInkDom.ts:resolvePageDomHit","message":"dom hit resolved","data":{"clientX":709,"clientY":251,"method":"rect","hitKind":null},"timestamp":1787933401606,"hypothesisId":"B","runId":"ipad-fix2"}
{"sessionId":"6c5c15","location":"pageInkDom.ts:resolvePageDomHit","message":"dom hit resolved","data":{"clientX":709,"clientY":252,"method":"rect","hitKind":null},"timestamp":1787933401614,"hypothesisId":"B","runId":"ipad-fix2"}
{"sessionId":"6c5c15","location":"pageInkDom.ts:resolvePageDomHit","message":"dom hit resolved","data":{"clientX":709,"clientY":252,"method":"rect","hitKind":null},"timestamp":1787933401614,"hypothesisId":"B","runId":"ipad-fix2"}
{"sessionId":"6c5c15","location":"pageInkDom.ts:resolvePageDomHit","message":"dom hit resolved","data":{"clientX":709,"clientY":253,"method":"rect","hitKind":null},"timestamp":1787933401622,"hypothesisId":"B","runId":"ipad-fix2"}
{"sessionId":"6c5c15","location":"pageInkDom.ts:resolvePageDomHit","message":"dom hit resolved","data":{"clientX":709,"clientY":253,"method":"rect","hitKind":null},"timestamp":1787933401623,"hypothesisId":"B","runId":"ipad-fix2"}
{"sessionId":"6c5c15","location":"pageInkDom.ts:resolvePageDomHit","message":"dom hit resolved","data":{"clientX":709,"clientY":254,"method":"rect","hitKind":null},"timestamp":1787933401630,"hypothesisId":"B","runId":"ipad-fix2"}
{"sessionId":"6c5c15","location":"pageInkDom.ts:resolvePageDomHit","message":"dom hit resolved","data":{"clientX":709,"clientY":254,"method":"rect","hitKind":null},"timestamp":1787933401631,"hypothesisId":"B","runId":"ipad-fix2"}
{"sessionId":"6c5c15","location":"pageInkDom.ts:resolvePageDomHit","message":"dom hit resolved","data":{"clientX":709,"clientY":255.5,"method":"rect","hitKind":null},"timestamp":1787933401639,"hypothesisId":"B","runId":"ipad-fix2"}
{"sessionId":"6c5c15","location":"pageInkDom.ts:resolvePageDomHit","message":"dom hit resolved","data":{"clientX":709,"clientY":255.5,"method":"rect","hitKind":null},"timestamp":1787933401639,"hypothesisId":"B","runId":"ipad-fix2"}
{"sessionId":"6c5c15","location":"pageInkDom.ts:resolvePageDomHit","message":"dom hit resolved","data":{"clientX":710,"clientY":256.5,"method":"rect","hitKind":null},"timestamp":1787933401647,"hypothesisId":"B","runId":"ipad-fix2"}
{"sessionId":"6c5c15","location":"pageInkDom.ts:resolvePageDomHit","message":"dom hit resolved","data":{"clientX":710,"clientY":256.5,"method":"rect","hitKind":null},"timestamp":1787933401648,"hypothesisId":"B","runId":"ipad-fix2"}
{"sessionId":"6c5c15","location":"pageInkDom.ts:resolvePageDomHit","message":"dom hit resolved","data":{"clientX":711,"clientY":257,"method":"rect","hitKind":null},"timestamp":1787933401655,"hypothesisId":"B","runId":"ipad-fix2"}
{"sessionId":"6c5c15","location":"pageInkDom.ts:resolvePageDomHit","message":"dom hit resolved","data":{"clientX":711,"clientY":257,"method":"rect","hitKind":null},"timestamp":1787933401656,"hypothesisId":"B","runId":"ipad-fix2"}
{"sessionId":"6c5c15","location":"pageInkDom.ts:resolvePageDomHit","message":"dom hit resolved","data":{"clientX":713,"clientY":257.5,"method":"rect","hitKind":null},"timestamp":1787933401663,"hypothesisId":"B","runId":"ipad-fix2"}
{"sessionId":"6c5c15","location":"pageInkDom.ts:resolvePageDomHit","message":"dom hit resolved","data":{"clientX":713,"clientY":257.5,"method":"rect","hitKind":null},"timestamp":1787933401664,"hypothesisId":"B","runId":"ipad-fix2"}
{"sessionId":"6c5c15","location":"pageInkDom.ts:resolvePageDomHit","message":"dom hit resolved","data":{"clientX":715,"clientY":257.5,"method":"rect","hitKind":null},"timestamp":1787933401672,"hypothesisId":"B","runId":"ipad-fix2"}
{"sessionId":"6c5c15","location":"pageInkDom.ts:resolvePageDomHit","message":"dom hit resolved","data":{"clientX":715,"clientY":257.5,"method":"rect","hitKind":null},"timestamp":1787933401673,"hypothesisId":"B","runId":"ipad-fix2"}
{"sessionId":"6c5c15","location":"pageInkDom.ts:resolvePageDomHit","message":"dom hit resolved","data":{"clientX":717,"clientY":256.5,"method":"rect","hitKind":null},"timestamp":1787933401680,"hypothesisId":"B","runId":"ipad-fix2"}
{"sessionId":"6c5c15","location":"pageInkDom.ts:resolvePageDomHit","message":"dom hit resolved","data":{"clientX":717,"clientY":256.5,"method":"rect","hitKind":null},"timestamp":1787933401681,"hypothesisId":"B","runId":"ipad-fix2"}
{"sessionId":"6c5c15","location":"pageInkDom.ts:resolvePageDomHit","message":"dom hit resolved","data":{"clientX":719,"clientY":255,"method":"rect","hitKind":null},"timestamp":1787933401689,"hypothesisId":"B","runId":"ipad-fix2"}
{"sessionId":"6c5c15","location":"pageInkDom.ts:resolvePageDomHit","message":"dom hit resolved","data":{"clientX":719,"clientY":255,"method":"rect","hitKind":null},"timestamp":1787933401690,"hypothesisId":"B","runId":"ipad-fix2"}
{"sessionId":"6c5c15","location":"pageInkDom.ts:resolvePageDomHit","message":"dom hit resolved","data":{"clientX":720.5,"clientY":253.5,"method":"rect","hitKind":null},"timestamp":1787933401697,"hypothesisId":"B","runId":"ipad-fix2"}
{"sessionId":"6c5c15","location":"pageInkDom.ts:resolvePageDomHit","message":"dom hit resolved","data":{"clientX":720.5,"clientY":253.5,"method":"rect","hitKind":null},"timestamp":1787933401698,"hypothesisId":"B","runId":"ipad-fix2"}
{"sessionId":"6c5c15","location":"pageInkDom.ts:resolvePageDomHit","message":"dom hit resolved","data":{"clientX":722.5,"clientY":252,"method":"rect","hitKind":null},"timestamp":1787933401705,"hypothesisId":"B","runId":"ipad-fix2"}
{"sessionId":"6c5c15","location":"pageInkDom.ts:resolvePageDomHit","message":"dom hit resolved","data":{"clientX":722.5,"clientY":252,"method":"rect","hitKind":null},"timestamp":1787933401706,"hypothesisId":"B","runId":"ipad-fix2"}
{"sessionId":"6c5c15","location":"pageInkDom.ts:resolvePageDomHit","message":"dom hit resolved","data":{"clientX":723.5,"clientY":251.5,"method":"rect","hitKind":null},"timestamp":1787933401714,"hypothesisId":"B","runId":"ipad-fix2"}
{"sessionId":"6c5c15","location":"pageInkDom.ts:resolvePageDomHit","message":"dom hit resolved","data":{"clientX":724.5,"clientY":251,"method":"rect","hitKind":null},"timestamp":1787933401722,"hypothesisId":"B","runId":"ipad-fix2"}
{"sessionId":"6c5c15","location":"pageInkDom.ts:resolvePageDomHit","message":"dom hit resolved","data":{"clientX":725,"clientY":250.5,"method":"rect","hitKind":null},"timestamp":1787933401730,"hypothesisId":"B","runId":"ipad-fix2"}
{"sessionId":"6c5c15","location":"pageInkDom.ts:resolvePageDomHit","message":"dom hit resolved","data":{"clientX":724.5,"clientY":251.5,"method":"rect","hitKind":null},"timestamp":1787933401747,"hypothesisId":"B","runId":"ipad-fix2"}
{"sessionId":"6c5c15","location":"pageInkDom.ts:resolvePageDomHit","message":"dom hit resolved","data":{"clientX":724.5,"clientY":251.5,"method":"rect","hitKind":null},"timestamp":1787933401748,"hypothesisId":"B","runId":"ipad-fix2"}
{"sessionId":"6c5c15","location":"pageInkDom.ts:resolvePageDomHit","message":"dom hit resolved","data":{"clientX":723.5,"clientY":253.5,"method":"rect","hitKind":null},"timestamp":1787933401755,"hypothesisId":"B","runId":"ipad-fix2"}
{"sessionId":"6c5c15","location":"pageInkDom.ts:resolvePageDomHit","message":"dom hit resolved","data":{"clientX":723.5,"clientY":253.5,"method":"rect","hitKind":null},"timestamp":1787933401756,"hypothesisId":"B","runId":"ipad-fix2"}
{"sessionId":"6c5c15","location":"pageInkDom.ts:resolvePageDomHit","message":"dom hit resolved","data":{"clientX":721.5,"clientY":257,"method":"rect","hitKind":null},"timestamp":1787933401764,"hypothesisId":"B","runId":"ipad-fix2"}
{"sessionId":"6c5c15","location":"pageInkDom.ts:resolvePageDomHit","message":"dom hit resolved","data":{"clientX":721.5,"clientY":257,"method":"rect","hitKind":null},"timestamp":1787933401764,"hypothesisId":"B","runId":"ipad-fix2"}
{"sessionId":"6c5c15","location":"pageInkDom.ts:resolvePageDomHit","message":"dom hit resolved","data":{"clientX":719,"clientY":262,"method":"rect","hitKind":null},"timestamp":1787933401772,"hypothesisId":"B","runId":"ipad-fix2"}
{"sessionId":"6c5c15","location":"pageInkDom.ts:resolvePageDomHit","message":"dom hit resolved","data":{"clientX":719,"clientY":262,"method":"rect","hitKind":null},"timestamp":1787933401773,"hypothesisId":"B","runId":"ipad-fix2"}
{"sessionId":"6c5c15","location":"pageInkDom.ts:resolvePageDomHit","message":"dom hit resolved","data":{"clientX":716.5,"clientY":269.5,"method":"rect","hitKind":null},"timestamp":1787933401780,"hypothesisId":"B","runId":"ipad-fix2"}
{"sessionId":"6c5c15","location":"pageInkDom.ts:resolvePageDomHit","message":"dom hit resolved","data":{"clientX":716.5,"clientY":269.5,"method":"rect","hitKind":null},"timestamp":1787933401781,"hypothesisId":"B","runId":"ipad-fix2"}
{"sessionId":"6c5c15","location":"pageInkDom.ts:resolvePageDomHit","message":"dom hit resolved","data":{"clientX":713.5,"clientY":278,"method":"rect","hitKind":null},"timestamp":1787933401789,"hypothesisId":"B","runId":"ipad-fix2"}
{"sessionId":"6c5c15","location":"pageInkDom.ts:resolvePageDomHit","message":"dom hit resolved","data":{"clientX":713.5,"clientY":278,"method":"rect","hitKind":null},"timestamp":1787933401790,"hypothesisId":"B","runId":"ipad-fix2"}
{"sessionId":"6c5c15","location":"pageInkDom.ts:resolvePageDomHit","message":"dom hit resolved","data":{"clientX":710,"clientY":287.5,"method":"rect","hitKind":null},"timestamp":1787933401797,"hypothesisId":"B","runId":"ipad-fix2"}
{"sessionId":"6c5c15","location":"pageInkDom.ts:resolvePageDomHit","message":"dom hit resolved","data":{"clientX":710,"clientY":287.5,"method":"rect","hitKind":null},"timestamp":1787933401798,"hypothesisId":"B","runId":"ipad-fix2"}
{"sessionId":"6c5c15","location":"pageInkDom.ts:resolvePageDomHit","message":"dom hit resolved","data":{"clientX":706.5,"clientY":297.5,"method":"rect","hitKind":null},"timestamp":1787933401805,"hypothesisId":"B","runId":"ipad-fix2"}
{"sessionId":"6c5c15","location":"pageInkDom.ts:resolvePageDomHit","message":"dom hit resolved","data":{"clientX":706.5,"clientY":297.5,"method":"rect","hitKind":null},"timestamp":1787933401806,"hypothesisId":"B","runId":"ipad-fix2"}
{"sessionId":"6c5c15","location":"pageInkDom.ts:resolvePageDomHit","message":"dom hit resolved","data":{"clientX":703,"clientY":308,"method":"rect","hitKind":null},"timestamp":1787933401814,"hypothesisId":"B","runId":"ipad-fix2"}
{"sessionId":"6c5c15","location":"pageInkDom.ts:resolvePageDomHit","message":"dom hit resolved","data":{"clientX":703,"clientY":308,"method":"rect","hitKind":null},"timestamp":1787933401814,"hypothesisId":"B","runId":"ipad-fix2"}
{"sessionId":"6c5c15","location":"pageInkDom.ts:resolvePageDomHit","message":"dom hit resolved","data":{"clientX":700,"clientY":317.5,"method":"rect","hitKind":null},"timestamp":1787933401822,"hypothesisId":"B","runId":"ipad-fix2"}
{"sessionId":"6c5c15","location":"pageInkDom.ts:resolvePageDomHit","message":"dom hit resolved","data":{"clientX":700,"clientY":317.5,"method":"rect","hitKind":null},"timestamp":1787933401823,"hypothesisId":"B","runId":"ipad-fix2"}
{"sessionId":"6c5c15","location":"pageInkDom.ts:resolvePageDomHit","message":"dom hit resolved","data":{"clientX":697.5,"clientY":325.5,"method":"rect","hitKind":null},"timestamp":1787933401830,"hypothesisId":"B","runId":"ipad-fix2"}
{"sessionId":"6c5c15","location":"pageInkDom.ts:resolvePageDomHit","message":"dom hit resolved","data":{"clientX":697.5,"clientY":325.5,"method":"rect","hitKind":null},"timestamp":1787933401831,"hypothesisId":"B","runId":"ipad-fix2"}
{"sessionId":"6c5c15","location":"pageInkDom.ts:resolvePageDomHit","message":"dom hit resolved","data":{"clientX":695.5,"clientY":332,"method":"rect","hitKind":null},"timestamp":1787933401839,"hypothesisId":"B","runId":"ipad-fix2"}
{"sessionId":"6c5c15","location":"pageInkDom.ts:resolvePageDomHit","message":"dom hit resolved","data":{"clientX":695.5,"clientY":332,"method":"rect","hitKind":null},"timestamp":1787933401840,"hypothesisId":"B","runId":"ipad-fix2"}
{"sessionId":"6c5c15","location":"pageInkDom.ts:resolvePageDomHit","message":"dom hit resolved","data":{"clientX":693.5,"clientY":336.5,"method":"rect","hitKind":null},"timestamp":1787933401847,"hypothesisId":"B","runId":"ipad-fix2"}
{"sessionId":"6c5c15","location":"pageInkDom.ts:resolvePageDomHit","message":"dom hit resolved","data":{"clientX":693.5,"clientY":336.5,"method":"rect","hitKind":null},"timestamp":1787933401848,"hypothesisId":"B","runId":"ipad-fix2"}
{"sessionId":"6c5c15","location":"pageInkDom.ts:resolvePageDomHit","message":"dom hit resolved","data":{"clientX":691.5,"clientY":340,"method":"rect","hitKind":null},"timestamp":1787933401855,"hypothesisId":"B","runId":"ipad-fix2"}
{"sessionId":"6c5c15","location":"pageInkDom.ts:resolvePageDomHit","message":"dom hit resolved","data":{"clientX":691.5,"clientY":340,"method":"rect","hitKind":null},"timestamp":1787933401856,"hypothesisId":"B","runId":"ipad-fix2"}
{"sessionId":"6c5c15","location":"pageInkDom.ts:resolvePageDomHit","message":"dom hit resolved","data":{"clientX":690,"clientY":342,"method":"rect","hitKind":null},"timestamp":1787933401864,"hypothesisId":"B","runId":"ipad-fix2"}
{"sessionId":"6c5c15","location":"pageInkDom.ts:resolvePageDomHit","message":"dom hit resolved","data":{"clientX":690,"clientY":342,"method":"rect","hitKind":null},"timestamp":1787933401864,"hypothesisId":"B","runId":"ipad-fix2"}
{"sessionId":"6c5c15","location":"pageInkDom.ts:resolvePageDomHit","message":"dom hit resolved","data":{"clientX":688.5,"clientY":342.5,"method":"rect","hitKind":null},"timestamp":1787933401872,"hypothesisId":"B","runId":"ipad-fix2"}
{"sessionId":"6c5c15","location":"pageInkDom.ts:resolvePageDomHit","message":"dom hit resolved","data":{"clientX":688.5,"clientY":342.5,"method":"rect","hitKind":null},"timestamp":1787933401873,"hypothesisId":"B","runId":"ipad-fix2"}
{"sessionId":"6c5c15","location":"pageInkDom.ts:resolvePageDomHit","message":"dom hit resolved","data":{"clientX":687.5,"clientY":342.5,"method":"rect","hitKind":null},"timestamp":1787933401880,"hypothesisId":"B","runId":"ipad-fix2"}
{"sessionId":"6c5c15","location":"pageInkDom.ts:resolvePageDomHit","message":"dom hit resolved","data":{"clientX":687.5,"clientY":342.5,"method":"rect","hitKind":null},"timestamp":1787933401881,"hypothesisId":"B","runId":"ipad-fix2"}
{"sessionId":"6c5c15","location":"pageInkDom.ts:resolvePageDomHit","message":"dom hit resolved","data":{"clientX":687,"clientY":342,"method":"rect","hitKind":null},"timestamp":1787933401889,"hypothesisId":"B","runId":"ipad-fix2"}
{"sessionId":"6c5c15","location":"pageInkDom.ts:resolvePageDomHit","message":"dom hit resolved","data":{"clientX":687,"clientY":342,"method":"rect","hitKind":null},"timestamp":1787933401890,"hypothesisId":"B","runId":"ipad-fix2"}
{"sessionId":"6c5c15","location":"pageInkDom.ts:resolvePageDomHit","message":"dom hit resolved","data":{"clientX":686.5,"clientY":340.5,"method":"rect","hitKind":null},"timestamp":1787933401897,"hypothesisId":"B","runId":"ipad-fix2"}
{"sessionId":"6c5c15","location":"pageInkDom.ts:resolvePageDomHit","message":"dom hit resolved","data":{"clientX":686.5,"clientY":340.5,"method":"rect","hitKind":null},"timestamp":1787933401898,"hypothesisId":"B","runId":"ipad-fix2"}
{"sessionId":"6c5c15","location":"useEditorController.tsx:textTapUp","message":"text tap up","data":{"pointerType":"pen","hasPending":false,"dist":92.05025801158843},"timestamp":1787933401906,"hypothesisId":"A,E","runId":"post-fix2"}
{"sessionId":"6c5c15","location":"pageInkDom.ts:resolvePageDomHit","message":"dom hit resolved","data":{"clientX":686,"clientY":339.5,"method":"rect","hitKind":null},"timestamp":1787933401906,"hypothesisId":"B","runId":"ipad-fix2"}
{"sessionId":"516081","runId":"post-fix","hypothesisId":"A,B,C,D","location":"gestures/index.ts:dispatch","message":"workspace pointer","data":{"phase":"up","pointerType":"pen","kind":"pencil","tool":"pen","hitKind":"page","localX":0,"localY":0,"effectTypes":["commitPenOverlay"],"isPrimary":true,"clientX":686,"clientY":339.5,"wrapCount":3,"nearest":[{"id":"b79c89c1-0922-4d8d-bae7-95238d32ff0d","w":23,"h":100,"l":479,"t":164,"r":501,"b":264,"inside":false},{"id":"b33a1f67-4108-4509-82bd-a5c9ccb050ed","w":23,"h":100,"l":479,"t":264,"r":501,"b":364,"inside":false},{"id":"0434644a-948c-429d-9b35-70326a337e62","w":23,"h":100,"l":479,"t":364,"r":501,"b":465,"inside":false}]},"timestamp":1787933401907}
{"sessionId":"6c5c15","location":"useEditorController.tsx:textTapDown","message":"global pointerdown","data":{"pointerType":"pen","tracked":true},"timestamp":1787933402041,"hypothesisId":"A","runId":"post-fix"}
{"sessionId":"6c5c15","location":"pageInkDom.ts:resolvePageDomHit","message":"dom hit resolved","data":{"clientX":699,"clientY":295,"method":"rect","hitKind":null},"timestamp":1787933402041,"hypothesisId":"B","runId":"ipad-fix2"}
{"sessionId":"516081","runId":"post-fix","hypothesisId":"A,B,C,D","location":"gestures/index.ts:dispatch","message":"workspace pointer","data":{"phase":"down","pointerType":"pen","kind":"pencil","tool":"pen","hitKind":"page","localX":0,"localY":0,"effectTypes":["beginPenOverlay"],"isPrimary":true,"clientX":699,"clientY":295,"wrapCount":3,"nearest":[{"id":"b79c89c1-0922-4d8d-bae7-95238d32ff0d","w":23,"h":100,"l":479,"t":164,"r":501,"b":264,"inside":false},{"id":"b33a1f67-4108-4509-82bd-a5c9ccb050ed","w":23,"h":100,"l":479,"t":264,"r":501,"b":364,"inside":false},{"id":"0434644a-948c-429d-9b35-70326a337e62","w":23,"h":100,"l":479,"t":364,"r":501,"b":465,"inside":false}]},"timestamp":1787933402041}
{"sessionId":"6c5c15","location":"pageInkDom.ts:resolvePageDomHit","message":"dom hit resolved","data":{"clientX":697.5,"clientY":296.5,"method":"rect","hitKind":null},"timestamp":1787933402050,"hypothesisId":"B","runId":"ipad-fix2"}
{"sessionId":"6c5c15","location":"pageInkDom.ts:resolvePageDomHit","message":"dom hit resolved","data":{"clientX":697,"clientY":299,"method":"rect","hitKind":null},"timestamp":1787933402056,"hypothesisId":"B","runId":"ipad-fix2"}
{"sessionId":"6c5c15","location":"pageInkDom.ts:resolvePageDomHit","message":"dom hit resolved","data":{"clientX":697,"clientY":304,"method":"rect","hitKind":null},"timestamp":1787933402064,"hypothesisId":"B","runId":"ipad-fix2"}
{"sessionId":"6c5c15","location":"pageInkDom.ts:resolvePageDomHit","message":"dom hit resolved","data":{"clientX":697,"clientY":304,"method":"rect","hitKind":null},"timestamp":1787933402064,"hypothesisId":"B","runId":"ipad-fix2"}
{"sessionId":"6c5c15","location":"pageInkDom.ts:resolvePageDomHit","message":"dom hit resolved","data":{"clientX":696.5,"clientY":310.5,"method":"rect","hitKind":null},"timestamp":1787933402072,"hypothesisId":"B","runId":"ipad-fix2"}
{"sessionId":"6c5c15","location":"pageInkDom.ts:resolvePageDomHit","message":"dom hit resolved","data":{"clientX":696.5,"clientY":310.5,"method":"rect","hitKind":null},"timestamp":1787933402073,"hypothesisId":"B","runId":"ipad-fix2"}
{"sessionId":"6c5c15","location":"pageInkDom.ts:resolvePageDomHit","message":"dom hit resolved","data":{"clientX":696.5,"clientY":317.5,"method":"rect","hitKind":null},"timestamp":1787933402080,"hypothesisId":"B","runId":"ipad-fix2"}
{"sessionId":"6c5c15","location":"pageInkDom.ts:resolvePageDomHit","message":"dom hit resolved","data":{"clientX":696.5,"clientY":317.5,"method":"rect","hitKind":null},"timestamp":1787933402081,"hypothesisId":"B","runId":"ipad-fix2"}
{"sessionId":"6c5c15","location":"pageInkDom.ts:resolvePageDomHit","message":"dom hit resolved","data":{"clientX":695.5,"clientY":323.5,"method":"rect","hitKind":null},"timestamp":1787933402089,"hypothesisId":"B","runId":"ipad-fix2"}
{"sessionId":"6c5c15","location":"pageInkDom.ts:resolvePageDomHit","message":"dom hit resolved","data":{"clientX":695.5,"clientY":323.5,"method":"rect","hitKind":null},"timestamp":1787933402090,"hypothesisId":"B","runId":"ipad-fix2"}
{"sessionId":"6c5c15","location":"pageInkDom.ts:resolvePageDomHit","message":"dom hit resolved","data":{"clientX":694.5,"clientY":329.5,"method":"rect","hitKind":null},"timestamp":1787933402097,"hypothesisId":"B","runId":"ipad-fix2"}
{"sessionId":"6c5c15","location":"pageInkDom.ts:resolvePageDomHit","message":"dom hit resolved","data":{"clientX":694.5,"clientY":329.5,"method":"rect","hitKind":null},"timestamp":1787933402098,"hypothesisId":"B","runId":"ipad-fix2"}
{"sessionId":"6c5c15","location":"pageInkDom.ts:resolvePageDomHit","message":"dom hit resolved","data":{"clientX":693.5,"clientY":335,"method":"rect","hitKind":null},"timestamp":1787933402106,"hypothesisId":"B","runId":"ipad-fix2"}
{"sessionId":"6c5c15","location":"pageInkDom.ts:resolvePageDomHit","message":"dom hit resolved","data":{"clientX":693.5,"clientY":335,"method":"rect","hitKind":null},"timestamp":1787933402106,"hypothesisId":"B","runId":"ipad-fix2"}
{"sessionId":"6c5c15","location":"pageInkDom.ts:resolvePageDomHit","message":"dom hit resolved","data":{"clientX":691.5,"clientY":340,"method":"rect","hitKind":null},"timestamp":1787933402114,"hypothesisId":"B","runId":"ipad-fix2"}
{"sessionId":"6c5c15","location":"pageInkDom.ts:resolvePageDomHit","message":"dom hit resolved","data":{"clientX":691.5,"clientY":340,"method":"rect","hitKind":null},"timestamp":1787933402115,"hypothesisId":"B","runId":"ipad-fix2"}
{"sessionId":"6c5c15","location":"pageInkDom.ts:resolvePageDomHit","message":"dom hit resolved","data":{"clientX":689.5,"clientY":345,"method":"rect","hitKind":null},"timestamp":1787933402122,"hypothesisId":"B","runId":"ipad-fix2"}
{"sessionId":"6c5c15","location":"pageInkDom.ts:resolvePageDomHit","message":"dom hit resolved","data":{"clientX":689.5,"clientY":345,"method":"rect","hitKind":null},"timestamp":1787933402123,"hypothesisId":"B","runId":"ipad-fix2"}
{"sessionId":"6c5c15","location":"pageInkDom.ts:resolvePageDomHit","message":"dom hit resolved","data":{"clientX":687,"clientY":348.5,"method":"rect","hitKind":null},"timestamp":1787933402130,"hypothesisId":"B","runId":"ipad-fix2"}
{"sessionId":"6c5c15","location":"pageInkDom.ts:resolvePageDomHit","message":"dom hit resolved","data":{"clientX":687,"clientY":348.5,"method":"rect","hitKind":null},"timestamp":1787933402131,"hypothesisId":"B","runId":"ipad-fix2"}
{"sessionId":"6c5c15","location":"pageInkDom.ts:resolvePageDomHit","message":"dom hit resolved","data":{"clientX":684.5,"clientY":351,"method":"rect","hitKind":null},"timestamp":1787933402139,"hypothesisId":"B","runId":"ipad-fix2"}
{"sessionId":"6c5c15","location":"pageInkDom.ts:resolvePageDomHit","message":"dom hit resolved","data":{"clientX":684.5,"clientY":351,"method":"rect","hitKind":null},"timestamp":1787933402140,"hypothesisId":"B","runId":"ipad-fix2"}
{"sessionId":"6c5c15","location":"pageInkDom.ts:resolvePageDomHit","message":"dom hit resolved","data":{"clientX":682,"clientY":353,"method":"rect","hitKind":null},"timestamp":1787933402147,"hypothesisId":"B","runId":"ipad-fix2"}
{"sessionId":"6c5c15","location":"pageInkDom.ts:resolvePageDomHit","message":"dom hit resolved","data":{"clientX":682,"clientY":353,"method":"rect","hitKind":null},"timestamp":1787933402148,"hypothesisId":"B","runId":"ipad-fix2"}
{"sessionId":"6c5c15","location":"pageInkDom.ts:resolvePageDomHit","message":"dom hit resolved","data":{"clientX":681,"clientY":353.5,"method":"rect","hitKind":null},"timestamp":1787933402156,"hypothesisId":"B","runId":"ipad-fix2"}
{"sessionId":"6c5c15","location":"pageInkDom.ts:resolvePageDomHit","message":"dom hit resolved","data":{"clientX":681,"clientY":353.5,"method":"rect","hitKind":null},"timestamp":1787933402156,"hypothesisId":"B","runId":"ipad-fix2"}
{"sessionId":"6c5c15","location":"useEditorController.tsx:textTapUp","message":"text tap up","data":{"pointerType":"pen","hasPending":false,"dist":61.98386886924694},"timestamp":1787933402157,"hypothesisId":"A,E","runId":"post-fix2"}
{"sessionId":"6c5c15","location":"pageInkDom.ts:resolvePageDomHit","message":"dom hit resolved","data":{"clientX":680,"clientY":354,"method":"rect","hitKind":null},"timestamp":1787933402157,"hypothesisId":"B","runId":"ipad-fix2"}
{"sessionId":"516081","runId":"post-fix","hypothesisId":"A,B,C,D","location":"gestures/index.ts:dispatch","message":"workspace pointer","data":{"phase":"up","pointerType":"pen","kind":"pencil","tool":"pen","hitKind":"page","localX":0,"localY":0,"effectTypes":["commitPenOverlay"],"isPrimary":true,"clientX":680,"clientY":354,"wrapCount":3,"nearest":[{"id":"b79c89c1-0922-4d8d-bae7-95238d32ff0d","w":23,"h":100,"l":479,"t":164,"r":501,"b":264,"inside":false},{"id":"b33a1f67-4108-4509-82bd-a5c9ccb050ed","w":23,"h":100,"l":479,"t":264,"r":501,"b":364,"inside":false},{"id":"0434644a-948c-429d-9b35-70326a337e62","w":23,"h":100,"l":479,"t":364,"r":501,"b":465,"inside":false}]},"timestamp":1787933402157}
{"sessionId":"6c5c15","location":"useEditorController.tsx:textTapDown","message":"global pointerdown","data":{"pointerType":"pen","tracked":true},"timestamp":1787933402299,"hypothesisId":"A","runId":"post-fix"}
{"sessionId":"6c5c15","location":"pageInkDom.ts:resolvePageDomHit","message":"dom hit resolved","data":{"clientX":667.5,"clientY":326.5,"method":"rect","hitKind":null},"timestamp":1787933402300,"hypothesisId":"B","runId":"ipad-fix2"}
{"sessionId":"516081","runId":"post-fix","hypothesisId":"A,B,C,D","location":"gestures/index.ts:dispatch","message":"workspace pointer","data":{"phase":"down","pointerType":"pen","kind":"pencil","tool":"pen","hitKind":"page","localX":0,"localY":0,"effectTypes":["beginPenOverlay"],"isPrimary":true,"clientX":667.5,"clientY":326.5,"wrapCount":3,"nearest":[{"id":"b79c89c1-0922-4d8d-bae7-95238d32ff0d","w":23,"h":100,"l":479,"t":164,"r":501,"b":264,"inside":false},{"id":"b33a1f67-4108-4509-82bd-a5c9ccb050ed","w":23,"h":100,"l":479,"t":264,"r":501,"b":364,"inside":false},{"id":"0434644a-948c-429d-9b35-70326a337e62","w":23,"h":100,"l":479,"t":364,"r":501,"b":465,"inside":false}]},"timestamp":1787933402300}
{"sessionId":"6c5c15","location":"pageInkDom.ts:resolvePageDomHit","message":"dom hit resolved","data":{"clientX":667.5,"clientY":327.5,"method":"rect","hitKind":null},"timestamp":1787933402308,"hypothesisId":"B","runId":"ipad-fix2"}
{"sessionId":"6c5c15","location":"pageInkDom.ts:resolvePageDomHit","message":"dom hit resolved","data":{"clientX":666,"clientY":330,"method":"rect","hitKind":null},"timestamp":1787933402314,"hypothesisId":"B","runId":"ipad-fix2"}
{"sessionId":"6c5c15","location":"pageInkDom.ts:resolvePageDomHit","message":"dom hit resolved","data":{"clientX":665.5,"clientY":333,"method":"rect","hitKind":null},"timestamp":1787933402322,"hypothesisId":"B","runId":"ipad-fix2"}
{"sessionId":"6c5c15","location":"pageInkDom.ts:resolvePageDomHit","message":"dom hit resolved","data":{"clientX":665.5,"clientY":333,"method":"rect","hitKind":null},"timestamp":1787933402323,"hypothesisId":"B","runId":"ipad-fix2"}
{"sessionId":"6c5c15","location":"pageInkDom.ts:resolvePageDomHit","message":"dom hit resolved","data":{"clientX":664.5,"clientY":338,"method":"rect","hitKind":null},"timestamp":1787933402331,"hypothesisId":"B","runId":"ipad-fix2"}
{"sessionId":"6c5c15","location":"pageInkDom.ts:resolvePageDomHit","message":"dom hit resolved","data":{"clientX":664.5,"clientY":338,"method":"rect","hitKind":null},"timestamp":1787933402332,"hypothesisId":"B","runId":"ipad-fix2"}
{"sessionId":"6c5c15","location":"pageInkDom.ts:resolvePageDomHit","message":"dom hit resolved","data":{"clientX":664,"clientY":345,"method":"rect","hitKind":null},"timestamp":1787933402339,"hypothesisId":"B","runId":"ipad-fix2"}
{"sessionId":"6c5c15","location":"pageInkDom.ts:resolvePageDomHit","message":"dom hit resolved","data":{"clientX":664,"clientY":345,"method":"rect","hitKind":null},"timestamp":1787933402340,"hypothesisId":"B","runId":"ipad-fix2"}
{"sessionId":"6c5c15","location":"pageInkDom.ts:resolvePageDomHit","message":"dom hit resolved","data":{"clientX":662.5,"clientY":351.5,"method":"rect","hitKind":null},"timestamp":1787933402347,"hypothesisId":"B","runId":"ipad-fix2"}
{"sessionId":"6c5c15","location":"pageInkDom.ts:resolvePageDomHit","message":"dom hit resolved","data":{"clientX":662.5,"clientY":351.5,"method":"rect","hitKind":null},"timestamp":1787933402348,"hypothesisId":"B","runId":"ipad-fix2"}
{"sessionId":"6c5c15","location":"pageInkDom.ts:resolvePageDomHit","message":"dom hit resolved","data":{"clientX":660,"clientY":358,"method":"rect","hitKind":null},"timestamp":1787933402356,"hypothesisId":"B","runId":"ipad-fix2"}
{"sessionId":"6c5c15","location":"pageInkDom.ts:resolvePageDomHit","message":"dom hit resolved","data":{"clientX":660,"clientY":358,"method":"rect","hitKind":null},"timestamp":1787933402356,"hypothesisId":"B","runId":"ipad-fix2"}
{"sessionId":"6c5c15","location":"pageInkDom.ts:resolvePageDomHit","message":"dom hit resolved","data":{"clientX":657.5,"clientY":364.5,"method":"rect","hitKind":null},"timestamp":1787933402364,"hypothesisId":"B","runId":"ipad-fix2"}
{"sessionId":"6c5c15","location":"pageInkDom.ts:resolvePageDomHit","message":"dom hit resolved","data":{"clientX":657.5,"clientY":364.5,"method":"rect","hitKind":null},"timestamp":1787933402365,"hypothesisId":"B","runId":"ipad-fix2"}
{"sessionId":"6c5c15","location":"pageInkDom.ts:resolvePageDomHit","message":"dom hit resolved","data":{"clientX":654,"clientY":371,"method":"rect","hitKind":null},"timestamp":1787933402373,"hypothesisId":"B","runId":"ipad-fix2"}
{"sessionId":"6c5c15","location":"pageInkDom.ts:resolvePageDomHit","message":"dom hit resolved","data":{"clientX":654,"clientY":371,"method":"rect","hitKind":null},"timestamp":1787933402373,"hypothesisId":"B","runId":"ipad-fix2"}
{"sessionId":"6c5c15","location":"pageInkDom.ts:resolvePageDomHit","message":"dom hit resolved","data":{"clientX":650.5,"clientY":377.5,"method":"rect","hitKind":null},"timestamp":1787933402381,"hypothesisId":"B","runId":"ipad-fix2"}
{"sessionId":"6c5c15","location":"pageInkDom.ts:resolvePageDomHit","message":"dom hit resolved","data":{"clientX":650.5,"clientY":377.5,"method":"rect","hitKind":null},"timestamp":1787933402381,"hypothesisId":"B","runId":"ipad-fix2"}
{"sessionId":"6c5c15","location":"pageInkDom.ts:resolvePageDomHit","message":"dom hit resolved","data":{"clientX":646.5,"clientY":383.5,"method":"rect","hitKind":null},"timestamp":1787933402389,"hypothesisId":"B","runId":"ipad-fix2"}
{"sessionId":"6c5c15","location":"pageInkDom.ts:resolvePageDomHit","message":"dom hit resolved","data":{"clientX":646.5,"clientY":383.5,"method":"rect","hitKind":null},"timestamp":1787933402390,"hypothesisId":"B","runId":"ipad-fix2"}
{"sessionId":"6c5c15","location":"pageInkDom.ts:resolvePageDomHit","message":"dom hit resolved","data":{"clientX":642.5,"clientY":388.5,"method":"rect","hitKind":null},"timestamp":1787933402397,"hypothesisId":"B","runId":"ipad-fix2"}
{"sessionId":"6c5c15","location":"pageInkDom.ts:resolvePageDomHit","message":"dom hit resolved","data":{"clientX":642.5,"clientY":388.5,"method":"rect","hitKind":null},"timestamp":1787933402398,"hypothesisId":"B","runId":"ipad-fix2"}
{"sessionId":"6c5c15","location":"pageInkDom.ts:resolvePageDomHit","message":"dom hit resolved","data":{"clientX":639,"clientY":392,"method":"rect","hitKind":null},"timestamp":1787933402406,"hypothesisId":"B","runId":"ipad-fix2"}
{"sessionId":"6c5c15","location":"pageInkDom.ts:resolvePageDomHit","message":"dom hit resolved","data":{"clientX":639,"clientY":392,"method":"rect","hitKind":null},"timestamp":1787933402406,"hypothesisId":"B","runId":"ipad-fix2"}
{"sessionId":"6c5c15","location":"pageInkDom.ts:resolvePageDomHit","message":"dom hit resolved","data":{"clientX":636.5,"clientY":394.5,"method":"rect","hitKind":null},"timestamp":1787933402414,"hypothesisId":"B","runId":"ipad-fix2"}
{"sessionId":"6c5c15","location":"pageInkDom.ts:resolvePageDomHit","message":"dom hit resolved","data":{"clientX":636.5,"clientY":394.5,"method":"rect","hitKind":null},"timestamp":1787933402415,"hypothesisId":"B","runId":"ipad-fix2"}
{"sessionId":"6c5c15","location":"pageInkDom.ts:resolvePageDomHit","message":"dom hit resolved","data":{"clientX":635.5,"clientY":395.5,"method":"rect","hitKind":null},"timestamp":1787933402423,"hypothesisId":"B","runId":"ipad-fix2"}
{"sessionId":"6c5c15","location":"pageInkDom.ts:resolvePageDomHit","message":"dom hit resolved","data":{"clientX":635.5,"clientY":395.5,"method":"rect","hitKind":null},"timestamp":1787933402424,"hypothesisId":"B","runId":"ipad-fix2"}
{"sessionId":"6c5c15","location":"useEditorController.tsx:textTapUp","message":"text tap up","data":{"pointerType":"pen","hasPending":false,"dist":77.38862965578342},"timestamp":1787933402424,"hypothesisId":"A,E","runId":"post-fix2"}
{"sessionId":"6c5c15","location":"pageInkDom.ts:resolvePageDomHit","message":"dom hit resolved","data":{"clientX":634.5,"clientY":396.5,"method":"rect","hitKind":null},"timestamp":1787933402424,"hypothesisId":"B","runId":"ipad-fix2"}
{"sessionId":"516081","runId":"post-fix","hypothesisId":"A,B,C,D","location":"gestures/index.ts:dispatch","message":"workspace pointer","data":{"phase":"up","pointerType":"pen","kind":"pencil","tool":"pen","hitKind":"page","localX":0,"localY":0,"effectTypes":["commitPenOverlay"],"isPrimary":true,"clientX":634.5,"clientY":396.5,"wrapCount":3,"nearest":[{"id":"b79c89c1-0922-4d8d-bae7-95238d32ff0d","w":23,"h":100,"l":479,"t":164,"r":501,"b":264,"inside":false},{"id":"b33a1f67-4108-4509-82bd-a5c9ccb050ed","w":23,"h":100,"l":479,"t":264,"r":501,"b":364,"inside":false},{"id":"0434644a-948c-429d-9b35-70326a337e62","w":23,"h":100,"l":479,"t":364,"r":501,"b":465,"inside":false}]},"timestamp":1787933402425}
{"sessionId":"6c5c15","location":"useEditorController.tsx:textTapDown","message":"global pointerdown","data":{"pointerType":"pen","tracked":true},"timestamp":1787933402574,"hypothesisId":"A","runId":"post-fix"}
{"sessionId":"6c5c15","location":"pageInkDom.ts:resolvePageDomHit","message":"dom hit resolved","data":{"clientX":606.5,"clientY":352.5,"method":"rect","hitKind":null},"timestamp":1787933402575,"hypothesisId":"B","runId":"ipad-fix2"}
{"sessionId":"516081","runId":"post-fix","hypothesisId":"A,B,C,D","location":"gestures/index.ts:dispatch","message":"workspace pointer","data":{"phase":"down","pointerType":"pen","kind":"pencil","tool":"pen","hitKind":"page","localX":0,"localY":0,"effectTypes":["beginPenOverlay"],"isPrimary":true,"clientX":606.5,"clientY":352.5,"wrapCount":3,"nearest":[{"id":"b79c89c1-0922-4d8d-bae7-95238d32ff0d","w":23,"h":100,"l":479,"t":164,"r":501,"b":264,"inside":false},{"id":"b33a1f67-4108-4509-82bd-a5c9ccb050ed","w":23,"h":100,"l":479,"t":264,"r":501,"b":364,"inside":false},{"id":"0434644a-948c-429d-9b35-70326a337e62","w":23,"h":100,"l":479,"t":364,"r":501,"b":465,"inside":false}]},"timestamp":1787933402575}
{"sessionId":"6c5c15","location":"pageInkDom.ts:resolvePageDomHit","message":"dom hit resolved","data":{"clientX":604.5,"clientY":355.5,"method":"rect","hitKind":null},"timestamp":1787933402584,"hypothesisId":"B","runId":"ipad-fix2"}
{"sessionId":"6c5c15","location":"pageInkDom.ts:resolvePageDomHit","message":"dom hit resolved","data":{"clientX":603,"clientY":359,"method":"rect","hitKind":null},"timestamp":1787933402589,"hypothesisId":"B","runId":"ipad-fix2"}
{"sessionId":"6c5c15","location":"pageInkDom.ts:resolvePageDomHit","message":"dom hit resolved","data":{"clientX":603,"clientY":359,"method":"rect","hitKind":null},"timestamp":1787933402590,"hypothesisId":"B","runId":"ipad-fix2"}
{"sessionId":"6c5c15","location":"pageInkDom.ts:resolvePageDomHit","message":"dom hit resolved","data":{"clientX":601.5,"clientY":364,"method":"rect","hitKind":null},"timestamp":1787933402597,"hypothesisId":"B","runId":"ipad-fix2"}
{"sessionId":"6c5c15","location":"pageInkDom.ts:resolvePageDomHit","message":"dom hit resolved","data":{"clientX":601.5,"clientY":364,"method":"rect","hitKind":null},"timestamp":1787933402598,"hypothesisId":"B","runId":"ipad-fix2"}
{"sessionId":"6c5c15","location":"pageInkDom.ts:resolvePageDomHit","message":"dom hit resolved","data":{"clientX":601,"clientY":370,"method":"rect","hitKind":null},"timestamp":1787933402606,"hypothesisId":"B","runId":"ipad-fix2"}
{"sessionId":"6c5c15","location":"pageInkDom.ts:resolvePageDomHit","message":"dom hit resolved","data":{"clientX":601,"clientY":370,"method":"rect","hitKind":null},"timestamp":1787933402606,"hypothesisId":"B","runId":"ipad-fix2"}
{"sessionId":"6c5c15","location":"pageInkDom.ts:resolvePageDomHit","message":"dom hit resolved","data":{"clientX":601,"clientY":378,"method":"rect","hitKind":null},"timestamp":1787933402614,"hypothesisId":"B","runId":"ipad-fix2"}
{"sessionId":"6c5c15","location":"pageInkDom.ts:resolvePageDomHit","message":"dom hit resolved","data":{"clientX":601,"clientY":378,"method":"rect","hitKind":null},"timestamp":1787933402615,"hypothesisId":"B","runId":"ipad-fix2"}
{"sessionId":"6c5c15","location":"pageInkDom.ts:resolvePageDomHit","message":"dom hit resolved","data":{"clientX":601,"clientY":384.5,"method":"rect","hitKind":null},"timestamp":1787933402623,"hypothesisId":"B","runId":"ipad-fix2"}
{"sessionId":"6c5c15","location":"pageInkDom.ts:resolvePageDomHit","message":"dom hit resolved","data":{"clientX":601,"clientY":384.5,"method":"rect","hitKind":null},"timestamp":1787933402623,"hypothesisId":"B","runId":"ipad-fix2"}
{"sessionId":"6c5c15","location":"pageInkDom.ts:resolvePageDomHit","message":"dom hit resolved","data":{"clientX":601,"clientY":389.5,"method":"rect","hitKind":null},"timestamp":1787933402631,"hypothesisId":"B","runId":"ipad-fix2"}
{"sessionId":"6c5c15","location":"pageInkDom.ts:resolvePageDomHit","message":"dom hit resolved","data":{"clientX":601,"clientY":389.5,"method":"rect","hitKind":null},"timestamp":1787933402631,"hypothesisId":"B","runId":"ipad-fix2"}
{"sessionId":"6c5c15","location":"pageInkDom.ts:resolvePageDomHit","message":"dom hit resolved","data":{"clientX":600.5,"clientY":393.5,"method":"rect","hitKind":null},"timestamp":1787933402639,"hypothesisId":"B","runId":"ipad-fix2"}
{"sessionId":"6c5c15","location":"pageInkDom.ts:resolvePageDomHit","message":"dom hit resolved","data":{"clientX":600.5,"clientY":393.5,"method":"rect","hitKind":null},"timestamp":1787933402640,"hypothesisId":"B","runId":"ipad-fix2"}
{"sessionId":"6c5c15","location":"pageInkDom.ts:resolvePageDomHit","message":"dom hit resolved","data":{"clientX":600,"clientY":396.5,"method":"rect","hitKind":null},"timestamp":1787933402647,"hypothesisId":"B","runId":"ipad-fix2"}
{"sessionId":"6c5c15","location":"pageInkDom.ts:resolvePageDomHit","message":"dom hit resolved","data":{"clientX":600,"clientY":396.5,"method":"rect","hitKind":null},"timestamp":1787933402648,"hypothesisId":"B","runId":"ipad-fix2"}
{"sessionId":"6c5c15","location":"useEditorController.tsx:textTapUp","message":"text tap up","data":{"pointerType":"pen","hasPending":false,"dist":46.03531253288067},"timestamp":1787933402656,"hypothesisId":"A,E","runId":"post-fix2"}
{"sessionId":"6c5c15","location":"pageInkDom.ts:resolvePageDomHit","message":"dom hit resolved","data":{"clientX":599.5,"clientY":398,"method":"rect","hitKind":null},"timestamp":1787933402656,"hypothesisId":"B","runId":"ipad-fix2"}
{"sessionId":"516081","runId":"post-fix","hypothesisId":"A,B,C,D","location":"gestures/index.ts:dispatch","message":"workspace pointer","data":{"phase":"up","pointerType":"pen","kind":"pencil","tool":"pen","hitKind":"page","localX":0,"localY":0,"effectTypes":["commitPenOverlay"],"isPrimary":true,"clientX":599.5,"clientY":398,"wrapCount":3,"nearest":[{"id":"b79c89c1-0922-4d8d-bae7-95238d32ff0d","w":23,"h":100,"l":479,"t":164,"r":501,"b":264,"inside":false},{"id":"b33a1f67-4108-4509-82bd-a5c9ccb050ed","w":23,"h":100,"l":479,"t":264,"r":501,"b":364,"inside":false},{"id":"0434644a-948c-429d-9b35-70326a337e62","w":23,"h":100,"l":479,"t":364,"r":501,"b":465,"inside":false}]},"timestamp":1787933402657}
{"sessionId":"6c5c15","location":"useEditorController.tsx:textTapDown","message":"global pointerdown","data":{"pointerType":"touch","tracked":true},"timestamp":1787933403525,"hypothesisId":"A","runId":"post-fix"}
{"sessionId":"6c5c15","location":"pageInkDom.ts:resolvePageDomHit","message":"dom hit resolved","data":{"clientX":508.5,"clientY":385.5,"method":"rect","hitKind":null},"timestamp":1787933403525,"hypothesisId":"B","runId":"ipad-fix2"}
{"sessionId":"516081","runId":"post-fix","hypothesisId":"A,B,C,D","location":"gestures/index.ts:dispatch","message":"workspace pointer","data":{"phase":"down","pointerType":"touch","kind":"finger","tool":"pen","hitKind":"page","localX":0,"localY":0,"effectTypes":[],"isPrimary":true,"clientX":508.5,"clientY":385.5,"wrapCount":3,"nearest":[{"id":"b79c89c1-0922-4d8d-bae7-95238d32ff0d","w":23,"h":100,"l":479,"t":164,"r":501,"b":264,"inside":false},{"id":"b33a1f67-4108-4509-82bd-a5c9ccb050ed","w":23,"h":100,"l":479,"t":264,"r":501,"b":364,"inside":false},{"id":"0434644a-948c-429d-9b35-70326a337e62","w":23,"h":100,"l":479,"t":364,"r":501,"b":465,"inside":false}]},"timestamp":1787933403525}
{"sessionId":"6c5c15","location":"useEditorController.tsx:textTapUp","message":"text tap up","data":{"pointerType":"touch","hasPending":false,"dist":0},"timestamp":1787933403615,"hypothesisId":"A,E","runId":"post-fix2"}
{"sessionId":"6c5c15","location":"pageInkDom.ts:resolvePageDomHit","message":"dom hit resolved","data":{"clientX":508.5,"clientY":385.5,"method":"rect","hitKind":null},"timestamp":1787933403616,"hypothesisId":"B","runId":"ipad-fix2"}
{"sessionId":"6c5c15","location":"workspaceFsm.tsx:fingerTapUp","message":"finger tap up","data":{"tool":"pen","downHitKind":"page","upHitKind":"page","usedHitKind":"page","effectTypes":[],"clientX":508.5,"clientY":385.5},"timestamp":1787933403617,"hypothesisId":"A,D,F","runId":"ipad-fix3"}
{"sessionId":"516081","runId":"post-fix","hypothesisId":"A,B,C,D","location":"gestures/index.ts:dispatch","message":"workspace pointer","data":{"phase":"up","pointerType":"touch","kind":"finger","tool":"pen","hitKind":"page","localX":0,"localY":0,"effectTypes":[],"isPrimary":true,"clientX":508.5,"clientY":385.5,"wrapCount":3,"nearest":[{"id":"b79c89c1-0922-4d8d-bae7-95238d32ff0d","w":23,"h":100,"l":479,"t":164,"r":501,"b":264,"inside":false},{"id":"b33a1f67-4108-4509-82bd-a5c9ccb050ed","w":23,"h":100,"l":479,"t":264,"r":501,"b":364,"inside":false},{"id":"0434644a-948c-429d-9b35-70326a337e62","w":23,"h":100,"l":479,"t":364,"r":501,"b":465,"inside":false}]},"timestamp":1787933403617}
{"sessionId":"6c5c15","location":"useEditorController.tsx:textTapDown","message":"global pointerdown","data":{"pointerType":"touch","tracked":true},"timestamp":1787933403818,"hypothesisId":"A","runId":"post-fix"}
{"sessionId":"6c5c15","location":"pageInkDom.ts:resolvePageDomHit","message":"dom hit resolved","data":{"clientX":510,"clientY":384.5,"method":"rect","hitKind":null},"timestamp":1787933403819,"hypothesisId":"B","runId":"ipad-fix2"}
{"sessionId":"516081","runId":"post-fix","hypothesisId":"A,B,C,D","location":"gestures/index.ts:dispatch","message":"workspace pointer","data":{"phase":"down","pointerType":"touch","kind":"finger","tool":"pen","hitKind":"page","localX":0,"localY":0,"effectTypes":[],"isPrimary":true,"clientX":510,"clientY":384.5,"wrapCount":3,"nearest":[{"id":"b79c89c1-0922-4d8d-bae7-95238d32ff0d","w":23,"h":100,"l":479,"t":164,"r":501,"b":264,"inside":false},{"id":"b33a1f67-4108-4509-82bd-a5c9ccb050ed","w":23,"h":100,"l":479,"t":264,"r":501,"b":364,"inside":false},{"id":"0434644a-948c-429d-9b35-70326a337e62","w":23,"h":100,"l":479,"t":364,"r":501,"b":465,"inside":false}]},"timestamp":1787933403820}
{"sessionId":"6c5c15","location":"useEditorController.tsx:textTapUp","message":"text tap up","data":{"pointerType":"touch","hasPending":false,"dist":0},"timestamp":1787933403899,"hypothesisId":"A,E","runId":"post-fix2"}
{"sessionId":"6c5c15","location":"workspaceFsm.tsx:fingerTapUp","message":"finger tap up","data":{"tool":"pen","downHitKind":"page","upHitKind":"page","usedHitKind":"page","effectTypes":[],"clientX":510,"clientY":384.5},"timestamp":1787933403900,"hypothesisId":"A,D,F","runId":"ipad-fix3"}
{"sessionId":"6c5c15","location":"pageInkDom.ts:resolvePageDomHit","message":"dom hit resolved","data":{"clientX":510,"clientY":384.5,"method":"rect","hitKind":null},"timestamp":1787933403899,"hypothesisId":"B","runId":"ipad-fix2"}
{"sessionId":"516081","runId":"post-fix","hypothesisId":"A,B,C,D","location":"gestures/index.ts:dispatch","message":"workspace pointer","data":{"phase":"up","pointerType":"touch","kind":"finger","tool":"pen","hitKind":"page","localX":0,"localY":0,"effectTypes":[],"isPrimary":true,"clientX":510,"clientY":384.5,"wrapCount":3,"nearest":[{"id":"b79c89c1-0922-4d8d-bae7-95238d32ff0d","w":23,"h":100,"l":479,"t":164,"r":501,"b":264,"inside":false},{"id":"b33a1f67-4108-4509-82bd-a5c9ccb050ed","w":23,"h":100,"l":479,"t":264,"r":501,"b":364,"inside":false},{"id":"0434644a-948c-429d-9b35-70326a337e62","w":23,"h":100,"l":479,"t":364,"r":501,"b":465,"inside":false}]},"timestamp":1787933403900}
{"sessionId":"6c5c15","location":"useEditorController.tsx:textTapDown","message":"global pointerdown","data":{"pointerType":"touch","tracked":true},"timestamp":1787933404011,"hypothesisId":"A","runId":"post-fix"}
{"sessionId":"6c5c15","location":"pageInkDom.ts:resolvePageDomHit","message":"dom hit resolved","data":{"clientX":505.5,"clientY":387.5,"method":"rect","hitKind":null},"timestamp":1787933404012,"hypothesisId":"B","runId":"ipad-fix2"}
{"sessionId":"516081","runId":"post-fix","hypothesisId":"A,B,C,D","location":"gestures/index.ts:dispatch","message":"workspace pointer","data":{"phase":"down","pointerType":"touch","kind":"finger","tool":"pen","hitKind":"page","localX":0,"localY":0,"effectTypes":[],"isPrimary":true,"clientX":505.5,"clientY":387.5,"wrapCount":3,"nearest":[{"id":"b79c89c1-0922-4d8d-bae7-95238d32ff0d","w":23,"h":100,"l":479,"t":164,"r":501,"b":264,"inside":false},{"id":"b33a1f67-4108-4509-82bd-a5c9ccb050ed","w":23,"h":100,"l":479,"t":264,"r":501,"b":364,"inside":false},{"id":"0434644a-948c-429d-9b35-70326a337e62","w":23,"h":100,"l":479,"t":364,"r":501,"b":465,"inside":false}]},"timestamp":1787933404013}
{"sessionId":"6c5c15","location":"useEditorController.tsx:textTapUp","message":"text tap up","data":{"pointerType":"touch","hasPending":false,"dist":0},"timestamp":1787933404082,"hypothesisId":"A,E","runId":"post-fix2"}
{"sessionId":"6c5c15","location":"pageInkDom.ts:resolvePageDomHit","message":"dom hit resolved","data":{"clientX":505.5,"clientY":387.5,"method":"rect","hitKind":null},"timestamp":1787933404083,"hypothesisId":"B","runId":"ipad-fix2"}
{"sessionId":"6c5c15","location":"workspaceFsm.tsx:fingerTapUp","message":"finger tap up","data":{"tool":"pen","downHitKind":"page","upHitKind":"page","usedHitKind":"page","effectTypes":[],"clientX":505.5,"clientY":387.5},"timestamp":1787933404084,"hypothesisId":"A,D,F","runId":"ipad-fix3"}
{"sessionId":"516081","runId":"post-fix","hypothesisId":"A,B,C,D","location":"gestures/index.ts:dispatch","message":"workspace pointer","data":{"phase":"up","pointerType":"touch","kind":"finger","tool":"pen","hitKind":"page","localX":0,"localY":0,"effectTypes":[],"isPrimary":true,"clientX":505.5,"clientY":387.5,"wrapCount":3,"nearest":[{"id":"b79c89c1-0922-4d8d-bae7-95238d32ff0d","w":23,"h":100,"l":479,"t":164,"r":501,"b":264,"inside":false},{"id":"b33a1f67-4108-4509-82bd-a5c9ccb050ed","w":23,"h":100,"l":479,"t":264,"r":501,"b":364,"inside":false},{"id":"0434644a-948c-429d-9b35-70326a337e62","w":23,"h":100,"l":479,"t":364,"r":501,"b":465,"inside":false}]},"timestamp":1787933404084}
{"sessionId":"6c5c15","location":"useEditorController.tsx:textTapDown","message":"global pointerdown","data":{"pointerType":"touch","tracked":true},"timestamp":1787933404279,"hypothesisId":"A","runId":"post-fix"}
{"sessionId":"6c5c15","location":"pageInkDom.ts:resolvePageDomHit","message":"dom hit resolved","data":{"clientX":422,"clientY":370,"method":"rect","hitKind":null},"timestamp":1787933404279,"hypothesisId":"B","runId":"ipad-fix2"}
{"sessionId":"516081","runId":"post-fix","hypothesisId":"A,B,C,D","location":"gestures/index.ts:dispatch","message":"workspace pointer","data":{"phase":"down","pointerType":"touch","kind":"finger","tool":"pen","hitKind":"append","effectTypes":[],"isPrimary":true,"clientX":422,"clientY":370,"wrapCount":3,"nearest":[{"id":"b79c89c1-0922-4d8d-bae7-95238d32ff0d","w":23,"h":100,"l":479,"t":164,"r":501,"b":264,"inside":false},{"id":"b33a1f67-4108-4509-82bd-a5c9ccb050ed","w":23,"h":100,"l":479,"t":264,"r":501,"b":364,"inside":false},{"id":"0434644a-948c-429d-9b35-70326a337e62","w":23,"h":100,"l":479,"t":364,"r":501,"b":465,"inside":false}]},"timestamp":1787933404280}
{"sessionId":"6c5c15","location":"useEditorController.tsx:textTapUp","message":"text tap up","data":{"pointerType":"touch","hasPending":false,"dist":0},"timestamp":1787933404400,"hypothesisId":"A,E","runId":"post-fix2"}
{"sessionId":"6c5c15","location":"pageInkDom.ts:resolvePageDomHit","message":"dom hit resolved","data":{"clientX":422,"clientY":370,"method":"rect","hitKind":null},"timestamp":1787933404401,"hypothesisId":"B","runId":"ipad-fix2"}
{"sessionId":"6c5c15","location":"workspaceFsm.tsx:fingerTapUp","message":"finger tap up","data":{"tool":"pen","downHitKind":"append","upHitKind":"append","usedHitKind":"append","effectTypes":["appendPage"],"clientX":422,"clientY":370},"timestamp":1787933404402,"hypothesisId":"A,D,F","runId":"ipad-fix3"}
{"sessionId":"516081","runId":"post-fix","hypothesisId":"A,B,C,D","location":"gestures/index.ts:dispatch","message":"workspace pointer","data":{"phase":"up","pointerType":"touch","kind":"finger","tool":"pen","hitKind":"append","effectTypes":["appendPage"],"isPrimary":true,"clientX":422,"clientY":370,"wrapCount":3,"nearest":[{"id":"b79c89c1-0922-4d8d-bae7-95238d32ff0d","w":23,"h":100,"l":479,"t":164,"r":501,"b":264,"inside":false},{"id":"b33a1f67-4108-4509-82bd-a5c9ccb050ed","w":23,"h":100,"l":479,"t":264,"r":501,"b":364,"inside":false},{"id":"0434644a-948c-429d-9b35-70326a337e62","w":23,"h":100,"l":479,"t":364,"r":501,"b":465,"inside":false}]},"timestamp":1787933404403}
{"sessionId":"6c5c15","location":"useEditorController.tsx:textTapDown","message":"global pointerdown","data":{"pointerType":"touch","tracked":true},"timestamp":1787933404634,"hypothesisId":"A","runId":"post-fix"}
{"sessionId":"6c5c15","location":"pageInkDom.ts:resolvePageDomHit","message":"dom hit resolved","data":{"clientX":421,"clientY":370,"method":"rect","hitKind":null},"timestamp":1787933404634,"hypothesisId":"B","runId":"ipad-fix2"}
{"sessionId":"516081","runId":"post-fix","hypothesisId":"A,B,C,D","location":"gestures/index.ts:dispatch","message":"workspace pointer","data":{"phase":"down","pointerType":"touch","kind":"finger","tool":"pen","hitKind":"append","effectTypes":[],"isPrimary":true,"clientX":421,"clientY":370,"wrapCount":3,"nearest":[{"id":"b79c89c1-0922-4d8d-bae7-95238d32ff0d","w":23,"h":100,"l":783,"t":164,"r":806,"b":264,"inside":false},{"id":"b33a1f67-4108-4509-82bd-a5c9ccb050ed","w":23,"h":100,"l":783,"t":264,"r":806,"b":364,"inside":false},{"id":"0434644a-948c-429d-9b35-70326a337e62","w":23,"h":100,"l":783,"t":364,"r":806,"b":465,"inside":false}]},"timestamp":1787933404635}
{"sessionId":"6c5c15","location":"useEditorController.tsx:textTapUp","message":"text tap up","data":{"pointerType":"touch","hasPending":false,"dist":0},"timestamp":1787933404744,"hypothesisId":"A,E","runId":"post-fix2"}
{"sessionId":"6c5c15","location":"pageInkDom.ts:resolvePageDomHit","message":"dom hit resolved","data":{"clientX":421,"clientY":370,"method":"rect","hitKind":null},"timestamp":1787933404745,"hypothesisId":"B","runId":"ipad-fix2"}
{"sessionId":"6c5c15","location":"workspaceFsm.tsx:fingerTapUp","message":"finger tap up","data":{"tool":"pen","downHitKind":"append","upHitKind":"append","usedHitKind":"append","effectTypes":["appendPage"],"clientX":421,"clientY":370},"timestamp":1787933404746,"hypothesisId":"A,D,F","runId":"ipad-fix3"}
{"sessionId":"516081","runId":"post-fix","hypothesisId":"A,B,C,D","location":"gestures/index.ts:dispatch","message":"workspace pointer","data":{"phase":"up","pointerType":"touch","kind":"finger","tool":"pen","hitKind":"append","effectTypes":["appendPage"],"isPrimary":true,"clientX":421,"clientY":370,"wrapCount":3,"nearest":[{"id":"b79c89c1-0922-4d8d-bae7-95238d32ff0d","w":23,"h":100,"l":783,"t":164,"r":806,"b":264,"inside":false},{"id":"b33a1f67-4108-4509-82bd-a5c9ccb050ed","w":23,"h":100,"l":783,"t":264,"r":806,"b":364,"inside":false},{"id":"0434644a-948c-429d-9b35-70326a337e62","w":23,"h":100,"l":783,"t":364,"r":806,"b":465,"inside":false}]},"timestamp":1787933404746}
{"sessionId":"6c5c15","location":"useEditorController.tsx:textTapDown","message":"global pointerdown","data":{"pointerType":"touch","tracked":true},"timestamp":1787933405347,"hypothesisId":"A","runId":"post-fix"}
{"sessionId":"6c5c15","location":"pageInkDom.ts:resolvePageDomHit","message":"dom hit resolved","data":{"clientX":884.5,"clientY":205,"method":"rect","hitKind":null},"timestamp":1787933405356,"hypothesisId":"B","runId":"ipad-fix2"}
{"sessionId":"516081","runId":"post-fix","hypothesisId":"A,B,C,D","location":"gestures/index.ts:dispatch","message":"workspace pointer","data":{"phase":"down","pointerType":"touch","kind":"finger","tool":"pen","hitKind":"page","localX":0,"localY":0,"effectTypes":[],"isPrimary":true,"clientX":884.5,"clientY":205,"wrapCount":3,"nearest":[{"id":"b79c89c1-0922-4d8d-bae7-95238d32ff0d","w":23,"h":100,"l":1072,"t":164,"r":1095,"b":264,"inside":false},{"id":"b33a1f67-4108-4509-82bd-a5c9ccb050ed","w":23,"h":100,"l":1072,"t":264,"r":1095,"b":364,"inside":false},{"id":"0434644a-948c-429d-9b35-70326a337e62","w":23,"h":100,"l":1072,"t":364,"r":1095,"b":465,"inside":false}]},"timestamp":1787933405357}
{"sessionId":"6c5c15","location":"pageInkDom.ts:resolvePageDomHit","message":"dom hit resolved","data":{"clientX":874,"clientY":212,"method":"rect","hitKind":null},"timestamp":1787933405375,"hypothesisId":"B","runId":"ipad-fix2"}
{"sessionId":"6c5c15","location":"pageInkDom.ts:resolvePageDomHit","message":"dom hit resolved","data":{"clientX":874,"clientY":212,"method":"rect","hitKind":null},"timestamp":1787933405375,"hypothesisId":"B","runId":"ipad-fix2"}
{"sessionId":"6c5c15","location":"pageInkDom.ts:resolvePageDomHit","message":"dom hit resolved","data":{"clientX":870.5,"clientY":212,"method":"rect","hitKind":null},"timestamp":1787933405382,"hypothesisId":"B","runId":"ipad-fix2"}
{"sessionId":"6c5c15","location":"pageInkDom.ts:resolvePageDomHit","message":"dom hit resolved","data":{"clientX":866,"clientY":212,"method":"rect","hitKind":null},"timestamp":1787933405391,"hypothesisId":"B","runId":"ipad-fix2"}
{"sessionId":"6c5c15","location":"pageInkDom.ts:resolvePageDomHit","message":"dom hit resolved","data":{"clientX":862,"clientY":212,"method":"rect","hitKind":null},"timestamp":1787933405399,"hypothesisId":"B","runId":"ipad-fix2"}
{"sessionId":"6c5c15","location":"pageInkDom.ts:resolvePageDomHit","message":"dom hit resolved","data":{"clientX":857,"clientY":212,"method":"rect","hitKind":null},"timestamp":1787933405407,"hypothesisId":"B","runId":"ipad-fix2"}
{"sessionId":"6c5c15","location":"pageInkDom.ts:resolvePageDomHit","message":"dom hit resolved","data":{"clientX":847.5,"clientY":211.5,"method":"rect","hitKind":null},"timestamp":1787933405416,"hypothesisId":"B","runId":"ipad-fix2"}
{"sessionId":"6c5c15","location":"pageInkDom.ts:resolvePageDomHit","message":"dom hit resolved","data":{"clientX":834.5,"clientY":211.5,"method":"rect","hitKind":null},"timestamp":1787933405424,"hypothesisId":"B","runId":"ipad-fix2"}
{"sessionId":"6c5c15","location":"pageInkDom.ts:resolvePageDomHit","message":"dom hit resolved","data":{"clientX":820,"clientY":211.5,"method":"rect","hitKind":null},"timestamp":1787933405432,"hypothesisId":"B","runId":"ipad-fix2"}
{"sessionId":"6c5c15","location":"pageInkDom.ts:resolvePageDomHit","message":"dom hit resolved","data":{"clientX":803.5,"clientY":214.5,"method":"rect","hitKind":null},"timestamp":1787933405441,"hypothesisId":"B","runId":"ipad-fix2"}
{"sessionId":"6c5c15","location":"pageInkDom.ts:resolvePageDomHit","message":"dom hit resolved","data":{"clientX":784.5,"clientY":216,"method":"rect","hitKind":null},"timestamp":1787933405449,"hypothesisId":"B","runId":"ipad-fix2"}
{"sessionId":"6c5c15","location":"pageInkDom.ts:resolvePageDomHit","message":"dom hit resolved","data":{"clientX":769.5,"clientY":219,"method":"rect","hitKind":null},"timestamp":1787933405457,"hypothesisId":"B","runId":"ipad-fix2"}
{"sessionId":"6c5c15","location":"pageInkDom.ts:resolvePageDomHit","message":"dom hit resolved","data":{"clientX":755,"clientY":219,"method":"rect","hitKind":null},"timestamp":1787933405466,"hypothesisId":"B","runId":"ipad-fix2"}
{"sessionId":"6c5c15","location":"pageInkDom.ts:resolvePageDomHit","message":"dom hit resolved","data":{"clientX":741.5,"clientY":219.5,"method":"rect","hitKind":null},"timestamp":1787933405474,"hypothesisId":"B","runId":"ipad-fix2"}
{"sessionId":"6c5c15","location":"pageInkDom.ts:resolvePageDomHit","message":"dom hit resolved","data":{"clientX":729.5,"clientY":219.5,"method":"rect","hitKind":null},"timestamp":1787933405482,"hypothesisId":"B","runId":"ipad-fix2"}
{"sessionId":"6c5c15","location":"pageInkDom.ts:resolvePageDomHit","message":"dom hit resolved","data":{"clientX":720,"clientY":219.5,"method":"rect","hitKind":null},"timestamp":1787933405491,"hypothesisId":"B","runId":"ipad-fix2"}
{"sessionId":"6c5c15","location":"pageInkDom.ts:resolvePageDomHit","message":"dom hit resolved","data":{"clientX":710,"clientY":219.5,"method":"rect","hitKind":null},"timestamp":1787933405499,"hypothesisId":"B","runId":"ipad-fix2"}
{"sessionId":"6c5c15","location":"pageInkDom.ts:resolvePageDomHit","message":"dom hit resolved","data":{"clientX":702.5,"clientY":219.5,"method":"rect","hitKind":null},"timestamp":1787933405507,"hypothesisId":"B","runId":"ipad-fix2"}
{"sessionId":"6c5c15","location":"pageInkDom.ts:resolvePageDomHit","message":"dom hit resolved","data":{"clientX":694.5,"clientY":217.5,"method":"rect","hitKind":null},"timestamp":1787933405516,"hypothesisId":"B","runId":"ipad-fix2"}
{"sessionId":"6c5c15","location":"pageInkDom.ts:resolvePageDomHit","message":"dom hit resolved","data":{"clientX":687,"clientY":217.5,"method":"rect","hitKind":null},"timestamp":1787933405524,"hypothesisId":"B","runId":"ipad-fix2"}
{"sessionId":"6c5c15","location":"pageInkDom.ts:resolvePageDomHit","message":"dom hit resolved","data":{"clientX":678.5,"clientY":217,"method":"rect","hitKind":null},"timestamp":1787933405532,"hypothesisId":"B","runId":"ipad-fix2"}
{"sessionId":"6c5c15","location":"pageInkDom.ts:resolvePageDomHit","message":"dom hit resolved","data":{"clientX":668,"clientY":217,"method":"rect","hitKind":null},"timestamp":1787933405541,"hypothesisId":"B","runId":"ipad-fix2"}
{"sessionId":"6c5c15","location":"pageInkDom.ts:resolvePageDomHit","message":"dom hit resolved","data":{"clientX":652.5,"clientY":217,"method":"rect","hitKind":null},"timestamp":1787933405549,"hypothesisId":"B","runId":"ipad-fix2"}
{"sessionId":"6c5c15","location":"pageInkDom.ts:resolvePageDomHit","message":"dom hit resolved","data":{"clientX":635,"clientY":222,"method":"rect","hitKind":null},"timestamp":1787933405557,"hypothesisId":"B","runId":"ipad-fix2"}
{"sessionId":"6c5c15","location":"pageInkDom.ts:resolvePageDomHit","message":"dom hit resolved","data":{"clientX":619.5,"clientY":224,"method":"rect","hitKind":null},"timestamp":1787933405566,"hypothesisId":"B","runId":"ipad-fix2"}
{"sessionId":"6c5c15","location":"pageInkDom.ts:resolvePageDomHit","message":"dom hit resolved","data":{"clientX":599.5,"clientY":231,"method":"rect","hitKind":null},"timestamp":1787933405574,"hypothesisId":"B","runId":"ipad-fix2"}
{"sessionId":"6c5c15","location":"pageInkDom.ts:resolvePageDomHit","message":"dom hit resolved","data":{"clientX":581.5,"clientY":234.5,"method":"rect","hitKind":null},"timestamp":1787933405582,"hypothesisId":"B","runId":"ipad-fix2"}
{"sessionId":"6c5c15","location":"pageInkDom.ts:resolvePageDomHit","message":"dom hit resolved","data":{"clientX":568,"clientY":239.5,"method":"rect","hitKind":null},"timestamp":1787933405591,"hypothesisId":"B","runId":"ipad-fix2"}
{"sessionId":"6c5c15","location":"pageInkDom.ts:resolvePageDomHit","message":"dom hit resolved","data":{"clientX":553.5,"clientY":242,"method":"rect","hitKind":null},"timestamp":1787933405599,"hypothesisId":"B","runId":"ipad-fix2"}
{"sessionId":"6c5c15","location":"pageInkDom.ts:resolvePageDomHit","message":"dom hit resolved","data":{"clientX":541,"clientY":246.5,"method":"rect","hitKind":null},"timestamp":1787933405607,"hypothesisId":"B","runId":"ipad-fix2"}
{"sessionId":"6c5c15","location":"pageInkDom.ts:resolvePageDomHit","message":"dom hit resolved","data":{"clientX":531,"clientY":248.5,"method":"rect","hitKind":null},"timestamp":1787933405616,"hypothesisId":"B","runId":"ipad-fix2"}
{"sessionId":"6c5c15","location":"pageInkDom.ts:resolvePageDomHit","message":"dom hit resolved","data":{"clientX":520,"clientY":255,"method":"rect","hitKind":null},"timestamp":1787933405624,"hypothesisId":"B","runId":"ipad-fix2"}
{"sessionId":"6c5c15","location":"pageInkDom.ts:resolvePageDomHit","message":"dom hit resolved","data":{"clientX":510.5,"clientY":258,"method":"rect","hitKind":null},"timestamp":1787933405633,"hypothesisId":"B","runId":"ipad-fix2"}
{"sessionId":"6c5c15","location":"pageInkDom.ts:resolvePageDomHit","message":"dom hit resolved","data":{"clientX":502.5,"clientY":263,"method":"rect","hitKind":null},"timestamp":1787933405641,"hypothesisId":"B","runId":"ipad-fix2"}
{"sessionId":"6c5c15","location":"pageInkDom.ts:resolvePageDomHit","message":"dom hit resolved","data":{"clientX":495.5,"clientY":265.5,"method":"rect","hitKind":null},"timestamp":1787933405649,"hypothesisId":"B","runId":"ipad-fix2"}
{"sessionId":"6c5c15","location":"pageInkDom.ts:resolvePageDomHit","message":"dom hit resolved","data":{"clientX":488,"clientY":271.5,"method":"rect","hitKind":null},"timestamp":1787933405657,"hypothesisId":"B","runId":"ipad-fix2"}
{"sessionId":"6c5c15","location":"pageInkDom.ts:resolvePageDomHit","message":"dom hit resolved","data":{"clientX":482.5,"clientY":273,"method":"rect","hitKind":null},"timestamp":1787933405666,"hypothesisId":"B","runId":"ipad-fix2"}
{"sessionId":"6c5c15","location":"pageInkDom.ts:resolvePageDomHit","message":"dom hit resolved","data":{"clientX":478,"clientY":277,"method":"rect","hitKind":null},"timestamp":1787933405674,"hypothesisId":"B","runId":"ipad-fix2"}
{"sessionId":"6c5c15","location":"pageInkDom.ts:resolvePageDomHit","message":"dom hit resolved","data":{"clientX":474,"clientY":279.5,"method":"rect","hitKind":null},"timestamp":1787933405682,"hypothesisId":"B","runId":"ipad-fix2"}
{"sessionId":"6c5c15","location":"pageInkDom.ts:resolvePageDomHit","message":"dom hit resolved","data":{"clientX":468,"clientY":284,"method":"rect","hitKind":null},"timestamp":1787933405691,"hypothesisId":"B","runId":"ipad-fix2"}
{"sessionId":"6c5c15","location":"useEditorController.tsx:textTapUp","message":"text tap up","data":{"pointerType":"touch","hasPending":false,"dist":432.53814860657087},"timestamp":1787933405699,"hypothesisId":"A,E","runId":"post-fix2"}
{"sessionId":"6c5c15","location":"pageInkDom.ts:resolvePageDomHit","message":"dom hit resolved","data":{"clientX":460,"clientY":288,"method":"rect","hitKind":null},"timestamp":1787933405700,"hypothesisId":"B","runId":"ipad-fix2"}
{"sessionId":"516081","runId":"post-fix","hypothesisId":"A,B,C,D","location":"gestures/index.ts:dispatch","message":"workspace pointer","data":{"phase":"up","pointerType":"touch","kind":"finger","tool":"pen","hitKind":"page","localX":0,"localY":0,"effectTypes":[],"isPrimary":true,"clientX":460,"clientY":288,"wrapCount":3,"nearest":[{"id":"b79c89c1-0922-4d8d-bae7-95238d32ff0d","w":23,"h":100,"l":656,"t":243,"r":678,"b":343,"inside":false},{"id":"b33a1f67-4108-4509-82bd-a5c9ccb050ed","w":23,"h":100,"l":656,"t":343,"r":678,"b":443,"inside":false},{"id":"0434644a-948c-429d-9b35-70326a337e62","w":23,"h":100,"l":656,"t":443,"r":678,"b":544,"inside":false}]},"timestamp":1787933405700}
{"sessionId":"6c5c15","location":"useEditorController.tsx:textTapDown","message":"global pointerdown","data":{"pointerType":"touch","tracked":true},"timestamp":1787933405975,"hypothesisId":"A","runId":"post-fix"}
{"sessionId":"6c5c15","location":"pageInkDom.ts:resolvePageDomHit","message":"dom hit resolved","data":{"clientX":682,"clientY":264.5,"method":"rect","hitKind":null},"timestamp":1787933405976,"hypothesisId":"B","runId":"ipad-fix2"}
{"sessionId":"516081","runId":"post-fix","hypothesisId":"A,B,C,D","location":"gestures/index.ts:dispatch","message":"workspace pointer","data":{"phase":"down","pointerType":"touch","kind":"finger","tool":"pen","hitKind":"page","localX":0,"localY":0,"effectTypes":[],"isPrimary":true,"clientX":682,"clientY":264.5,"wrapCount":3,"nearest":[{"id":"b79c89c1-0922-4d8d-bae7-95238d32ff0d","w":23,"h":100,"l":656,"t":243,"r":678,"b":343,"inside":false},{"id":"b33a1f67-4108-4509-82bd-a5c9ccb050ed","w":23,"h":100,"l":656,"t":343,"r":678,"b":443,"inside":false},{"id":"0434644a-948c-429d-9b35-70326a337e62","w":23,"h":100,"l":656,"t":443,"r":678,"b":544,"inside":false}]},"timestamp":1787933405978}
{"sessionId":"6c5c15","location":"pageInkDom.ts:resolvePageDomHit","message":"dom hit resolved","data":{"clientX":671.5,"clientY":263,"method":"rect","hitKind":null},"timestamp":1787933405999,"hypothesisId":"B","runId":"ipad-fix2"}
{"sessionId":"6c5c15","location":"pageInkDom.ts:resolvePageDomHit","message":"dom hit resolved","data":{"clientX":671.5,"clientY":263,"method":"rect","hitKind":null},"timestamp":1787933406000,"hypothesisId":"B","runId":"ipad-fix2"}
{"sessionId":"6c5c15","location":"pageInkDom.ts:resolvePageDomHit","message":"dom hit resolved","data":{"clientX":667.5,"clientY":263,"method":"rect","hitKind":null},"timestamp":1787933406008,"hypothesisId":"B","runId":"ipad-fix2"}
{"sessionId":"6c5c15","location":"pageInkDom.ts:resolvePageDomHit","message":"dom hit resolved","data":{"clientX":663,"clientY":263,"method":"rect","hitKind":null},"timestamp":1787933406016,"hypothesisId":"B","runId":"ipad-fix2"}
{"sessionId":"6c5c15","location":"pageInkDom.ts:resolvePageDomHit","message":"dom hit resolved","data":{"clientX":657.5,"clientY":263,"method":"rect","hitKind":null},"timestamp":1787933406024,"hypothesisId":"B","runId":"ipad-fix2"}
{"sessionId":"6c5c15","location":"pageInkDom.ts:resolvePageDomHit","message":"dom hit resolved","data":{"clientX":651,"clientY":262.5,"method":"rect","hitKind":null},"timestamp":1787933406033,"hypothesisId":"B","runId":"ipad-fix2"}
{"sessionId":"6c5c15","location":"pageInkDom.ts:resolvePageDomHit","message":"dom hit resolved","data":{"clientX":644,"clientY":261.5,"method":"rect","hitKind":null},"timestamp":1787933406041,"hypothesisId":"B","runId":"ipad-fix2"}
{"sessionId":"6c5c15","location":"pageInkDom.ts:resolvePageDomHit","message":"dom hit resolved","data":{"clientX":637,"clientY":260,"method":"rect","hitKind":null},"timestamp":1787933406049,"hypothesisId":"B","runId":"ipad-fix2"}
{"sessionId":"6c5c15","location":"pageInkDom.ts:resolvePageDomHit","message":"dom hit resolved","data":{"clientX":630,"clientY":258,"method":"rect","hitKind":null},"timestamp":1787933406058,"hypothesisId":"B","runId":"ipad-fix2"}
{"sessionId":"6c5c15","location":"pageInkDom.ts:resolvePageDomHit","message":"dom hit resolved","data":{"clientX":623,"clientY":255.5,"method":"rect","hitKind":null},"timestamp":1787933406066,"hypothesisId":"B","runId":"ipad-fix2"}
{"sessionId":"6c5c15","location":"pageInkDom.ts:resolvePageDomHit","message":"dom hit resolved","data":{"clientX":616,"clientY":254,"method":"rect","hitKind":null},"timestamp":1787933406074,"hypothesisId":"B","runId":"ipad-fix2"}
{"sessionId":"6c5c15","location":"pageInkDom.ts:resolvePageDomHit","message":"dom hit resolved","data":{"clientX":607,"clientY":250.5,"method":"rect","hitKind":null},"timestamp":1787933406083,"hypothesisId":"B","runId":"ipad-fix2"}
{"sessionId":"6c5c15","location":"pageInkDom.ts:resolvePageDomHit","message":"dom hit resolved","data":{"clientX":600,"clientY":249.5,"method":"rect","hitKind":null},"timestamp":1787933406091,"hypothesisId":"B","runId":"ipad-fix2"}
{"sessionId":"6c5c15","location":"pageInkDom.ts:resolvePageDomHit","message":"dom hit resolved","data":{"clientX":591,"clientY":246,"method":"rect","hitKind":null},"timestamp":1787933406099,"hypothesisId":"B","runId":"ipad-fix2"}
{"sessionId":"6c5c15","location":"pageInkDom.ts:resolvePageDomHit","message":"dom hit resolved","data":{"clientX":585,"clientY":245,"method":"rect","hitKind":null},"timestamp":1787933406108,"hypothesisId":"B","runId":"ipad-fix2"}
{"sessionId":"6c5c15","location":"pageInkDom.ts:resolvePageDomHit","message":"dom hit resolved","data":{"clientX":577.5,"clientY":242,"method":"rect","hitKind":null},"timestamp":1787933406116,"hypothesisId":"B","runId":"ipad-fix2"}
{"sessionId":"6c5c15","location":"pageInkDom.ts:resolvePageDomHit","message":"dom hit resolved","data":{"clientX":571,"clientY":241.5,"method":"rect","hitKind":null},"timestamp":1787933406124,"hypothesisId":"B","runId":"ipad-fix2"}
{"sessionId":"6c5c15","location":"pageInkDom.ts:resolvePageDomHit","message":"dom hit resolved","data":{"clientX":565.5,"clientY":240,"method":"rect","hitKind":null},"timestamp":1787933406133,"hypothesisId":"B","runId":"ipad-fix2"}
{"sessionId":"6c5c15","location":"pageInkDom.ts:resolvePageDomHit","message":"dom hit resolved","data":{"clientX":561,"clientY":240,"method":"rect","hitKind":null},"timestamp":1787933406141,"hypothesisId":"B","runId":"ipad-fix2"}
{"sessionId":"6c5c15","location":"pageInkDom.ts:resolvePageDomHit","message":"dom hit resolved","data":{"clientX":556,"clientY":239.5,"method":"rect","hitKind":null},"timestamp":1787933406149,"hypothesisId":"B","runId":"ipad-fix2"}
{"sessionId":"6c5c15","location":"pageInkDom.ts:resolvePageDomHit","message":"dom hit resolved","data":{"clientX":553.5,"clientY":239.5,"method":"rect","hitKind":null},"timestamp":1787933406158,"hypothesisId":"B","runId":"ipad-fix2"}
{"sessionId":"6c5c15","location":"pageInkDom.ts:resolvePageDomHit","message":"dom hit resolved","data":{"clientX":550.5,"clientY":239.5,"method":"rect","hitKind":null},"timestamp":1787933406166,"hypothesisId":"B","runId":"ipad-fix2"}
{"sessionId":"6c5c15","location":"pageInkDom.ts:resolvePageDomHit","message":"dom hit resolved","data":{"clientX":549,"clientY":239.5,"method":"rect","hitKind":null},"timestamp":1787933406174,"hypothesisId":"B","runId":"ipad-fix2"}
{"sessionId":"6c5c15","location":"pageInkDom.ts:resolvePageDomHit","message":"dom hit resolved","data":{"clientX":546.5,"clientY":239.5,"method":"rect","hitKind":null},"timestamp":1787933406183,"hypothesisId":"B","runId":"ipad-fix2"}
{"sessionId":"6c5c15","location":"pageInkDom.ts:resolvePageDomHit","message":"dom hit resolved","data":{"clientX":545,"clientY":240,"method":"rect","hitKind":null},"timestamp":1787933406191,"hypothesisId":"B","runId":"ipad-fix2"}
{"sessionId":"6c5c15","location":"pageInkDom.ts:resolvePageDomHit","message":"dom hit resolved","data":{"clientX":542.5,"clientY":240,"method":"rect","hitKind":null},"timestamp":1787933406199,"hypothesisId":"B","runId":"ipad-fix2"}
{"sessionId":"6c5c15","location":"pageInkDom.ts:resolvePageDomHit","message":"dom hit resolved","data":{"clientX":540,"clientY":240,"method":"rect","hitKind":null},"timestamp":1787933406208,"hypothesisId":"B","runId":"ipad-fix2"}
{"sessionId":"6c5c15","location":"pageInkDom.ts:resolvePageDomHit","message":"dom hit resolved","data":{"clientX":537,"clientY":240,"method":"rect","hitKind":null},"timestamp":1787933406216,"hypothesisId":"B","runId":"ipad-fix2"}
{"sessionId":"6c5c15","location":"pageInkDom.ts:resolvePageDomHit","message":"dom hit resolved","data":{"clientX":534,"clientY":240,"method":"rect","hitKind":null},"timestamp":1787933406224,"hypothesisId":"B","runId":"ipad-fix2"}
{"sessionId":"6c5c15","location":"pageInkDom.ts:resolvePageDomHit","message":"dom hit resolved","data":{"clientX":530.5,"clientY":240,"method":"rect","hitKind":null},"timestamp":1787933406233,"hypothesisId":"B","runId":"ipad-fix2"}
{"sessionId":"6c5c15","location":"pageInkDom.ts:resolvePageDomHit","message":"dom hit resolved","data":{"clientX":528.5,"clientY":240,"method":"rect","hitKind":null},"timestamp":1787933406241,"hypothesisId":"B","runId":"ipad-fix2"}
{"sessionId":"6c5c15","location":"pageInkDom.ts:resolvePageDomHit","message":"dom hit resolved","data":{"clientX":525.5,"clientY":240,"method":"rect","hitKind":null},"timestamp":1787933406249,"hypothesisId":"B","runId":"ipad-fix2"}
{"sessionId":"6c5c15","location":"pageInkDom.ts:resolvePageDomHit","message":"dom hit resolved","data":{"clientX":524,"clientY":240,"method":"rect","hitKind":null},"timestamp":1787933406258,"hypothesisId":"B","runId":"ipad-fix2"}
{"sessionId":"6c5c15","location":"pageInkDom.ts:resolvePageDomHit","message":"dom hit resolved","data":{"clientX":522.5,"clientY":240,"method":"rect","hitKind":null},"timestamp":1787933406266,"hypothesisId":"B","runId":"ipad-fix2"}
{"sessionId":"6c5c15","location":"pageInkDom.ts:resolvePageDomHit","message":"dom hit resolved","data":{"clientX":522,"clientY":240,"method":"rect","hitKind":null},"timestamp":1787933406274,"hypothesisId":"B","runId":"ipad-fix2"}
{"sessionId":"6c5c15","location":"pageInkDom.ts:resolvePageDomHit","message":"dom hit resolved","data":{"clientX":521.5,"clientY":240,"method":"rect","hitKind":null},"timestamp":1787933406283,"hypothesisId":"B","runId":"ipad-fix2"}
{"sessionId":"6c5c15","location":"pageInkDom.ts:resolvePageDomHit","message":"dom hit resolved","data":{"clientX":521.5,"clientY":241,"method":"rect","hitKind":null},"timestamp":1787933406291,"hypothesisId":"B","runId":"ipad-fix2"}
{"sessionId":"6c5c15","location":"useEditorController.tsx:textTapUp","message":"text tap up","data":{"pointerType":"touch","hasPending":false,"dist":161.3978004806757},"timestamp":1787933406308,"hypothesisId":"A,E","runId":"post-fix2"}
{"sessionId":"6c5c15","location":"pageInkDom.ts:resolvePageDomHit","message":"dom hit resolved","data":{"clientX":521.5,"clientY":247.5,"method":"rect","hitKind":null},"timestamp":1787933406308,"hypothesisId":"B","runId":"ipad-fix2"}
{"sessionId":"516081","runId":"post-fix","hypothesisId":"A,B,C,D","location":"gestures/index.ts:dispatch","message":"workspace pointer","data":{"phase":"up","pointerType":"touch","kind":"finger","tool":"pen","hitKind":"page","localX":0,"localY":0,"effectTypes":[],"isPrimary":true,"clientX":521.5,"clientY":247.5,"wrapCount":3,"nearest":[{"id":"b79c89c1-0922-4d8d-bae7-95238d32ff0d","w":23,"h":100,"l":495,"t":219,"r":518,"b":320,"inside":false},{"id":"b33a1f67-4108-4509-82bd-a5c9ccb050ed","w":23,"h":100,"l":495,"t":320,"r":518,"b":420,"inside":false},{"id":"0434644a-948c-429d-9b35-70326a337e62","w":23,"h":100,"l":495,"t":420,"r":518,"b":520,"inside":false}]},"timestamp":1787933406309}
{"sessionId":"6c5c15","location":"useEditorController.tsx:textTapDown","message":"global pointerdown","data":{"pointerType":"pen","tracked":true},"timestamp":1787933407827,"hypothesisId":"A","runId":"post-fix"}
{"sessionId":"6c5c15","location":"useEditorController.tsx:textTapUp","message":"text tap up","data":{"pointerType":"pen","hasPending":false,"dist":10.793516572461451},"timestamp":1787933407894,"hypothesisId":"A,E","runId":"post-fix2"}
{"sessionId":"516081","runId":"post-fix","hypothesisId":"A,B,C,D","location":"gestures/index.ts:dispatch","message":"workspace pointer","data":{"phase":"down","pointerType":"pen","kind":"pencil","tool":"text","hitKind":"page","localX":0,"localY":0,"effectTypes":[],"isPrimary":true,"clientX":391,"clientY":322.5,"wrapCount":3,"nearest":[{"id":"b79c89c1-0922-4d8d-bae7-95238d32ff0d","w":23,"h":100,"l":495,"t":219,"r":518,"b":320,"inside":false},{"id":"b33a1f67-4108-4509-82bd-a5c9ccb050ed","w":23,"h":100,"l":495,"t":320,"r":518,"b":420,"inside":false},{"id":"0434644a-948c-429d-9b35-70326a337e62","w":23,"h":100,"l":495,"t":420,"r":518,"b":520,"inside":false}]},"timestamp":1787933408736}
{"sessionId":"6c5c15","location":"useEditorController.tsx:textTapDown","message":"global pointerdown","data":{"pointerType":"pen","tracked":true},"timestamp":1787933408732,"hypothesisId":"A","runId":"post-fix"}
{"sessionId":"6c5c15","location":"pageInkDom.ts:resolvePageDomHit","message":"dom hit resolved","data":{"clientX":391,"clientY":322.5,"method":"rect","hitKind":null},"timestamp":1787933408735,"hypothesisId":"B","runId":"ipad-fix2"}
{"sessionId":"6c5c15","location":"pageInkDom.ts:resolvePageDomHit","message":"dom hit resolved","data":{"clientX":390,"clientY":323,"method":"rect","hitKind":null},"timestamp":1787933408748,"hypothesisId":"B","runId":"ipad-fix2"}
{"sessionId":"6c5c15","location":"pageInkDom.ts:resolvePageDomHit","message":"dom hit resolved","data":{"clientX":388.5,"clientY":323,"method":"rect","hitKind":null},"timestamp":1787933408749,"hypothesisId":"B","runId":"ipad-fix2"}
{"sessionId":"6c5c15","location":"pageInkDom.ts:resolvePageDomHit","message":"dom hit resolved","data":{"clientX":390.5,"clientY":323.5,"method":"rect","hitKind":null},"timestamp":1787933408753,"hypothesisId":"B","runId":"ipad-fix2"}
{"sessionId":"6c5c15","location":"pageInkDom.ts:resolvePageDomHit","message":"dom hit resolved","data":{"clientX":390.5,"clientY":323.5,"method":"rect","hitKind":null},"timestamp":1787933408754,"hypothesisId":"B","runId":"ipad-fix2"}
{"sessionId":"6c5c15","location":"pageInkDom.ts:resolvePageDomHit","message":"dom hit resolved","data":{"clientX":392,"clientY":323.5,"method":"rect","hitKind":null},"timestamp":1787933408759,"hypothesisId":"B","runId":"ipad-fix2"}
{"sessionId":"6c5c15","location":"pageInkDom.ts:resolvePageDomHit","message":"dom hit resolved","data":{"clientX":392,"clientY":323.5,"method":"rect","hitKind":null},"timestamp":1787933408760,"hypothesisId":"B","runId":"ipad-fix2"}
{"sessionId":"6c5c15","location":"pageInkDom.ts:resolvePageDomHit","message":"dom hit resolved","data":{"clientX":393,"clientY":323.5,"method":"rect","hitKind":null},"timestamp":1787933408768,"hypothesisId":"B","runId":"ipad-fix2"}
{"sessionId":"6c5c15","location":"pageInkDom.ts:resolvePageDomHit","message":"dom hit resolved","data":{"clientX":393,"clientY":323.5,"method":"rect","hitKind":null},"timestamp":1787933408768,"hypothesisId":"B","runId":"ipad-fix2"}
{"sessionId":"6c5c15","location":"pageInkDom.ts:resolvePageDomHit","message":"dom hit resolved","data":{"clientX":394,"clientY":323.5,"method":"rect","hitKind":null},"timestamp":1787933408776,"hypothesisId":"B","runId":"ipad-fix2"}
{"sessionId":"6c5c15","location":"pageInkDom.ts:resolvePageDomHit","message":"dom hit resolved","data":{"clientX":394,"clientY":323.5,"method":"rect","hitKind":null},"timestamp":1787933408776,"hypothesisId":"B","runId":"ipad-fix2"}
{"sessionId":"6c5c15","location":"useEditorController.tsx:textTapUp","message":"text tap up","data":{"pointerType":"pen","hasPending":false,"dist":3.8078865529319543},"timestamp":1787933408784,"hypothesisId":"A,E","runId":"post-fix2"}
{"sessionId":"6c5c15","location":"pageInkDom.ts:resolvePageDomHit","message":"dom hit resolved","data":{"clientX":394.5,"clientY":324,"method":"rect","hitKind":null},"timestamp":1787933408785,"hypothesisId":"B","runId":"ipad-fix2"}
{"sessionId":"516081","runId":"post-fix","hypothesisId":"A,B,C,D","location":"gestures/index.ts:dispatch","message":"workspace pointer","data":{"phase":"up","pointerType":"pen","kind":"pencil","tool":"text","hitKind":"page","localX":0,"localY":0,"effectTypes":[],"isPrimary":true,"clientX":394.5,"clientY":324,"wrapCount":3,"nearest":[{"id":"b79c89c1-0922-4d8d-bae7-95238d32ff0d","w":23,"h":100,"l":495,"t":219,"r":518,"b":320,"inside":false},{"id":"b33a1f67-4108-4509-82bd-a5c9ccb050ed","w":23,"h":100,"l":495,"t":320,"r":518,"b":420,"inside":false},{"id":"0434644a-948c-429d-9b35-70326a337e62","w":23,"h":100,"l":495,"t":420,"r":518,"b":520,"inside":false}]},"timestamp":1787933408785}
{"sessionId":"6c5c15","location":"useEditorController.tsx:textTapDown","message":"global pointerdown","data":{"pointerType":"pen","tracked":true},"timestamp":1787933409598,"hypothesisId":"A","runId":"post-fix"}
{"sessionId":"6c5c15","location":"pageInkDom.ts:resolvePageDomHit","message":"dom hit resolved","data":{"clientX":259,"clientY":346,"method":"rect","hitKind":null},"timestamp":1787933409600,"hypothesisId":"B","runId":"ipad-fix2"}
{"sessionId":"516081","runId":"post-fix","hypothesisId":"A,B,C,D","location":"gestures/index.ts:dispatch","message":"workspace pointer","data":{"phase":"down","pointerType":"pen","kind":"pencil","tool":"text","hitKind":"page","localX":0,"localY":0,"effectTypes":[],"isPrimary":true,"clientX":259,"clientY":346,"wrapCount":3,"nearest":[{"id":"b79c89c1-0922-4d8d-bae7-95238d32ff0d","w":23,"h":100,"l":495,"t":219,"r":518,"b":320,"inside":false},{"id":"b33a1f67-4108-4509-82bd-a5c9ccb050ed","w":23,"h":100,"l":495,"t":320,"r":518,"b":420,"inside":false},{"id":"0434644a-948c-429d-9b35-70326a337e62","w":23,"h":100,"l":495,"t":420,"r":518,"b":520,"inside":false}]},"timestamp":1787933409602}
{"sessionId":"6c5c15","location":"pageInkDom.ts:resolvePageDomHit","message":"dom hit resolved","data":{"clientX":257,"clientY":347,"method":"rect","hitKind":null},"timestamp":1787933409614,"hypothesisId":"B","runId":"ipad-fix2"}
{"sessionId":"6c5c15","location":"pageInkDom.ts:resolvePageDomHit","message":"dom hit resolved","data":{"clientX":250.5,"clientY":353,"method":"rect","hitKind":null},"timestamp":1787933409618,"hypothesisId":"B","runId":"ipad-fix2"}
{"sessionId":"6c5c15","location":"pageInkDom.ts:resolvePageDomHit","message":"dom hit resolved","data":{"clientX":250.5,"clientY":353,"method":"rect","hitKind":null},"timestamp":1787933409619,"hypothesisId":"B","runId":"ipad-fix2"}
{"sessionId":"6c5c15","location":"pageInkDom.ts:resolvePageDomHit","message":"dom hit resolved","data":{"clientX":250.5,"clientY":354,"method":"rect","hitKind":null},"timestamp":1787933409627,"hypothesisId":"B","runId":"ipad-fix2"}
{"sessionId":"6c5c15","location":"pageInkDom.ts:resolvePageDomHit","message":"dom hit resolved","data":{"clientX":250.5,"clientY":354,"method":"rect","hitKind":null},"timestamp":1787933409627,"hypothesisId":"B","runId":"ipad-fix2"}
{"sessionId":"6c5c15","location":"pageInkDom.ts:resolvePageDomHit","message":"dom hit resolved","data":{"clientX":250,"clientY":354,"method":"rect","hitKind":null},"timestamp":1787933409635,"hypothesisId":"B","runId":"ipad-fix2"}
{"sessionId":"6c5c15","location":"pageInkDom.ts:resolvePageDomHit","message":"dom hit resolved","data":{"clientX":250,"clientY":354,"method":"rect","hitKind":null},"timestamp":1787933409635,"hypothesisId":"B","runId":"ipad-fix2"}
{"sessionId":"6c5c15","location":"pageInkDom.ts:resolvePageDomHit","message":"dom hit resolved","data":{"clientX":250,"clientY":354,"method":"rect","hitKind":null},"timestamp":1787933409643,"hypothesisId":"B","runId":"ipad-fix2"}
{"sessionId":"6c5c15","location":"pageInkDom.ts:resolvePageDomHit","message":"dom hit resolved","data":{"clientX":250,"clientY":354,"method":"rect","hitKind":null},"timestamp":1787933409651,"hypothesisId":"B","runId":"ipad-fix2"}
{"sessionId":"6c5c15","location":"pageInkDom.ts:resolvePageDomHit","message":"dom hit resolved","data":{"clientX":250,"clientY":354,"method":"rect","hitKind":null},"timestamp":1787933409660,"hypothesisId":"B","runId":"ipad-fix2"}
{"sessionId":"6c5c15","location":"pageInkDom.ts:resolvePageDomHit","message":"dom hit resolved","data":{"clientX":250.5,"clientY":353,"method":"rect","hitKind":null},"timestamp":1787933409668,"hypothesisId":"B","runId":"ipad-fix2"}
{"sessionId":"6c5c15","location":"pageInkDom.ts:resolvePageDomHit","message":"dom hit resolved","data":{"clientX":250.5,"clientY":353,"method":"rect","hitKind":null},"timestamp":1787933409669,"hypothesisId":"B","runId":"ipad-fix2"}
{"sessionId":"6c5c15","location":"pageInkDom.ts:resolvePageDomHit","message":"dom hit resolved","data":{"clientX":251.5,"clientY":350,"method":"rect","hitKind":null},"timestamp":1787933409676,"hypothesisId":"B","runId":"ipad-fix2"}
{"sessionId":"6c5c15","location":"pageInkDom.ts:resolvePageDomHit","message":"dom hit resolved","data":{"clientX":251.5,"clientY":350,"method":"rect","hitKind":null},"timestamp":1787933409677,"hypothesisId":"B","runId":"ipad-fix2"}
{"sessionId":"6c5c15","location":"useEditorController.tsx:textTapUp","message":"text tap up","data":{"pointerType":"pen","hasPending":false,"dist":6.324555320336759},"timestamp":1787933409685,"hypothesisId":"A,E","runId":"post-fix2"}
{"sessionId":"6c5c15","location":"pageInkDom.ts:resolvePageDomHit","message":"dom hit resolved","data":{"clientX":253,"clientY":348,"method":"rect","hitKind":null},"timestamp":1787933409685,"hypothesisId":"B","runId":"ipad-fix2"}
{"sessionId":"516081","runId":"post-fix","hypothesisId":"A,B,C,D","location":"gestures/index.ts:dispatch","message":"workspace pointer","data":{"phase":"up","pointerType":"pen","kind":"pencil","tool":"text","hitKind":"page","localX":0,"localY":0,"effectTypes":[],"isPrimary":true,"clientX":253,"clientY":348,"wrapCount":3,"nearest":[{"id":"b79c89c1-0922-4d8d-bae7-95238d32ff0d","w":23,"h":100,"l":495,"t":219,"r":518,"b":320,"inside":false},{"id":"b33a1f67-4108-4509-82bd-a5c9ccb050ed","w":23,"h":100,"l":495,"t":320,"r":518,"b":420,"inside":false},{"id":"0434644a-948c-429d-9b35-70326a337e62","w":23,"h":100,"l":495,"t":420,"r":518,"b":520,"inside":false}]},"timestamp":1787933409685}
{"sessionId":"6c5c15","location":"useEditorController.tsx:textTapDown","message":"global pointerdown","data":{"pointerType":"touch","tracked":true},"timestamp":1787933410474,"hypothesisId":"A","runId":"post-fix"}
{"sessionId":"6c5c15","location":"pageInkDom.ts:resolvePageDomHit","message":"dom hit resolved","data":{"clientX":684,"clientY":143.5,"method":"rect","hitKind":null},"timestamp":1787933410476,"hypothesisId":"B","runId":"ipad-fix2"}
{"sessionId":"516081","runId":"post-fix","hypothesisId":"A,B,C,D","location":"gestures/index.ts:dispatch","message":"workspace pointer","data":{"phase":"down","pointerType":"touch","kind":"finger","tool":"text","hitKind":"page","localX":799.1964494490023,"localY":0,"effectTypes":[],"isPrimary":true,"clientX":684,"clientY":143.5,"wrapCount":3,"nearest":[{"id":"b79c89c1-0922-4d8d-bae7-95238d32ff0d","w":23,"h":100,"l":495,"t":219,"r":518,"b":320,"inside":false},{"id":"b33a1f67-4108-4509-82bd-a5c9ccb050ed","w":23,"h":100,"l":495,"t":320,"r":518,"b":420,"inside":false},{"id":"0434644a-948c-429d-9b35-70326a337e62","w":23,"h":100,"l":495,"t":420,"r":518,"b":520,"inside":false}]},"timestamp":1787933410478}
{"sessionId":"6c5c15","location":"pageInkDom.ts:resolvePageDomHit","message":"dom hit resolved","data":{"clientX":679,"clientY":158,"method":"rect","hitKind":null},"timestamp":1787933410487,"hypothesisId":"B","runId":"ipad-fix2"}
{"sessionId":"6c5c15","location":"pageInkDom.ts:resolvePageDomHit","message":"dom hit resolved","data":{"clientX":679,"clientY":158,"method":"rect","hitKind":null},"timestamp":1787933410488,"hypothesisId":"B","runId":"ipad-fix2"}
{"sessionId":"6c5c15","location":"useEditorController.tsx:textTapDown","message":"global pointerdown","data":{"pointerType":"touch","tracked":true},"timestamp":1787933410495,"hypothesisId":"A","runId":"post-fix"}
{"sessionId":"6c5c15","location":"pageInkDom.ts:resolvePageDomHit","message":"dom hit resolved","data":{"clientX":587,"clientY":572,"method":"rect","hitKind":null},"timestamp":1787933410495,"hypothesisId":"B","runId":"ipad-fix2"}
{"sessionId":"516081","runId":"post-fix","hypothesisId":"A,B,C,D","location":"gestures/index.ts:dispatch","message":"workspace pointer","data":{"phase":"down","pointerType":"touch","kind":"finger","tool":"text","hitKind":"page","localX":0,"localY":0,"effectTypes":[],"isPrimary":false,"clientX":587,"clientY":572,"wrapCount":3,"nearest":[{"id":"b79c89c1-0922-4d8d-bae7-95238d32ff0d","w":23,"h":100,"l":490,"t":234,"r":513,"b":334,"inside":false},{"id":"b33a1f67-4108-4509-82bd-a5c9ccb050ed","w":23,"h":100,"l":490,"t":334,"r":513,"b":434,"inside":false},{"id":"0434644a-948c-429d-9b35-70326a337e62","w":23,"h":100,"l":490,"t":434,"r":513,"b":535,"inside":false}]},"timestamp":1787933410496}
{"sessionId":"6c5c15","location":"pageInkDom.ts:resolvePageDomHit","message":"dom hit resolved","data":{"clientX":676.5,"clientY":166,"method":"rect","hitKind":null},"timestamp":1787933410496,"hypothesisId":"B","runId":"ipad-fix2"}
{"sessionId":"6c5c15","location":"pageInkDom.ts:resolvePageDomHit","message":"dom hit resolved","data":{"clientX":673.5,"clientY":173.5,"method":"rect","hitKind":null},"timestamp":1787933410502,"hypothesisId":"B","runId":"ipad-fix2"}
{"sessionId":"6c5c15","location":"pageInkDom.ts:resolvePageDomHit","message":"dom hit resolved","data":{"clientX":587,"clientY":572,"method":"rect","hitKind":null},"timestamp":1787933410502,"hypothesisId":"B","runId":"ipad-fix2"}
{"sessionId":"6c5c15","location":"pageInkDom.ts:resolvePageDomHit","message":"dom hit resolved","data":{"clientX":671,"clientY":183,"method":"rect","hitKind":null},"timestamp":1787933410510,"hypothesisId":"B","runId":"ipad-fix2"}
{"sessionId":"6c5c15","location":"pageInkDom.ts:resolvePageDomHit","message":"dom hit resolved","data":{"clientX":668,"clientY":191.5,"method":"rect","hitKind":null},"timestamp":1787933410519,"hypothesisId":"B","runId":"ipad-fix2"}
{"sessionId":"6c5c15","location":"pageInkDom.ts:resolvePageDomHit","message":"dom hit resolved","data":{"clientX":592.5,"clientY":564.5,"method":"rect","hitKind":null},"timestamp":1787933410519,"hypothesisId":"B","runId":"ipad-fix2"}
{"sessionId":"6c5c15","location":"pageInkDom.ts:resolvePageDomHit","message":"dom hit resolved","data":{"clientX":664.5,"clientY":201.5,"method":"rect","hitKind":null},"timestamp":1787933410527,"hypothesisId":"B","runId":"ipad-fix2"}
{"sessionId":"6c5c15","location":"pageInkDom.ts:resolvePageDomHit","message":"dom hit resolved","data":{"clientX":595.5,"clientY":555,"method":"rect","hitKind":null},"timestamp":1787933410528,"hypothesisId":"B","runId":"ipad-fix2"}
{"sessionId":"6c5c15","location":"pageInkDom.ts:resolvePageDomHit","message":"dom hit resolved","data":{"clientX":661.5,"clientY":214.5,"method":"rect","hitKind":null},"timestamp":1787933410535,"hypothesisId":"B","runId":"ipad-fix2"}
{"sessionId":"6c5c15","location":"pageInkDom.ts:resolvePageDomHit","message":"dom hit resolved","data":{"clientX":601,"clientY":544,"method":"rect","hitKind":null},"timestamp":1787933410536,"hypothesisId":"B","runId":"ipad-fix2"}
{"sessionId":"6c5c15","location":"pageInkDom.ts:resolvePageDomHit","message":"dom hit resolved","data":{"clientX":660,"clientY":224,"method":"rect","hitKind":null},"timestamp":1787933410544,"hypothesisId":"B","runId":"ipad-fix2"}
{"sessionId":"6c5c15","location":"pageInkDom.ts:resolvePageDomHit","message":"dom hit resolved","data":{"clientX":606,"clientY":530.5,"method":"rect","hitKind":null},"timestamp":1787933410544,"hypothesisId":"B","runId":"ipad-fix2"}
{"sessionId":"6c5c15","location":"pageInkDom.ts:resolvePageDomHit","message":"dom hit resolved","data":{"clientX":657.5,"clientY":234,"method":"rect","hitKind":null},"timestamp":1787933410552,"hypothesisId":"B","runId":"ipad-fix2"}
{"sessionId":"6c5c15","location":"pageInkDom.ts:resolvePageDomHit","message":"dom hit resolved","data":{"clientX":611,"clientY":518,"method":"rect","hitKind":null},"timestamp":1787933410553,"hypothesisId":"B","runId":"ipad-fix2"}
{"sessionId":"6c5c15","location":"pageInkDom.ts:resolvePageDomHit","message":"dom hit resolved","data":{"clientX":655.5,"clientY":244,"method":"rect","hitKind":null},"timestamp":1787933410560,"hypothesisId":"B","runId":"ipad-fix2"}
{"sessionId":"6c5c15","location":"pageInkDom.ts:resolvePageDomHit","message":"dom hit resolved","data":{"clientX":616,"clientY":508.5,"method":"rect","hitKind":null},"timestamp":1787933410561,"hypothesisId":"B","runId":"ipad-fix2"}
{"sessionId":"6c5c15","location":"pageInkDom.ts:resolvePageDomHit","message":"dom hit resolved","data":{"clientX":653.5,"clientY":249.5,"method":"rect","hitKind":null},"timestamp":1787933410569,"hypothesisId":"B","runId":"ipad-fix2"}
{"sessionId":"6c5c15","location":"pageInkDom.ts:resolvePageDomHit","message":"dom hit resolved","data":{"clientX":619,"clientY":501.5,"method":"rect","hitKind":null},"timestamp":1787933410569,"hypothesisId":"B","runId":"ipad-fix2"}
{"sessionId":"6c5c15","location":"pageInkDom.ts:resolvePageDomHit","message":"dom hit resolved","data":{"clientX":651,"clientY":258.5,"method":"rect","hitKind":null},"timestamp":1787933410577,"hypothesisId":"B","runId":"ipad-fix2"}
{"sessionId":"6c5c15","location":"pageInkDom.ts:resolvePageDomHit","message":"dom hit resolved","data":{"clientX":622,"clientY":496,"method":"rect","hitKind":null},"timestamp":1787933410578,"hypothesisId":"B","runId":"ipad-fix2"}
{"sessionId":"6c5c15","location":"pageInkDom.ts:resolvePageDomHit","message":"dom hit resolved","data":{"clientX":648,"clientY":264,"method":"rect","hitKind":null},"timestamp":1787933410585,"hypothesisId":"B","runId":"ipad-fix2"}
{"sessionId":"6c5c15","location":"pageInkDom.ts:resolvePageDomHit","message":"dom hit resolved","data":{"clientX":624,"clientY":490.5,"method":"rect","hitKind":null},"timestamp":1787933410586,"hypothesisId":"B","runId":"ipad-fix2"}
{"sessionId":"6c5c15","location":"pageInkDom.ts:resolvePageDomHit","message":"dom hit resolved","data":{"clientX":646,"clientY":270.5,"method":"rect","hitKind":null},"timestamp":1787933410594,"hypothesisId":"B","runId":"ipad-fix2"}
{"sessionId":"6c5c15","location":"pageInkDom.ts:resolvePageDomHit","message":"dom hit resolved","data":{"clientX":625.5,"clientY":487,"method":"rect","hitKind":null},"timestamp":1787933410594,"hypothesisId":"B","runId":"ipad-fix2"}
{"sessionId":"6c5c15","location":"pageInkDom.ts:resolvePageDomHit","message":"dom hit resolved","data":{"clientX":644,"clientY":274,"method":"rect","hitKind":null},"timestamp":1787933410602,"hypothesisId":"B","runId":"ipad-fix2"}
{"sessionId":"6c5c15","location":"pageInkDom.ts:resolvePageDomHit","message":"dom hit resolved","data":{"clientX":626.5,"clientY":484.5,"method":"rect","hitKind":null},"timestamp":1787933410603,"hypothesisId":"B","runId":"ipad-fix2"}
{"sessionId":"6c5c15","location":"pageInkDom.ts:resolvePageDomHit","message":"dom hit resolved","data":{"clientX":642.5,"clientY":279,"method":"rect","hitKind":null},"timestamp":1787933410610,"hypothesisId":"B","runId":"ipad-fix2"}
{"sessionId":"6c5c15","location":"pageInkDom.ts:resolvePageDomHit","message":"dom hit resolved","data":{"clientX":628,"clientY":483,"method":"rect","hitKind":null},"timestamp":1787933410611,"hypothesisId":"B","runId":"ipad-fix2"}
{"sessionId":"6c5c15","location":"pageInkDom.ts:resolvePageDomHit","message":"dom hit resolved","data":{"clientX":641.5,"clientY":282.5,"method":"rect","hitKind":null},"timestamp":1787933410619,"hypothesisId":"B","runId":"ipad-fix2"}
{"sessionId":"6c5c15","location":"pageInkDom.ts:resolvePageDomHit","message":"dom hit resolved","data":{"clientX":628.5,"clientY":482,"method":"rect","hitKind":null},"timestamp":1787933410620,"hypothesisId":"B","runId":"ipad-fix2"}
{"sessionId":"6c5c15","location":"pageInkDom.ts:resolvePageDomHit","message":"dom hit resolved","data":{"clientX":641,"clientY":285.5,"method":"rect","hitKind":null},"timestamp":1787933410627,"hypothesisId":"B","runId":"ipad-fix2"}
{"sessionId":"6c5c15","location":"pageInkDom.ts:resolvePageDomHit","message":"dom hit resolved","data":{"clientX":629.5,"clientY":481.5,"method":"rect","hitKind":null},"timestamp":1787933410628,"hypothesisId":"B","runId":"ipad-fix2"}
{"sessionId":"6c5c15","location":"pageInkDom.ts:resolvePageDomHit","message":"dom hit resolved","data":{"clientX":640.5,"clientY":288,"method":"rect","hitKind":null},"timestamp":1787933410635,"hypothesisId":"B","runId":"ipad-fix2"}
{"sessionId":"6c5c15","location":"pageInkDom.ts:resolvePageDomHit","message":"dom hit resolved","data":{"clientX":630,"clientY":480.5,"method":"rect","hitKind":null},"timestamp":1787933410636,"hypothesisId":"B","runId":"ipad-fix2"}
{"sessionId":"6c5c15","location":"pageInkDom.ts:resolvePageDomHit","message":"dom hit resolved","data":{"clientX":640.5,"clientY":290.5,"method":"rect","hitKind":null},"timestamp":1787933410644,"hypothesisId":"B","runId":"ipad-fix2"}
{"sessionId":"6c5c15","location":"pageInkDom.ts:resolvePageDomHit","message":"dom hit resolved","data":{"clientX":631,"clientY":479.5,"method":"rect","hitKind":null},"timestamp":1787933410644,"hypothesisId":"B","runId":"ipad-fix2"}
{"sessionId":"6c5c15","location":"pageInkDom.ts:resolvePageDomHit","message":"dom hit resolved","data":{"clientX":640.5,"clientY":292.5,"method":"rect","hitKind":null},"timestamp":1787933410652,"hypothesisId":"B","runId":"ipad-fix2"}
{"sessionId":"6c5c15","location":"pageInkDom.ts:resolvePageDomHit","message":"dom hit resolved","data":{"clientX":632.5,"clientY":478.5,"method":"rect","hitKind":null},"timestamp":1787933410653,"hypothesisId":"B","runId":"ipad-fix2"}
{"sessionId":"6c5c15","location":"pageInkDom.ts:resolvePageDomHit","message":"dom hit resolved","data":{"clientX":640.5,"clientY":294.5,"method":"rect","hitKind":null},"timestamp":1787933410660,"hypothesisId":"B","runId":"ipad-fix2"}
{"sessionId":"6c5c15","location":"pageInkDom.ts:resolvePageDomHit","message":"dom hit resolved","data":{"clientX":633.5,"clientY":477,"method":"rect","hitKind":null},"timestamp":1787933410661,"hypothesisId":"B","runId":"ipad-fix2"}
{"sessionId":"6c5c15","location":"pageInkDom.ts:resolvePageDomHit","message":"dom hit resolved","data":{"clientX":640.5,"clientY":296,"method":"rect","hitKind":null},"timestamp":1787933410669,"hypothesisId":"B","runId":"ipad-fix2"}
{"sessionId":"6c5c15","location":"pageInkDom.ts:resolvePageDomHit","message":"dom hit resolved","data":{"clientX":634.5,"clientY":475,"method":"rect","hitKind":null},"timestamp":1787933410669,"hypothesisId":"B","runId":"ipad-fix2"}
{"sessionId":"6c5c15","location":"pageInkDom.ts:resolvePageDomHit","message":"dom hit resolved","data":{"clientX":640.5,"clientY":297,"method":"rect","hitKind":null},"timestamp":1787933410677,"hypothesisId":"B","runId":"ipad-fix2"}
{"sessionId":"6c5c15","location":"pageInkDom.ts:resolvePageDomHit","message":"dom hit resolved","data":{"clientX":635,"clientY":474,"method":"rect","hitKind":null},"timestamp":1787933410678,"hypothesisId":"B","runId":"ipad-fix2"}
{"sessionId":"6c5c15","location":"pageInkDom.ts:resolvePageDomHit","message":"dom hit resolved","data":{"clientX":640.5,"clientY":298,"method":"rect","hitKind":null},"timestamp":1787933410685,"hypothesisId":"B","runId":"ipad-fix2"}
{"sessionId":"6c5c15","location":"pageInkDom.ts:resolvePageDomHit","message":"dom hit resolved","data":{"clientX":635.5,"clientY":472.5,"method":"rect","hitKind":null},"timestamp":1787933410686,"hypothesisId":"B","runId":"ipad-fix2"}
{"sessionId":"6c5c15","location":"pageInkDom.ts:resolvePageDomHit","message":"dom hit resolved","data":{"clientX":640.5,"clientY":299,"method":"rect","hitKind":null},"timestamp":1787933410694,"hypothesisId":"B","runId":"ipad-fix2"}
{"sessionId":"6c5c15","location":"pageInkDom.ts:resolvePageDomHit","message":"dom hit resolved","data":{"clientX":636,"clientY":471.5,"method":"rect","hitKind":null},"timestamp":1787933410694,"hypothesisId":"B","runId":"ipad-fix2"}
{"sessionId":"6c5c15","location":"pageInkDom.ts:resolvePageDomHit","message":"dom hit resolved","data":{"clientX":636,"clientY":470,"method":"rect","hitKind":null},"timestamp":1787933410702,"hypothesisId":"B","runId":"ipad-fix2"}
{"sessionId":"6c5c15","location":"pageInkDom.ts:resolvePageDomHit","message":"dom hit resolved","data":{"clientX":640,"clientY":299.5,"method":"rect","hitKind":null},"timestamp":1787933410710,"hypothesisId":"B","runId":"ipad-fix2"}
{"sessionId":"6c5c15","location":"pageInkDom.ts:resolvePageDomHit","message":"dom hit resolved","data":{"clientX":636.5,"clientY":469.5,"method":"rect","hitKind":null},"timestamp":1787933410711,"hypothesisId":"B","runId":"ipad-fix2"}
{"sessionId":"6c5c15","location":"pageInkDom.ts:resolvePageDomHit","message":"dom hit resolved","data":{"clientX":639.5,"clientY":300.5,"method":"rect","hitKind":null},"timestamp":1787933410719,"hypothesisId":"B","runId":"ipad-fix2"}
{"sessionId":"6c5c15","location":"pageInkDom.ts:resolvePageDomHit","message":"dom hit resolved","data":{"clientX":636.5,"clientY":468,"method":"rect","hitKind":null},"timestamp":1787933410719,"hypothesisId":"B","runId":"ipad-fix2"}
{"sessionId":"6c5c15","location":"pageInkDom.ts:resolvePageDomHit","message":"dom hit resolved","data":{"clientX":637.5,"clientY":304,"method":"rect","hitKind":null},"timestamp":1787933410727,"hypothesisId":"B","runId":"ipad-fix2"}
{"sessionId":"6c5c15","location":"pageInkDom.ts:resolvePageDomHit","message":"dom hit resolved","data":{"clientX":637.5,"clientY":466.5,"method":"rect","hitKind":null},"timestamp":1787933410728,"hypothesisId":"B","runId":"ipad-fix2"}
{"sessionId":"6c5c15","location":"pageInkDom.ts:resolvePageDomHit","message":"dom hit resolved","data":{"clientX":635,"clientY":310.5,"method":"rect","hitKind":null},"timestamp":1787933410736,"hypothesisId":"B","runId":"ipad-fix2"}
{"sessionId":"6c5c15","location":"pageInkDom.ts:resolvePageDomHit","message":"dom hit resolved","data":{"clientX":639,"clientY":464,"method":"rect","hitKind":null},"timestamp":1787933410736,"hypothesisId":"B","runId":"ipad-fix2"}
{"sessionId":"6c5c15","location":"pageInkDom.ts:resolvePageDomHit","message":"dom hit resolved","data":{"clientX":632.5,"clientY":316.5,"method":"rect","hitKind":null},"timestamp":1787933410744,"hypothesisId":"B","runId":"ipad-fix2"}
{"sessionId":"6c5c15","location":"pageInkDom.ts:resolvePageDomHit","message":"dom hit resolved","data":{"clientX":642.5,"clientY":461,"method":"rect","hitKind":null},"timestamp":1787933410745,"hypothesisId":"B","runId":"ipad-fix2"}
{"sessionId":"6c5c15","location":"pageInkDom.ts:resolvePageDomHit","message":"dom hit resolved","data":{"clientX":631,"clientY":321.5,"method":"rect","hitKind":null},"timestamp":1787933410752,"hypothesisId":"B","runId":"ipad-fix2"}
{"sessionId":"6c5c15","location":"pageInkDom.ts:resolvePageDomHit","message":"dom hit resolved","data":{"clientX":645,"clientY":458,"method":"rect","hitKind":null},"timestamp":1787933410753,"hypothesisId":"B","runId":"ipad-fix2"}
{"sessionId":"6c5c15","location":"pageInkDom.ts:resolvePageDomHit","message":"dom hit resolved","data":{"clientX":630,"clientY":328,"method":"rect","hitKind":null},"timestamp":1787933410760,"hypothesisId":"B","runId":"ipad-fix2"}
{"sessionId":"6c5c15","location":"pageInkDom.ts:resolvePageDomHit","message":"dom hit resolved","data":{"clientX":648,"clientY":455,"method":"rect","hitKind":null},"timestamp":1787933410761,"hypothesisId":"B","runId":"ipad-fix2"}
{"sessionId":"6c5c15","location":"pageInkDom.ts:resolvePageDomHit","message":"dom hit resolved","data":{"clientX":628,"clientY":333,"method":"rect","hitKind":null},"timestamp":1787933410769,"hypothesisId":"B","runId":"ipad-fix2"}
{"sessionId":"6c5c15","location":"pageInkDom.ts:resolvePageDomHit","message":"dom hit resolved","data":{"clientX":650.5,"clientY":452.5,"method":"rect","hitKind":null},"timestamp":1787933410769,"hypothesisId":"B","runId":"ipad-fix2"}
{"sessionId":"6c5c15","location":"pageInkDom.ts:resolvePageDomHit","message":"dom hit resolved","data":{"clientX":627,"clientY":338.5,"method":"rect","hitKind":null},"timestamp":1787933410777,"hypothesisId":"B","runId":"ipad-fix2"}
{"sessionId":"6c5c15","location":"pageInkDom.ts:resolvePageDomHit","message":"dom hit resolved","data":{"clientX":653.5,"clientY":450,"method":"rect","hitKind":null},"timestamp":1787933410778,"hypothesisId":"B","runId":"ipad-fix2"}
{"sessionId":"6c5c15","location":"pageInkDom.ts:resolvePageDomHit","message":"dom hit resolved","data":{"clientX":626,"clientY":342,"method":"rect","hitKind":null},"timestamp":1787933410785,"hypothesisId":"B","runId":"ipad-fix2"}
{"sessionId":"6c5c15","location":"pageInkDom.ts:resolvePageDomHit","message":"dom hit resolved","data":{"clientX":655,"clientY":447.5,"method":"rect","hitKind":null},"timestamp":1787933410786,"hypothesisId":"B","runId":"ipad-fix2"}
{"sessionId":"6c5c15","location":"pageInkDom.ts:resolvePageDomHit","message":"dom hit resolved","data":{"clientX":625.5,"clientY":344.5,"method":"rect","hitKind":null},"timestamp":1787933410794,"hypothesisId":"B","runId":"ipad-fix2"}
{"sessionId":"6c5c15","location":"pageInkDom.ts:resolvePageDomHit","message":"dom hit resolved","data":{"clientX":657,"clientY":446.5,"method":"rect","hitKind":null},"timestamp":1787933410794,"hypothesisId":"B","runId":"ipad-fix2"}
{"sessionId":"6c5c15","location":"pageInkDom.ts:resolvePageDomHit","message":"dom hit resolved","data":{"clientX":625,"clientY":345.5,"method":"rect","hitKind":null},"timestamp":1787933410802,"hypothesisId":"B","runId":"ipad-fix2"}
{"sessionId":"6c5c15","location":"pageInkDom.ts:resolvePageDomHit","message":"dom hit resolved","data":{"clientX":657,"clientY":445.5,"method":"rect","hitKind":"pageNumber","pageId":"659a0bdc-e5fa-41f1-abb7-fa7b08704685"},"timestamp":1787933410803,"hypothesisId":"B","runId":"ipad-fix2"}
{"sessionId":"6c5c15","location":"pageInkDom.ts:resolvePageDomHit","message":"dom hit resolved","data":{"clientX":623.5,"clientY":346,"method":"rect","hitKind":null},"timestamp":1787933410811,"hypothesisId":"B","runId":"ipad-fix2"}
{"sessionId":"6c5c15","location":"pageInkDom.ts:resolvePageDomHit","message":"dom hit resolved","data":{"clientX":657,"clientY":445,"method":"rect","hitKind":"pageNumber","pageId":"659a0bdc-e5fa-41f1-abb7-fa7b08704685"},"timestamp":1787933410811,"hypothesisId":"B","runId":"ipad-fix2"}
{"sessionId":"6c5c15","location":"pageInkDom.ts:resolvePageDomHit","message":"dom hit resolved","data":{"clientX":623,"clientY":346,"method":"rect","hitKind":null},"timestamp":1787933410819,"hypothesisId":"B","runId":"ipad-fix2"}
{"sessionId":"6c5c15","location":"pageInkDom.ts:resolvePageDomHit","message":"dom hit resolved","data":{"clientX":657,"clientY":444.5,"method":"rect","hitKind":"pageNumber","pageId":"659a0bdc-e5fa-41f1-abb7-fa7b08704685"},"timestamp":1787933410820,"hypothesisId":"B","runId":"ipad-fix2"}
{"sessionId":"6c5c15","location":"pageInkDom.ts:resolvePageDomHit","message":"dom hit resolved","data":{"clientX":622,"clientY":346,"method":"rect","hitKind":null},"timestamp":1787933410827,"hypothesisId":"B","runId":"ipad-fix2"}
{"sessionId":"6c5c15","location":"pageInkDom.ts:resolvePageDomHit","message":"dom hit resolved","data":{"clientX":621,"clientY":346,"method":"rect","hitKind":null},"timestamp":1787933410836,"hypothesisId":"B","runId":"ipad-fix2"}
{"sessionId":"6c5c15","location":"pageInkDom.ts:resolvePageDomHit","message":"dom hit resolved","data":{"clientX":620.5,"clientY":345.5,"method":"rect","hitKind":null},"timestamp":1787933410861,"hypothesisId":"B","runId":"ipad-fix2"}
{"sessionId":"6c5c15","location":"pageInkDom.ts:resolvePageDomHit","message":"dom hit resolved","data":{"clientX":620.5,"clientY":345,"method":"rect","hitKind":null},"timestamp":1787933410877,"hypothesisId":"B","runId":"ipad-fix2"}
{"sessionId":"6c5c15","location":"pageInkDom.ts:resolvePageDomHit","message":"dom hit resolved","data":{"clientX":657,"clientY":444,"method":"rect","hitKind":null},"timestamp":1787933410878,"hypothesisId":"B","runId":"ipad-fix2"}
{"sessionId":"6c5c15","location":"pageInkDom.ts:resolvePageDomHit","message":"dom hit resolved","data":{"clientX":620.5,"clientY":344.5,"method":"rect","hitKind":null},"timestamp":1787933410886,"hypothesisId":"B","runId":"ipad-fix2"}
{"sessionId":"6c5c15","location":"pageInkDom.ts:resolvePageDomHit","message":"dom hit resolved","data":{"clientX":657,"clientY":443.5,"method":"rect","hitKind":null},"timestamp":1787933410894,"hypothesisId":"B","runId":"ipad-fix2"}
{"sessionId":"6c5c15","location":"pageInkDom.ts:resolvePageDomHit","message":"dom hit resolved","data":{"clientX":657,"clientY":443,"method":"rect","hitKind":null},"timestamp":1787933410902,"hypothesisId":"B","runId":"ipad-fix2"}
{"sessionId":"6c5c15","location":"pageInkDom.ts:resolvePageDomHit","message":"dom hit resolved","data":{"clientX":657,"clientY":442,"method":"rect","hitKind":null},"timestamp":1787933410910,"hypothesisId":"B","runId":"ipad-fix2"}
{"sessionId":"6c5c15","location":"pageInkDom.ts:resolvePageDomHit","message":"dom hit resolved","data":{"clientX":657,"clientY":440.5,"method":"rect","hitKind":null},"timestamp":1787933410919,"hypothesisId":"B","runId":"ipad-fix2"}
{"sessionId":"6c5c15","location":"pageInkDom.ts:resolvePageDomHit","message":"dom hit resolved","data":{"clientX":657.5,"clientY":440.5,"method":"rect","hitKind":null},"timestamp":1787933410927,"hypothesisId":"B","runId":"ipad-fix2"}
{"sessionId":"6c5c15","location":"pageInkDom.ts:resolvePageDomHit","message":"dom hit resolved","data":{"clientX":657.5,"clientY":439,"method":"rect","hitKind":null},"timestamp":1787933410936,"hypothesisId":"B","runId":"ipad-fix2"}
{"sessionId":"6c5c15","location":"useEditorController.tsx:textTapUp","message":"text tap up","data":{"pointerType":"touch","hasPending":false,"dist":153.91312484645357},"timestamp":1787933410944,"hypothesisId":"A,E","runId":"post-fix2"}
{"sessionId":"6c5c15","location":"pageInkDom.ts:resolvePageDomHit","message":"dom hit resolved","data":{"clientX":660,"clientY":436.5,"method":"rect","hitKind":null},"timestamp":1787933410944,"hypothesisId":"B","runId":"ipad-fix2"}
{"sessionId":"516081","runId":"post-fix","hypothesisId":"A,B,C,D","location":"gestures/index.ts:dispatch","message":"workspace pointer","data":{"phase":"up","pointerType":"touch","kind":"finger","tool":"text","hitKind":"page","localX":0,"localY":0,"effectTypes":[],"isPrimary":false,"clientX":660,"clientY":436.5,"wrapCount":3,"nearest":[{"id":"b79c89c1-0922-4d8d-bae7-95238d32ff0d","w":5,"h":23,"l":603,"t":351,"r":608,"b":374,"inside":false},{"id":"b33a1f67-4108-4509-82bd-a5c9ccb050ed","w":5,"h":23,"l":603,"t":374,"r":608,"b":397,"inside":false},{"id":"0434644a-948c-429d-9b35-70326a337e62","w":5,"h":23,"l":603,"t":397,"r":608,"b":420,"inside":false}]},"timestamp":1787933410945}
{"sessionId":"6c5c15","location":"pageInkDom.ts:resolvePageDomHit","message":"dom hit resolved","data":{"clientX":620.5,"clientY":345.5,"method":"rect","hitKind":null},"timestamp":1787933410945,"hypothesisId":"B","runId":"ipad-fix2"}
{"sessionId":"6c5c15","location":"pageInkDom.ts:resolvePageDomHit","message":"dom hit resolved","data":{"clientX":620,"clientY":347.5,"method":"rect","hitKind":null},"timestamp":1787933410952,"hypothesisId":"B","runId":"ipad-fix2"}
{"sessionId":"516081","runId":"post-fix","hypothesisId":"A,B,C,D","location":"gestures/index.ts:dispatch","message":"workspace pointer","data":{"phase":"up","pointerType":"touch","kind":"finger","tool":"text","hitKind":"page","localX":310.31330691146195,"localY":0,"effectTypes":[],"isPrimary":true,"clientX":620,"clientY":347.5,"wrapCount":3,"nearest":[{"id":"b79c89c1-0922-4d8d-bae7-95238d32ff0d","w":5,"h":23,"l":603,"t":352,"r":608,"b":375,"inside":false},{"id":"b33a1f67-4108-4509-82bd-a5c9ccb050ed","w":5,"h":23,"l":603,"t":375,"r":608,"b":398,"inside":false},{"id":"0434644a-948c-429d-9b35-70326a337e62","w":5,"h":23,"l":603,"t":398,"r":608,"b":421,"inside":false}]},"timestamp":1787933410953}
{"sessionId":"6c5c15","location":"useEditorController.tsx:textTapDown","message":"global pointerdown","data":{"pointerType":"pen","tracked":true},"timestamp":1787933411474,"hypothesisId":"A","runId":"post-fix"}
{"sessionId":"6c5c15","location":"pageInkDom.ts:resolvePageDomHit","message":"dom hit resolved","data":{"clientX":611,"clientY":276.5,"method":"rect","hitKind":null},"timestamp":1787933411474,"hypothesisId":"B","runId":"ipad-fix2"}
{"sessionId":"516081","runId":"post-fix","hypothesisId":"A,B,C,D","location":"gestures/index.ts:dispatch","message":"workspace pointer","data":{"phase":"down","pointerType":"pen","kind":"pencil","tool":"text","hitKind":"page","localX":145.27150094743382,"localY":0,"effectTypes":[],"isPrimary":true,"clientX":611,"clientY":276.5,"wrapCount":3,"nearest":[{"id":"b79c89c1-0922-4d8d-bae7-95238d32ff0d","w":5,"h":23,"l":603,"t":352,"r":608,"b":375,"inside":false},{"id":"b33a1f67-4108-4509-82bd-a5c9ccb050ed","w":5,"h":23,"l":603,"t":375,"r":608,"b":398,"inside":false},{"id":"0434644a-948c-429d-9b35-70326a337e62","w":5,"h":23,"l":603,"t":398,"r":608,"b":421,"inside":false}]},"timestamp":1787933411474}
{"sessionId":"6c5c15","location":"pageInkDom.ts:resolvePageDomHit","message":"dom hit resolved","data":{"clientX":610,"clientY":277.5,"method":"rect","hitKind":null},"timestamp":1787933411482,"hypothesisId":"B","runId":"ipad-fix2"}
{"sessionId":"6c5c15","location":"pageInkDom.ts:resolvePageDomHit","message":"dom hit resolved","data":{"clientX":608,"clientY":278,"method":"rect","hitKind":null},"timestamp":1787933411486,"hypothesisId":"B","runId":"ipad-fix2"}
{"sessionId":"6c5c15","location":"pageInkDom.ts:resolvePageDomHit","message":"dom hit resolved","data":{"clientX":608.5,"clientY":278,"method":"rect","hitKind":null},"timestamp":1787933411502,"hypothesisId":"B","runId":"ipad-fix2"}
{"sessionId":"6c5c15","location":"pageInkDom.ts:resolvePageDomHit","message":"dom hit resolved","data":{"clientX":608.5,"clientY":278,"method":"rect","hitKind":null},"timestamp":1787933411503,"hypothesisId":"B","runId":"ipad-fix2"}
{"sessionId":"6c5c15","location":"pageInkDom.ts:resolvePageDomHit","message":"dom hit resolved","data":{"clientX":609.5,"clientY":278,"method":"rect","hitKind":null},"timestamp":1787933411511,"hypothesisId":"B","runId":"ipad-fix2"}
{"sessionId":"6c5c15","location":"pageInkDom.ts:resolvePageDomHit","message":"dom hit resolved","data":{"clientX":609.5,"clientY":278,"method":"rect","hitKind":null},"timestamp":1787933411511,"hypothesisId":"B","runId":"ipad-fix2"}
{"sessionId":"6c5c15","location":"pageInkDom.ts:resolvePageDomHit","message":"dom hit resolved","data":{"clientX":610,"clientY":277.5,"method":"rect","hitKind":null},"timestamp":1787933411519,"hypothesisId":"B","runId":"ipad-fix2"}
{"sessionId":"6c5c15","location":"pageInkDom.ts:resolvePageDomHit","message":"dom hit resolved","data":{"clientX":610,"clientY":277.5,"method":"rect","hitKind":null},"timestamp":1787933411520,"hypothesisId":"B","runId":"ipad-fix2"}
{"sessionId":"6c5c15","location":"pageInkDom.ts:resolvePageDomHit","message":"dom hit resolved","data":{"clientX":611,"clientY":276.5,"method":"rect","hitKind":null},"timestamp":1787933411527,"hypothesisId":"B","runId":"ipad-fix2"}
{"sessionId":"6c5c15","location":"pageInkDom.ts:resolvePageDomHit","message":"dom hit resolved","data":{"clientX":611,"clientY":276.5,"method":"rect","hitKind":null},"timestamp":1787933411528,"hypothesisId":"B","runId":"ipad-fix2"}
{"sessionId":"6c5c15","location":"pageInkDom.ts:resolvePageDomHit","message":"dom hit resolved","data":{"clientX":612,"clientY":275,"method":"rect","hitKind":null},"timestamp":1787933411536,"hypothesisId":"B","runId":"ipad-fix2"}
{"sessionId":"6c5c15","location":"pageInkDom.ts:resolvePageDomHit","message":"dom hit resolved","data":{"clientX":612,"clientY":275,"method":"rect","hitKind":null},"timestamp":1787933411536,"hypothesisId":"B","runId":"ipad-fix2"}
{"sessionId":"6c5c15","location":"useEditorController.tsx:textTapUp","message":"text tap up","data":{"pointerType":"pen","hasPending":false,"dist":2.5},"timestamp":1787933411544,"hypothesisId":"A,E","runId":"post-fix2"}
{"sessionId":"6c5c15","location":"pageInkDom.ts:resolvePageDomHit","message":"dom hit resolved","data":{"clientX":612.5,"clientY":274.5,"method":"rect","hitKind":null},"timestamp":1787933411545,"hypothesisId":"B","runId":"ipad-fix2"}
{"sessionId":"516081","runId":"post-fix","hypothesisId":"A,B,C,D","location":"gestures/index.ts:dispatch","message":"workspace pointer","data":{"phase":"up","pointerType":"pen","kind":"pencil","tool":"text","hitKind":"page","localX":172.77846860810467,"localY":0,"effectTypes":[],"isPrimary":true,"clientX":612.5,"clientY":274.5,"wrapCount":3,"nearest":[{"id":"b79c89c1-0922-4d8d-bae7-95238d32ff0d","w":5,"h":23,"l":603,"t":352,"r":608,"b":375,"inside":false},{"id":"b33a1f67-4108-4509-82bd-a5c9ccb050ed","w":5,"h":23,"l":603,"t":375,"r":608,"b":398,"inside":false},{"id":"0434644a-948c-429d-9b35-70326a337e62","w":5,"h":23,"l":603,"t":398,"r":608,"b":421,"inside":false}]},"timestamp":1787933411545}
{"sessionId":"6c5c15","location":"useEditorController.tsx:textTapDown","message":"global pointerdown","data":{"pointerType":"pen","tracked":true},"timestamp":1787933412067,"hypothesisId":"A","runId":"post-fix"}
{"sessionId":"516081","runId":"post-fix","hypothesisId":"A,B,C,D","location":"gestures/index.ts:dispatch","message":"workspace pointer","data":{"phase":"down","pointerType":"pen","kind":"pencil","tool":"text","hitKind":"page","localX":0,"localY":0,"effectTypes":[],"isPrimary":true,"clientX":583.5,"clientY":379.5,"wrapCount":3,"nearest":[{"id":"b79c89c1-0922-4d8d-bae7-95238d32ff0d","w":5,"h":23,"l":603,"t":352,"r":608,"b":375,"inside":false},{"id":"b33a1f67-4108-4509-82bd-a5c9ccb050ed","w":5,"h":23,"l":603,"t":375,"r":608,"b":398,"inside":false},{"id":"0434644a-948c-429d-9b35-70326a337e62","w":5,"h":23,"l":603,"t":398,"r":608,"b":421,"inside":false}]},"timestamp":1787933412071}
{"sessionId":"6c5c15","location":"pageInkDom.ts:resolvePageDomHit","message":"dom hit resolved","data":{"clientX":583.5,"clientY":379.5,"method":"rect","hitKind":null},"timestamp":1787933412070,"hypothesisId":"B","runId":"ipad-fix2"}
{"sessionId":"6c5c15","location":"pageInkDom.ts:resolvePageDomHit","message":"dom hit resolved","data":{"clientX":582,"clientY":380,"method":"rect","hitKind":null},"timestamp":1787933412083,"hypothesisId":"B","runId":"ipad-fix2"}
{"sessionId":"6c5c15","location":"pageInkDom.ts:resolvePageDomHit","message":"dom hit resolved","data":{"clientX":581,"clientY":381,"method":"rect","hitKind":null},"timestamp":1787933412086,"hypothesisId":"B","runId":"ipad-fix2"}
{"sessionId":"6c5c15","location":"pageInkDom.ts:resolvePageDomHit","message":"dom hit resolved","data":{"clientX":581,"clientY":381,"method":"rect","hitKind":null},"timestamp":1787933412087,"hypothesisId":"B","runId":"ipad-fix2"}
{"sessionId":"6c5c15","location":"pageInkDom.ts:resolvePageDomHit","message":"dom hit resolved","data":{"clientX":581,"clientY":381,"method":"rect","hitKind":null},"timestamp":1787933412095,"hypothesisId":"B","runId":"ipad-fix2"}
{"sessionId":"6c5c15","location":"pageInkDom.ts:resolvePageDomHit","message":"dom hit resolved","data":{"clientX":581,"clientY":381,"method":"rect","hitKind":null},"timestamp":1787933412103,"hypothesisId":"B","runId":"ipad-fix2"}
{"sessionId":"6c5c15","location":"pageInkDom.ts:resolvePageDomHit","message":"dom hit resolved","data":{"clientX":581,"clientY":381,"method":"rect","hitKind":null},"timestamp":1787933412111,"hypothesisId":"B","runId":"ipad-fix2"}
{"sessionId":"6c5c15","location":"pageInkDom.ts:resolvePageDomHit","message":"dom hit resolved","data":{"clientX":581,"clientY":381,"method":"rect","hitKind":null},"timestamp":1787933412119,"hypothesisId":"B","runId":"ipad-fix2"}
{"sessionId":"6c5c15","location":"useEditorController.tsx:textTapUp","message":"text tap up","data":{"pointerType":"pen","hasPending":false,"dist":3.3541019662496847},"timestamp":1787933412120,"hypothesisId":"A,E","runId":"post-fix2"}
{"sessionId":"6c5c15","location":"pageInkDom.ts:resolvePageDomHit","message":"dom hit resolved","data":{"clientX":580.5,"clientY":381,"method":"rect","hitKind":null},"timestamp":1787933412120,"hypothesisId":"B","runId":"ipad-fix2"}
{"sessionId":"516081","runId":"post-fix","hypothesisId":"A,B,C,D","location":"gestures/index.ts:dispatch","message":"workspace pointer","data":{"phase":"up","pointerType":"pen","kind":"pencil","tool":"text","hitKind":"page","localX":0,"localY":0,"effectTypes":[],"isPrimary":true,"clientX":580.5,"clientY":381,"wrapCount":3,"nearest":[{"id":"b79c89c1-0922-4d8d-bae7-95238d32ff0d","w":5,"h":23,"l":603,"t":352,"r":608,"b":375,"inside":false},{"id":"b33a1f67-4108-4509-82bd-a5c9ccb050ed","w":5,"h":23,"l":603,"t":375,"r":608,"b":398,"inside":false},{"id":"0434644a-948c-429d-9b35-70326a337e62","w":5,"h":23,"l":603,"t":398,"r":608,"b":421,"inside":false}]},"timestamp":1787933412120}
{"sessionId":"6c5c15","location":"useEditorController.tsx:textTapDown","message":"global pointerdown","data":{"pointerType":"pen","tracked":true},"timestamp":1787933412480,"hypothesisId":"A","runId":"post-fix"}
{"sessionId":"516081","runId":"post-fix","hypothesisId":"A,B,C,D","location":"gestures/index.ts:dispatch","message":"workspace pointer","data":{"phase":"down","pointerType":"pen","kind":"pencil","tool":"text","hitKind":"page","localX":0,"localY":0,"effectTypes":[],"isPrimary":true,"clientX":566.5,"clientY":393.5,"wrapCount":3,"nearest":[{"id":"b79c89c1-0922-4d8d-bae7-95238d32ff0d","w":5,"h":23,"l":603,"t":352,"r":608,"b":375,"inside":false},{"id":"b33a1f67-4108-4509-82bd-a5c9ccb050ed","w":5,"h":23,"l":603,"t":375,"r":608,"b":398,"inside":false},{"id":"0434644a-948c-429d-9b35-70326a337e62","w":5,"h":23,"l":603,"t":398,"r":608,"b":421,"inside":false}]},"timestamp":1787933412481}
{"sessionId":"6c5c15","location":"pageInkDom.ts:resolvePageDomHit","message":"dom hit resolved","data":{"clientX":566.5,"clientY":393.5,"method":"rect","hitKind":null},"timestamp":1787933412481,"hypothesisId":"B","runId":"ipad-fix2"}
{"sessionId":"6c5c15","location":"pageInkDom.ts:resolvePageDomHit","message":"dom hit resolved","data":{"clientX":565.5,"clientY":394.5,"method":"rect","hitKind":null},"timestamp":1787933412489,"hypothesisId":"B","runId":"ipad-fix2"}
{"sessionId":"6c5c15","location":"pageInkDom.ts:resolvePageDomHit","message":"dom hit resolved","data":{"clientX":565,"clientY":395,"method":"rect","hitKind":null},"timestamp":1787933412495,"hypothesisId":"B","runId":"ipad-fix2"}
{"sessionId":"6c5c15","location":"pageInkDom.ts:resolvePageDomHit","message":"dom hit resolved","data":{"clientX":564.5,"clientY":395.5,"method":"rect","hitKind":null},"timestamp":1787933412503,"hypothesisId":"B","runId":"ipad-fix2"}
{"sessionId":"6c5c15","location":"pageInkDom.ts:resolvePageDomHit","message":"dom hit resolved","data":{"clientX":564.5,"clientY":395.5,"method":"rect","hitKind":null},"timestamp":1787933412504,"hypothesisId":"B","runId":"ipad-fix2"}
{"sessionId":"6c5c15","location":"pageInkDom.ts:resolvePageDomHit","message":"dom hit resolved","data":{"clientX":564.5,"clientY":395.5,"method":"rect","hitKind":null},"timestamp":1787933412511,"hypothesisId":"B","runId":"ipad-fix2"}
{"sessionId":"6c5c15","location":"pageInkDom.ts:resolvePageDomHit","message":"dom hit resolved","data":{"clientX":564.5,"clientY":395.5,"method":"rect","hitKind":null},"timestamp":1787933412520,"hypothesisId":"B","runId":"ipad-fix2"}
{"sessionId":"6c5c15","location":"pageInkDom.ts:resolvePageDomHit","message":"dom hit resolved","data":{"clientX":564.5,"clientY":395.5,"method":"rect","hitKind":null},"timestamp":1787933412528,"hypothesisId":"B","runId":"ipad-fix2"}
{"sessionId":"6c5c15","location":"pageInkDom.ts:resolvePageDomHit","message":"dom hit resolved","data":{"clientX":564.5,"clientY":395,"method":"rect","hitKind":null},"timestamp":1787933412536,"hypothesisId":"B","runId":"ipad-fix2"}
{"sessionId":"6c5c15","location":"pageInkDom.ts:resolvePageDomHit","message":"dom hit resolved","data":{"clientX":564.5,"clientY":395,"method":"rect","hitKind":null},"timestamp":1787933412537,"hypothesisId":"B","runId":"ipad-fix2"}
{"sessionId":"6c5c15","location":"pageInkDom.ts:resolvePageDomHit","message":"dom hit resolved","data":{"clientX":564.5,"clientY":394.5,"method":"rect","hitKind":null},"timestamp":1787933412545,"hypothesisId":"B","runId":"ipad-fix2"}
{"sessionId":"6c5c15","location":"pageInkDom.ts:resolvePageDomHit","message":"dom hit resolved","data":{"clientX":564.5,"clientY":394.5,"method":"rect","hitKind":null},"timestamp":1787933412545,"hypothesisId":"B","runId":"ipad-fix2"}
{"sessionId":"6c5c15","location":"useEditorController.tsx:textTapUp","message":"text tap up","data":{"pointerType":"pen","hasPending":false,"dist":2.5495097567963922},"timestamp":1787933412546,"hypothesisId":"A,E","runId":"post-fix2"}
{"sessionId":"6c5c15","location":"pageInkDom.ts:resolvePageDomHit","message":"dom hit resolved","data":{"clientX":564,"clientY":394,"method":"rect","hitKind":null},"timestamp":1787933412546,"hypothesisId":"B","runId":"ipad-fix2"}
{"sessionId":"516081","runId":"post-fix","hypothesisId":"A,B,C,D","location":"gestures/index.ts:dispatch","message":"workspace pointer","data":{"phase":"up","pointerType":"pen","kind":"pencil","tool":"text","hitKind":"page","localX":0,"localY":0,"effectTypes":[],"isPrimary":true,"clientX":564,"clientY":394,"wrapCount":3,"nearest":[{"id":"b79c89c1-0922-4d8d-bae7-95238d32ff0d","w":5,"h":23,"l":603,"t":352,"r":608,"b":375,"inside":false},{"id":"b33a1f67-4108-4509-82bd-a5c9ccb050ed","w":5,"h":23,"l":603,"t":375,"r":608,"b":398,"inside":false},{"id":"0434644a-948c-429d-9b35-70326a337e62","w":5,"h":23,"l":603,"t":398,"r":608,"b":421,"inside":false}]},"timestamp":1787933412546}
{"sessionId":"6c5c15","location":"useEditorController.tsx:textTapDown","message":"global pointerdown","data":{"pointerType":"pen","tracked":true},"timestamp":1787933412807,"hypothesisId":"A","runId":"post-fix"}
{"sessionId":"6c5c15","location":"pageInkDom.ts:resolvePageDomHit","message":"dom hit resolved","data":{"clientX":565,"clientY":383.5,"method":"rect","hitKind":null},"timestamp":1787933412809,"hypothesisId":"B","runId":"ipad-fix2"}
{"sessionId":"516081","runId":"post-fix","hypothesisId":"A,B,C,D","location":"gestures/index.ts:dispatch","message":"workspace pointer","data":{"phase":"down","pointerType":"pen","kind":"pencil","tool":"text","hitKind":"page","localX":0,"localY":0,"effectTypes":[],"isPrimary":true,"clientX":565,"clientY":383.5,"wrapCount":3,"nearest":[{"id":"b79c89c1-0922-4d8d-bae7-95238d32ff0d","w":5,"h":23,"l":603,"t":352,"r":608,"b":375,"inside":false},{"id":"b33a1f67-4108-4509-82bd-a5c9ccb050ed","w":5,"h":23,"l":603,"t":375,"r":608,"b":398,"inside":false},{"id":"0434644a-948c-429d-9b35-70326a337e62","w":5,"h":23,"l":603,"t":398,"r":608,"b":421,"inside":false}]},"timestamp":1787933412811}
{"sessionId":"6c5c15","location":"pageInkDom.ts:resolvePageDomHit","message":"dom hit resolved","data":{"clientX":564.5,"clientY":387,"method":"rect","hitKind":null},"timestamp":1787933412825,"hypothesisId":"B","runId":"ipad-fix2"}
{"sessionId":"6c5c15","location":"pageInkDom.ts:resolvePageDomHit","message":"dom hit resolved","data":{"clientX":564.5,"clientY":387,"method":"rect","hitKind":null},"timestamp":1787933412826,"hypothesisId":"B","runId":"ipad-fix2"}
{"sessionId":"6c5c15","location":"pageInkDom.ts:resolvePageDomHit","message":"dom hit resolved","data":{"clientX":564.5,"clientY":387.5,"method":"rect","hitKind":null},"timestamp":1787933412828,"hypothesisId":"B","runId":"ipad-fix2"}
{"sessionId":"6c5c15","location":"pageInkDom.ts:resolvePageDomHit","message":"dom hit resolved","data":{"clientX":564.5,"clientY":387.5,"method":"rect","hitKind":null},"timestamp":1787933412829,"hypothesisId":"B","runId":"ipad-fix2"}
{"sessionId":"6c5c15","location":"pageInkDom.ts:resolvePageDomHit","message":"dom hit resolved","data":{"clientX":564,"clientY":387.5,"method":"rect","hitKind":null},"timestamp":1787933412837,"hypothesisId":"B","runId":"ipad-fix2"}
{"sessionId":"6c5c15","location":"pageInkDom.ts:resolvePageDomHit","message":"dom hit resolved","data":{"clientX":564,"clientY":387.5,"method":"rect","hitKind":null},"timestamp":1787933412837,"hypothesisId":"B","runId":"ipad-fix2"}
{"sessionId":"6c5c15","location":"pageInkDom.ts:resolvePageDomHit","message":"dom hit resolved","data":{"clientX":564,"clientY":387.5,"method":"rect","hitKind":null},"timestamp":1787933412845,"hypothesisId":"B","runId":"ipad-fix2"}
{"sessionId":"6c5c15","location":"pageInkDom.ts:resolvePageDomHit","message":"dom hit resolved","data":{"clientX":564,"clientY":387.5,"method":"rect","hitKind":null},"timestamp":1787933412853,"hypothesisId":"B","runId":"ipad-fix2"}
{"sessionId":"6c5c15","location":"pageInkDom.ts:resolvePageDomHit","message":"dom hit resolved","data":{"clientX":564,"clientY":387.5,"method":"rect","hitKind":null},"timestamp":1787933412862,"hypothesisId":"B","runId":"ipad-fix2"}
{"sessionId":"6c5c15","location":"pageInkDom.ts:resolvePageDomHit","message":"dom hit resolved","data":{"clientX":564,"clientY":387.5,"method":"rect","hitKind":null},"timestamp":1787933412870,"hypothesisId":"B","runId":"ipad-fix2"}
{"sessionId":"6c5c15","location":"pageInkDom.ts:resolvePageDomHit","message":"dom hit resolved","data":{"clientX":564.5,"clientY":387,"method":"rect","hitKind":null},"timestamp":1787933412878,"hypothesisId":"B","runId":"ipad-fix2"}
{"sessionId":"6c5c15","location":"pageInkDom.ts:resolvePageDomHit","message":"dom hit resolved","data":{"clientX":564.5,"clientY":387,"method":"rect","hitKind":null},"timestamp":1787933412879,"hypothesisId":"B","runId":"ipad-fix2"}
{"sessionId":"6c5c15","location":"pageInkDom.ts:resolvePageDomHit","message":"dom hit resolved","data":{"clientX":565,"clientY":386,"method":"rect","hitKind":null},"timestamp":1787933412887,"hypothesisId":"B","runId":"ipad-fix2"}
{"sessionId":"6c5c15","location":"pageInkDom.ts:resolvePageDomHit","message":"dom hit resolved","data":{"clientX":565,"clientY":386,"method":"rect","hitKind":null},"timestamp":1787933412887,"hypothesisId":"B","runId":"ipad-fix2"}
{"sessionId":"6c5c15","location":"pageInkDom.ts:resolvePageDomHit","message":"dom hit resolved","data":{"clientX":565.5,"clientY":384.5,"method":"rect","hitKind":null},"timestamp":1787933412895,"hypothesisId":"B","runId":"ipad-fix2"}
{"sessionId":"6c5c15","location":"pageInkDom.ts:resolvePageDomHit","message":"dom hit resolved","data":{"clientX":565.5,"clientY":384.5,"method":"rect","hitKind":null},"timestamp":1787933412895,"hypothesisId":"B","runId":"ipad-fix2"}
{"sessionId":"6c5c15","location":"pageInkDom.ts:resolvePageDomHit","message":"dom hit resolved","data":{"clientX":565.5,"clientY":383.5,"method":"rect","hitKind":null},"timestamp":1787933412903,"hypothesisId":"B","runId":"ipad-fix2"}
{"sessionId":"6c5c15","location":"pageInkDom.ts:resolvePageDomHit","message":"dom hit resolved","data":{"clientX":565.5,"clientY":383.5,"method":"rect","hitKind":null},"timestamp":1787933412904,"hypothesisId":"B","runId":"ipad-fix2"}
{"sessionId":"6c5c15","location":"pageInkDom.ts:resolvePageDomHit","message":"dom hit resolved","data":{"clientX":566,"clientY":382.5,"method":"rect","hitKind":null},"timestamp":1787933412912,"hypothesisId":"B","runId":"ipad-fix2"}
{"sessionId":"6c5c15","location":"pageInkDom.ts:resolvePageDomHit","message":"dom hit resolved","data":{"clientX":566,"clientY":382.5,"method":"rect","hitKind":null},"timestamp":1787933412912,"hypothesisId":"B","runId":"ipad-fix2"}
{"sessionId":"6c5c15","location":"pageInkDom.ts:resolvePageDomHit","message":"dom hit resolved","data":{"clientX":566.5,"clientY":381.5,"method":"rect","hitKind":null},"timestamp":1787933412920,"hypothesisId":"B","runId":"ipad-fix2"}
{"sessionId":"6c5c15","location":"pageInkDom.ts:resolvePageDomHit","message":"dom hit resolved","data":{"clientX":566.5,"clientY":381.5,"method":"rect","hitKind":null},"timestamp":1787933412920,"hypothesisId":"B","runId":"ipad-fix2"}
{"sessionId":"6c5c15","location":"pageInkDom.ts:resolvePageDomHit","message":"dom hit resolved","data":{"clientX":567,"clientY":380.5,"method":"rect","hitKind":null},"timestamp":1787933412928,"hypothesisId":"B","runId":"ipad-fix2"}
{"sessionId":"6c5c15","location":"pageInkDom.ts:resolvePageDomHit","message":"dom hit resolved","data":{"clientX":567,"clientY":380.5,"method":"rect","hitKind":null},"timestamp":1787933412929,"hypothesisId":"B","runId":"ipad-fix2"}
{"sessionId":"6c5c15","location":"pageInkDom.ts:resolvePageDomHit","message":"dom hit resolved","data":{"clientX":567.5,"clientY":380.5,"method":"rect","hitKind":null},"timestamp":1787933412937,"hypothesisId":"B","runId":"ipad-fix2"}
{"sessionId":"6c5c15","location":"useEditorController.tsx:textTapUp","message":"text tap up","data":{"pointerType":"pen","hasPending":false,"dist":5},"timestamp":1787933412937,"hypothesisId":"A,E","runId":"post-fix2"}
{"sessionId":"6c5c15","location":"pageInkDom.ts:resolvePageDomHit","message":"dom hit resolved","data":{"clientX":568,"clientY":379.5,"method":"rect","hitKind":null},"timestamp":1787933412938,"hypothesisId":"B","runId":"ipad-fix2"}
{"sessionId":"516081","runId":"post-fix","hypothesisId":"A,B,C,D","location":"gestures/index.ts:dispatch","message":"workspace pointer","data":{"phase":"up","pointerType":"pen","kind":"pencil","tool":"text","hitKind":"page","localX":0,"localY":0,"effectTypes":[],"isPrimary":true,"clientX":568,"clientY":379.5,"wrapCount":3,"nearest":[{"id":"b79c89c1-0922-4d8d-bae7-95238d32ff0d","w":5,"h":23,"l":603,"t":352,"r":608,"b":375,"inside":false},{"id":"b33a1f67-4108-4509-82bd-a5c9ccb050ed","w":5,"h":23,"l":603,"t":375,"r":608,"b":398,"inside":false},{"id":"0434644a-948c-429d-9b35-70326a337e62","w":5,"h":23,"l":603,"t":398,"r":608,"b":421,"inside":false}]},"timestamp":1787933412938}
{"sessionId":"6c5c15","location":"useEditorController.tsx:textTapDown","message":"global pointerdown","data":{"pointerType":"pen","tracked":true},"timestamp":1787933413460,"hypothesisId":"A","runId":"post-fix"}
{"sessionId":"6c5c15","location":"pageInkDom.ts:resolvePageDomHit","message":"dom hit resolved","data":{"clientX":609,"clientY":400.5,"method":"rect","hitKind":null},"timestamp":1787933413462,"hypothesisId":"B","runId":"ipad-fix2"}
{"sessionId":"516081","runId":"post-fix","hypothesisId":"A,B,C,D","location":"gestures/index.ts:dispatch","message":"workspace pointer","data":{"phase":"down","pointerType":"pen","kind":"pencil","tool":"text","hitKind":"page","localX":0,"localY":0,"effectTypes":[],"isPrimary":true,"clientX":609,"clientY":400.5,"wrapCount":3,"nearest":[{"id":"b79c89c1-0922-4d8d-bae7-95238d32ff0d","w":5,"h":23,"l":603,"t":352,"r":608,"b":375,"inside":false},{"id":"b33a1f67-4108-4509-82bd-a5c9ccb050ed","w":5,"h":23,"l":603,"t":375,"r":608,"b":398,"inside":false},{"id":"0434644a-948c-429d-9b35-70326a337e62","w":5,"h":23,"l":603,"t":398,"r":608,"b":421,"inside":false}]},"timestamp":1787933413463}
{"sessionId":"6c5c15","location":"pageInkDom.ts:resolvePageDomHit","message":"dom hit resolved","data":{"clientX":609,"clientY":401,"method":"rect","hitKind":null},"timestamp":1787933413476,"hypothesisId":"B","runId":"ipad-fix2"}
{"sessionId":"6c5c15","location":"pageInkDom.ts:resolvePageDomHit","message":"dom hit resolved","data":{"clientX":608.5,"clientY":403,"method":"rect","hitKind":null},"timestamp":1787933413479,"hypothesisId":"B","runId":"ipad-fix2"}
{"sessionId":"6c5c15","location":"pageInkDom.ts:resolvePageDomHit","message":"dom hit resolved","data":{"clientX":608.5,"clientY":403,"method":"rect","hitKind":null},"timestamp":1787933413479,"hypothesisId":"B","runId":"ipad-fix2"}
{"sessionId":"6c5c15","location":"pageInkDom.ts:resolvePageDomHit","message":"dom hit resolved","data":{"clientX":608.5,"clientY":403,"method":"rect","hitKind":null},"timestamp":1787933413487,"hypothesisId":"B","runId":"ipad-fix2"}
{"sessionId":"6c5c15","location":"pageInkDom.ts:resolvePageDomHit","message":"dom hit resolved","data":{"clientX":608.5,"clientY":403,"method":"rect","hitKind":null},"timestamp":1787933413495,"hypothesisId":"B","runId":"ipad-fix2"}
{"sessionId":"6c5c15","location":"pageInkDom.ts:resolvePageDomHit","message":"dom hit resolved","data":{"clientX":608.5,"clientY":403,"method":"rect","hitKind":null},"timestamp":1787933413504,"hypothesisId":"B","runId":"ipad-fix2"}
{"sessionId":"6c5c15","location":"pageInkDom.ts:resolvePageDomHit","message":"dom hit resolved","data":{"clientX":608.5,"clientY":403,"method":"rect","hitKind":null},"timestamp":1787933413520,"hypothesisId":"B","runId":"ipad-fix2"}
{"sessionId":"6c5c15","location":"pageInkDom.ts:resolvePageDomHit","message":"dom hit resolved","data":{"clientX":608.5,"clientY":403,"method":"rect","hitKind":null},"timestamp":1787933413512,"hypothesisId":"B","runId":"ipad-fix2"}
{"sessionId":"6c5c15","location":"pageInkDom.ts:resolvePageDomHit","message":"dom hit resolved","data":{"clientX":608.5,"clientY":403,"method":"rect","hitKind":null},"timestamp":1787933413529,"hypothesisId":"B","runId":"ipad-fix2"}
{"sessionId":"6c5c15","location":"pageInkDom.ts:resolvePageDomHit","message":"dom hit resolved","data":{"clientX":609,"clientY":403,"method":"rect","hitKind":null},"timestamp":1787933413538,"hypothesisId":"B","runId":"ipad-fix2"}
{"sessionId":"6c5c15","location":"pageInkDom.ts:resolvePageDomHit","message":"dom hit resolved","data":{"clientX":609,"clientY":403,"method":"rect","hitKind":null},"timestamp":1787933413540,"hypothesisId":"B","runId":"ipad-fix2"}
{"sessionId":"6c5c15","location":"pageInkDom.ts:resolvePageDomHit","message":"dom hit resolved","data":{"clientX":609,"clientY":402.5,"method":"rect","hitKind":null},"timestamp":1787933413545,"hypothesisId":"B","runId":"ipad-fix2"}
{"sessionId":"6c5c15","location":"pageInkDom.ts:resolvePageDomHit","message":"dom hit resolved","data":{"clientX":609,"clientY":402.5,"method":"rect","hitKind":null},"timestamp":1787933413546,"hypothesisId":"B","runId":"ipad-fix2"}
{"sessionId":"6c5c15","location":"pageInkDom.ts:resolvePageDomHit","message":"dom hit resolved","data":{"clientX":609.5,"clientY":401.5,"method":"rect","hitKind":null},"timestamp":1787933413555,"hypothesisId":"B","runId":"ipad-fix2"}
{"sessionId":"6c5c15","location":"pageInkDom.ts:resolvePageDomHit","message":"dom hit resolved","data":{"clientX":609.5,"clientY":401.5,"method":"rect","hitKind":null},"timestamp":1787933413556,"hypothesisId":"B","runId":"ipad-fix2"}
{"sessionId":"6c5c15","location":"pageInkDom.ts:resolvePageDomHit","message":"dom hit resolved","data":{"clientX":610,"clientY":401,"method":"rect","hitKind":null},"timestamp":1787933413563,"hypothesisId":"B","runId":"ipad-fix2"}
{"sessionId":"6c5c15","location":"pageInkDom.ts:resolvePageDomHit","message":"dom hit resolved","data":{"clientX":610,"clientY":401,"method":"rect","hitKind":null},"timestamp":1787933413564,"hypothesisId":"B","runId":"ipad-fix2"}
{"sessionId":"6c5c15","location":"pageInkDom.ts:resolvePageDomHit","message":"dom hit resolved","data":{"clientX":610.5,"clientY":400.5,"method":"rect","hitKind":null},"timestamp":1787933413570,"hypothesisId":"B","runId":"ipad-fix2"}
{"sessionId":"6c5c15","location":"pageInkDom.ts:resolvePageDomHit","message":"dom hit resolved","data":{"clientX":610.5,"clientY":400.5,"method":"rect","hitKind":null},"timestamp":1787933413571,"hypothesisId":"B","runId":"ipad-fix2"}
{"sessionId":"6c5c15","location":"pageInkDom.ts:resolvePageDomHit","message":"dom hit resolved","data":{"clientX":611,"clientY":400.5,"method":"rect","hitKind":null},"timestamp":1787933413580,"hypothesisId":"B","runId":"ipad-fix2"}
{"sessionId":"6c5c15","location":"pageInkDom.ts:resolvePageDomHit","message":"dom hit resolved","data":{"clientX":611,"clientY":400.5,"method":"rect","hitKind":null},"timestamp":1787933413581,"hypothesisId":"B","runId":"ipad-fix2"}
{"sessionId":"6c5c15","location":"pageInkDom.ts:resolvePageDomHit","message":"dom hit resolved","data":{"clientX":611,"clientY":400,"method":"rect","hitKind":null},"timestamp":1787933413588,"hypothesisId":"B","runId":"ipad-fix2"}
{"sessionId":"6c5c15","location":"pageInkDom.ts:resolvePageDomHit","message":"dom hit resolved","data":{"clientX":611,"clientY":400,"method":"rect","hitKind":null},"timestamp":1787933413590,"hypothesisId":"B","runId":"ipad-fix2"}
{"sessionId":"6c5c15","location":"useEditorController.tsx:textTapUp","message":"text tap up","data":{"pointerType":"pen","hasPending":false,"dist":2.5495097567963922},"timestamp":1787933413590,"hypothesisId":"A,E","runId":"post-fix2"}
{"sessionId":"6c5c15","location":"pageInkDom.ts:resolvePageDomHit","message":"dom hit resolved","data":{"clientX":611.5,"clientY":400,"method":"rect","hitKind":null},"timestamp":1787933413590,"hypothesisId":"B","runId":"ipad-fix2"}
{"sessionId":"516081","runId":"post-fix","hypothesisId":"A,B,C,D","location":"gestures/index.ts:dispatch","message":"workspace pointer","data":{"phase":"up","pointerType":"pen","kind":"pencil","tool":"text","hitKind":"page","localX":0,"localY":0,"effectTypes":[],"isPrimary":true,"clientX":611.5,"clientY":400,"wrapCount":3,"nearest":[{"id":"b79c89c1-0922-4d8d-bae7-95238d32ff0d","w":5,"h":23,"l":603,"t":352,"r":608,"b":375,"inside":false},{"id":"b33a1f67-4108-4509-82bd-a5c9ccb050ed","w":5,"h":23,"l":603,"t":375,"r":608,"b":398,"inside":false},{"id":"0434644a-948c-429d-9b35-70326a337e62","w":5,"h":23,"l":603,"t":398,"r":608,"b":421,"inside":false}]},"timestamp":1787933413590}
{"sessionId":"6c5c15","location":"useEditorController.tsx:textTapDown","message":"global pointerdown","data":{"pointerType":"pen","tracked":true},"timestamp":1787933413885,"hypothesisId":"A","runId":"post-fix"}
{"sessionId":"6c5c15","location":"pageInkDom.ts:resolvePageDomHit","message":"dom hit resolved","data":{"clientX":616.5,"clientY":399,"method":"rect","hitKind":null},"timestamp":1787933413887,"hypothesisId":"B","runId":"ipad-fix2"}
{"sessionId":"516081","runId":"post-fix","hypothesisId":"A,B,C,D","location":"gestures/index.ts:dispatch","message":"workspace pointer","data":{"phase":"down","pointerType":"pen","kind":"pencil","tool":"text","hitKind":"page","localX":0,"localY":0,"effectTypes":[],"isPrimary":true,"clientX":616.5,"clientY":399,"wrapCount":3,"nearest":[{"id":"b79c89c1-0922-4d8d-bae7-95238d32ff0d","w":5,"h":23,"l":603,"t":352,"r":608,"b":375,"inside":false},{"id":"b33a1f67-4108-4509-82bd-a5c9ccb050ed","w":5,"h":23,"l":603,"t":375,"r":608,"b":398,"inside":false},{"id":"0434644a-948c-429d-9b35-70326a337e62","w":5,"h":23,"l":603,"t":398,"r":608,"b":421,"inside":false}]},"timestamp":1787933413888}
{"sessionId":"6c5c15","location":"pageInkDom.ts:resolvePageDomHit","message":"dom hit resolved","data":{"clientX":616,"clientY":400.5,"method":"rect","hitKind":null},"timestamp":1787933413900,"hypothesisId":"B","runId":"ipad-fix2"}
{"sessionId":"6c5c15","location":"pageInkDom.ts:resolvePageDomHit","message":"dom hit resolved","data":{"clientX":616,"clientY":400.5,"method":"rect","hitKind":null},"timestamp":1787933413901,"hypothesisId":"B","runId":"ipad-fix2"}
{"sessionId":"6c5c15","location":"pageInkDom.ts:resolvePageDomHit","message":"dom hit resolved","data":{"clientX":615.5,"clientY":401,"method":"rect","hitKind":null},"timestamp":1787933413904,"hypothesisId":"B","runId":"ipad-fix2"}
{"sessionId":"6c5c15","location":"pageInkDom.ts:resolvePageDomHit","message":"dom hit resolved","data":{"clientX":615.5,"clientY":401,"method":"rect","hitKind":null},"timestamp":1787933413904,"hypothesisId":"B","runId":"ipad-fix2"}
{"sessionId":"6c5c15","location":"pageInkDom.ts:resolvePageDomHit","message":"dom hit resolved","data":{"clientX":615.5,"clientY":401,"method":"rect","hitKind":null},"timestamp":1787933413912,"hypothesisId":"B","runId":"ipad-fix2"}
{"sessionId":"6c5c15","location":"pageInkDom.ts:resolvePageDomHit","message":"dom hit resolved","data":{"clientX":615.5,"clientY":401.5,"method":"rect","hitKind":null},"timestamp":1787933413921,"hypothesisId":"B","runId":"ipad-fix2"}
{"sessionId":"6c5c15","location":"pageInkDom.ts:resolvePageDomHit","message":"dom hit resolved","data":{"clientX":615.5,"clientY":401.5,"method":"rect","hitKind":null},"timestamp":1787933413921,"hypothesisId":"B","runId":"ipad-fix2"}
{"sessionId":"6c5c15","location":"pageInkDom.ts:resolvePageDomHit","message":"dom hit resolved","data":{"clientX":615,"clientY":401.5,"method":"rect","hitKind":null},"timestamp":1787933413929,"hypothesisId":"B","runId":"ipad-fix2"}
{"sessionId":"6c5c15","location":"pageInkDom.ts:resolvePageDomHit","message":"dom hit resolved","data":{"clientX":615,"clientY":401.5,"method":"rect","hitKind":null},"timestamp":1787933413929,"hypothesisId":"B","runId":"ipad-fix2"}
{"sessionId":"6c5c15","location":"pageInkDom.ts:resolvePageDomHit","message":"dom hit resolved","data":{"clientX":615,"clientY":402,"method":"rect","hitKind":null},"timestamp":1787933413937,"hypothesisId":"B","runId":"ipad-fix2"}
{"sessionId":"6c5c15","location":"pageInkDom.ts:resolvePageDomHit","message":"dom hit resolved","data":{"clientX":615,"clientY":402,"method":"rect","hitKind":null},"timestamp":1787933413946,"hypothesisId":"B","runId":"ipad-fix2"}
{"sessionId":"6c5c15","location":"pageInkDom.ts:resolvePageDomHit","message":"dom hit resolved","data":{"clientX":615,"clientY":402,"method":"rect","hitKind":null},"timestamp":1787933413938,"hypothesisId":"B","runId":"ipad-fix2"}
{"sessionId":"6c5c15","location":"pageInkDom.ts:resolvePageDomHit","message":"dom hit resolved","data":{"clientX":615,"clientY":402,"method":"rect","hitKind":null},"timestamp":1787933413954,"hypothesisId":"B","runId":"ipad-fix2"}
{"sessionId":"6c5c15","location":"pageInkDom.ts:resolvePageDomHit","message":"dom hit resolved","data":{"clientX":615,"clientY":402,"method":"rect","hitKind":null},"timestamp":1787933413962,"hypothesisId":"B","runId":"ipad-fix2"}
{"sessionId":"6c5c15","location":"pageInkDom.ts:resolvePageDomHit","message":"dom hit resolved","data":{"clientX":615,"clientY":401.5,"method":"rect","hitKind":null},"timestamp":1787933413971,"hypothesisId":"B","runId":"ipad-fix2"}
{"sessionId":"6c5c15","location":"pageInkDom.ts:resolvePageDomHit","message":"dom hit resolved","data":{"clientX":615,"clientY":401.5,"method":"rect","hitKind":null},"timestamp":1787933413971,"hypothesisId":"B","runId":"ipad-fix2"}
{"sessionId":"6c5c15","location":"pageInkDom.ts:resolvePageDomHit","message":"dom hit resolved","data":{"clientX":615,"clientY":400.5,"method":"rect","hitKind":null},"timestamp":1787933413979,"hypothesisId":"B","runId":"ipad-fix2"}
{"sessionId":"6c5c15","location":"pageInkDom.ts:resolvePageDomHit","message":"dom hit resolved","data":{"clientX":615,"clientY":400.5,"method":"rect","hitKind":null},"timestamp":1787933413979,"hypothesisId":"B","runId":"ipad-fix2"}
{"sessionId":"6c5c15","location":"pageInkDom.ts:resolvePageDomHit","message":"dom hit resolved","data":{"clientX":615.5,"clientY":399.5,"method":"rect","hitKind":null},"timestamp":1787933413987,"hypothesisId":"B","runId":"ipad-fix2"}
{"sessionId":"6c5c15","location":"pageInkDom.ts:resolvePageDomHit","message":"dom hit resolved","data":{"clientX":615.5,"clientY":399.5,"method":"rect","hitKind":null},"timestamp":1787933413988,"hypothesisId":"B","runId":"ipad-fix2"}
{"sessionId":"6c5c15","location":"pageInkDom.ts:resolvePageDomHit","message":"dom hit resolved","data":{"clientX":616.5,"clientY":398.5,"method":"rect","hitKind":null},"timestamp":1787933413997,"hypothesisId":"B","runId":"ipad-fix2"}
{"sessionId":"6c5c15","location":"pageInkDom.ts:resolvePageDomHit","message":"dom hit resolved","data":{"clientX":616.5,"clientY":398.5,"method":"rect","hitKind":null},"timestamp":1787933413997,"hypothesisId":"B","runId":"ipad-fix2"}
{"sessionId":"6c5c15","location":"pageInkDom.ts:resolvePageDomHit","message":"dom hit resolved","data":{"clientX":617,"clientY":397.5,"method":"rect","hitKind":null},"timestamp":1787933414004,"hypothesisId":"B","runId":"ipad-fix2"}
{"sessionId":"6c5c15","location":"pageInkDom.ts:resolvePageDomHit","message":"dom hit resolved","data":{"clientX":617.5,"clientY":397,"method":"rect","hitKind":null},"timestamp":1787933414012,"hypothesisId":"B","runId":"ipad-fix2"}
{"sessionId":"6c5c15","location":"pageInkDom.ts:resolvePageDomHit","message":"dom hit resolved","data":{"clientX":618.5,"clientY":396.5,"method":"rect","hitKind":null},"timestamp":1787933414022,"hypothesisId":"B","runId":"ipad-fix2"}
{"sessionId":"6c5c15","location":"pageInkDom.ts:resolvePageDomHit","message":"dom hit resolved","data":{"clientX":619,"clientY":396,"method":"rect","hitKind":null},"timestamp":1787933414029,"hypothesisId":"B","runId":"ipad-fix2"}
{"sessionId":"6c5c15","location":"pageInkDom.ts:resolvePageDomHit","message":"dom hit resolved","data":{"clientX":619.5,"clientY":396,"method":"rect","hitKind":null},"timestamp":1787933414047,"hypothesisId":"B","runId":"ipad-fix2"}
{"sessionId":"6c5c15","location":"useEditorController.tsx:textTapUp","message":"text tap up","data":{"pointerType":"pen","hasPending":false,"dist":3.2015621187164243},"timestamp":1787933414063,"hypothesisId":"A,E","runId":"post-fix2"}
{"sessionId":"6c5c15","location":"pageInkDom.ts:resolvePageDomHit","message":"dom hit resolved","data":{"clientX":619,"clientY":397,"method":"rect","hitKind":null},"timestamp":1787933414065,"hypothesisId":"B","runId":"ipad-fix2"}
{"sessionId":"516081","runId":"post-fix","hypothesisId":"A,B,C,D","location":"gestures/index.ts:dispatch","message":"workspace pointer","data":{"phase":"up","pointerType":"pen","kind":"pencil","tool":"text","hitKind":"page","localX":0,"localY":0,"effectTypes":[],"isPrimary":true,"clientX":619,"clientY":397,"wrapCount":3,"nearest":[{"id":"b79c89c1-0922-4d8d-bae7-95238d32ff0d","w":5,"h":23,"l":603,"t":352,"r":608,"b":375,"inside":false},{"id":"b33a1f67-4108-4509-82bd-a5c9ccb050ed","w":5,"h":23,"l":603,"t":375,"r":608,"b":398,"inside":false},{"id":"0434644a-948c-429d-9b35-70326a337e62","w":5,"h":23,"l":603,"t":398,"r":608,"b":421,"inside":false}]},"timestamp":1787933414065}
{"sessionId":"6c5c15","location":"useEditorController.tsx:textTapDown","message":"global pointerdown","data":{"pointerType":"pen","tracked":true},"timestamp":1787933414299,"hypothesisId":"A","runId":"post-fix"}
{"sessionId":"6c5c15","location":"pageInkDom.ts:resolvePageDomHit","message":"dom hit resolved","data":{"clientX":570,"clientY":390.5,"method":"rect","hitKind":null},"timestamp":1787933414300,"hypothesisId":"B","runId":"ipad-fix2"}
{"sessionId":"516081","runId":"post-fix","hypothesisId":"A,B,C,D","location":"gestures/index.ts:dispatch","message":"workspace pointer","data":{"phase":"down","pointerType":"pen","kind":"pencil","tool":"text","hitKind":"page","localX":0,"localY":0,"effectTypes":[],"isPrimary":true,"clientX":570,"clientY":390.5,"wrapCount":3,"nearest":[{"id":"b79c89c1-0922-4d8d-bae7-95238d32ff0d","w":5,"h":23,"l":603,"t":352,"r":608,"b":375,"inside":false},{"id":"b33a1f67-4108-4509-82bd-a5c9ccb050ed","w":5,"h":23,"l":603,"t":375,"r":608,"b":398,"inside":false},{"id":"0434644a-948c-429d-9b35-70326a337e62","w":5,"h":23,"l":603,"t":398,"r":608,"b":421,"inside":false}]},"timestamp":1787933414302}
{"sessionId":"6c5c15","location":"pageInkDom.ts:resolvePageDomHit","message":"dom hit resolved","data":{"clientX":568.5,"clientY":391.5,"method":"rect","hitKind":null},"timestamp":1787933414313,"hypothesisId":"B","runId":"ipad-fix2"}
{"sessionId":"6c5c15","location":"pageInkDom.ts:resolvePageDomHit","message":"dom hit resolved","data":{"clientX":558,"clientY":395,"method":"rect","hitKind":null},"timestamp":1787933414314,"hypothesisId":"B","runId":"ipad-fix2"}
{"sessionId":"6c5c15","location":"pageInkDom.ts:resolvePageDomHit","message":"dom hit resolved","data":{"clientX":558,"clientY":395,"method":"rect","hitKind":null},"timestamp":1787933414315,"hypothesisId":"B","runId":"ipad-fix2"}
{"sessionId":"6c5c15","location":"pageInkDom.ts:resolvePageDomHit","message":"dom hit resolved","data":{"clientX":554.5,"clientY":395.5,"method":"rect","hitKind":null},"timestamp":1787933414321,"hypothesisId":"B","runId":"ipad-fix2"}
{"sessionId":"6c5c15","location":"pageInkDom.ts:resolvePageDomHit","message":"dom hit resolved","data":{"clientX":554.5,"clientY":395.5,"method":"rect","hitKind":null},"timestamp":1787933414321,"hypothesisId":"B","runId":"ipad-fix2"}
{"sessionId":"6c5c15","location":"pageInkDom.ts:resolvePageDomHit","message":"dom hit resolved","data":{"clientX":552,"clientY":396,"method":"rect","hitKind":null},"timestamp":1787933414329,"hypothesisId":"B","runId":"ipad-fix2"}
{"sessionId":"6c5c15","location":"pageInkDom.ts:resolvePageDomHit","message":"dom hit resolved","data":{"clientX":552,"clientY":396,"method":"rect","hitKind":null},"timestamp":1787933414330,"hypothesisId":"B","runId":"ipad-fix2"}
{"sessionId":"6c5c15","location":"pageInkDom.ts:resolvePageDomHit","message":"dom hit resolved","data":{"clientX":549.5,"clientY":396.5,"method":"rect","hitKind":null},"timestamp":1787933414337,"hypothesisId":"B","runId":"ipad-fix2"}
{"sessionId":"6c5c15","location":"pageInkDom.ts:resolvePageDomHit","message":"dom hit resolved","data":{"clientX":549.5,"clientY":396.5,"method":"rect","hitKind":null},"timestamp":1787933414338,"hypothesisId":"B","runId":"ipad-fix2"}
{"sessionId":"6c5c15","location":"pageInkDom.ts:resolvePageDomHit","message":"dom hit resolved","data":{"clientX":548,"clientY":396.5,"method":"rect","hitKind":null},"timestamp":1787933414346,"hypothesisId":"B","runId":"ipad-fix2"}
{"sessionId":"6c5c15","location":"pageInkDom.ts:resolvePageDomHit","message":"dom hit resolved","data":{"clientX":548,"clientY":396.5,"method":"rect","hitKind":null},"timestamp":1787933414346,"hypothesisId":"B","runId":"ipad-fix2"}
{"sessionId":"6c5c15","location":"pageInkDom.ts:resolvePageDomHit","message":"dom hit resolved","data":{"clientX":546.5,"clientY":396.5,"method":"rect","hitKind":null},"timestamp":1787933414354,"hypothesisId":"B","runId":"ipad-fix2"}
{"sessionId":"6c5c15","location":"pageInkDom.ts:resolvePageDomHit","message":"dom hit resolved","data":{"clientX":546.5,"clientY":396.5,"method":"rect","hitKind":null},"timestamp":1787933414355,"hypothesisId":"B","runId":"ipad-fix2"}
{"sessionId":"6c5c15","location":"pageInkDom.ts:resolvePageDomHit","message":"dom hit resolved","data":{"clientX":545,"clientY":396.5,"method":"rect","hitKind":null},"timestamp":1787933414362,"hypothesisId":"B","runId":"ipad-fix2"}
{"sessionId":"6c5c15","location":"pageInkDom.ts:resolvePageDomHit","message":"dom hit resolved","data":{"clientX":545,"clientY":396.5,"method":"rect","hitKind":null},"timestamp":1787933414363,"hypothesisId":"B","runId":"ipad-fix2"}
{"sessionId":"6c5c15","location":"pageInkDom.ts:resolvePageDomHit","message":"dom hit resolved","data":{"clientX":544,"clientY":396.5,"method":"rect","hitKind":null},"timestamp":1787933414371,"hypothesisId":"B","runId":"ipad-fix2"}
{"sessionId":"6c5c15","location":"pageInkDom.ts:resolvePageDomHit","message":"dom hit resolved","data":{"clientX":544,"clientY":396.5,"method":"rect","hitKind":null},"timestamp":1787933414371,"hypothesisId":"B","runId":"ipad-fix2"}
{"sessionId":"6c5c15","location":"useEditorController.tsx:textTapUp","message":"text tap up","data":{"pointerType":"pen","hasPending":false,"dist":27.55449146690971},"timestamp":1787933414379,"hypothesisId":"A,E","runId":"post-fix2"}
{"sessionId":"6c5c15","location":"pageInkDom.ts:resolvePageDomHit","message":"dom hit resolved","data":{"clientX":543,"clientY":396,"method":"rect","hitKind":null},"timestamp":1787933414379,"hypothesisId":"B","runId":"ipad-fix2"}
{"sessionId":"516081","runId":"post-fix","hypothesisId":"A,B,C,D","location":"gestures/index.ts:dispatch","message":"workspace pointer","data":{"phase":"up","pointerType":"pen","kind":"pencil","tool":"text","hitKind":"page","localX":0,"localY":0,"effectTypes":[],"isPrimary":true,"clientX":543,"clientY":396,"wrapCount":3,"nearest":[{"id":"b79c89c1-0922-4d8d-bae7-95238d32ff0d","w":5,"h":23,"l":603,"t":352,"r":608,"b":375,"inside":false},{"id":"b33a1f67-4108-4509-82bd-a5c9ccb050ed","w":5,"h":23,"l":603,"t":375,"r":608,"b":398,"inside":false},{"id":"0434644a-948c-429d-9b35-70326a337e62","w":5,"h":23,"l":603,"t":398,"r":608,"b":421,"inside":false}]},"timestamp":1787933414380}
{"sessionId":"6c5c15","location":"useEditorController.tsx:textTapDown","message":"global pointerdown","data":{"pointerType":"pen","tracked":true},"timestamp":1787933414642,"hypothesisId":"A","runId":"post-fix"}
{"sessionId":"6c5c15","location":"pageInkDom.ts:resolvePageDomHit","message":"dom hit resolved","data":{"clientX":539.5,"clientY":369,"method":"rect","hitKind":null},"timestamp":1787933414643,"hypothesisId":"B","runId":"ipad-fix2"}
{"sessionId":"516081","runId":"post-fix","hypothesisId":"A,B,C,D","location":"gestures/index.ts:dispatch","message":"workspace pointer","data":{"phase":"down","pointerType":"pen","kind":"pencil","tool":"text","hitKind":"page","localX":0,"localY":0,"effectTypes":[],"isPrimary":true,"clientX":539.5,"clientY":369,"wrapCount":3,"nearest":[{"id":"b79c89c1-0922-4d8d-bae7-95238d32ff0d","w":5,"h":23,"l":603,"t":352,"r":608,"b":375,"inside":false},{"id":"b33a1f67-4108-4509-82bd-a5c9ccb050ed","w":5,"h":23,"l":603,"t":375,"r":608,"b":398,"inside":false},{"id":"0434644a-948c-429d-9b35-70326a337e62","w":5,"h":23,"l":603,"t":398,"r":608,"b":421,"inside":false}]},"timestamp":1787933414644}
{"sessionId":"6c5c15","location":"pageInkDom.ts:resolvePageDomHit","message":"dom hit resolved","data":{"clientX":540,"clientY":369,"method":"rect","hitKind":null},"timestamp":1787933414658,"hypothesisId":"B","runId":"ipad-fix2"}
{"sessionId":"6c5c15","location":"pageInkDom.ts:resolvePageDomHit","message":"dom hit resolved","data":{"clientX":540,"clientY":369,"method":"rect","hitKind":null},"timestamp":1787933414658,"hypothesisId":"B","runId":"ipad-fix2"}
{"sessionId":"6c5c15","location":"pageInkDom.ts:resolvePageDomHit","message":"dom hit resolved","data":{"clientX":542.5,"clientY":368.5,"method":"rect","hitKind":null},"timestamp":1787933414659,"hypothesisId":"B","runId":"ipad-fix2"}
{"sessionId":"6c5c15","location":"pageInkDom.ts:resolvePageDomHit","message":"dom hit resolved","data":{"clientX":542.5,"clientY":368.5,"method":"rect","hitKind":null},"timestamp":1787933414660,"hypothesisId":"B","runId":"ipad-fix2"}
{"sessionId":"6c5c15","location":"pageInkDom.ts:resolvePageDomHit","message":"dom hit resolved","data":{"clientX":544.5,"clientY":368.5,"method":"rect","hitKind":null},"timestamp":1787933414663,"hypothesisId":"B","runId":"ipad-fix2"}
{"sessionId":"6c5c15","location":"pageInkDom.ts:resolvePageDomHit","message":"dom hit resolved","data":{"clientX":544.5,"clientY":368.5,"method":"rect","hitKind":null},"timestamp":1787933414663,"hypothesisId":"B","runId":"ipad-fix2"}
{"sessionId":"6c5c15","location":"pageInkDom.ts:resolvePageDomHit","message":"dom hit resolved","data":{"clientX":547,"clientY":368,"method":"rect","hitKind":null},"timestamp":1787933414671,"hypothesisId":"B","runId":"ipad-fix2"}
{"sessionId":"6c5c15","location":"pageInkDom.ts:resolvePageDomHit","message":"dom hit resolved","data":{"clientX":547,"clientY":368,"method":"rect","hitKind":null},"timestamp":1787933414672,"hypothesisId":"B","runId":"ipad-fix2"}
{"sessionId":"6c5c15","location":"pageInkDom.ts:resolvePageDomHit","message":"dom hit resolved","data":{"clientX":550,"clientY":368,"method":"rect","hitKind":null},"timestamp":1787933414679,"hypothesisId":"B","runId":"ipad-fix2"}
{"sessionId":"6c5c15","location":"pageInkDom.ts:resolvePageDomHit","message":"dom hit resolved","data":{"clientX":550,"clientY":368,"method":"rect","hitKind":null},"timestamp":1787933414680,"hypothesisId":"B","runId":"ipad-fix2"}
{"sessionId":"6c5c15","location":"pageInkDom.ts:resolvePageDomHit","message":"dom hit resolved","data":{"clientX":554,"clientY":367.5,"method":"rect","hitKind":null},"timestamp":1787933414688,"hypothesisId":"B","runId":"ipad-fix2"}
{"sessionId":"6c5c15","location":"pageInkDom.ts:resolvePageDomHit","message":"dom hit resolved","data":{"clientX":554,"clientY":367.5,"method":"rect","hitKind":null},"timestamp":1787933414688,"hypothesisId":"B","runId":"ipad-fix2"}
{"sessionId":"6c5c15","location":"pageInkDom.ts:resolvePageDomHit","message":"dom hit resolved","data":{"clientX":558.5,"clientY":366.5,"method":"rect","hitKind":null},"timestamp":1787933414696,"hypothesisId":"B","runId":"ipad-fix2"}
{"sessionId":"6c5c15","location":"pageInkDom.ts:resolvePageDomHit","message":"dom hit resolved","data":{"clientX":558.5,"clientY":366.5,"method":"rect","hitKind":null},"timestamp":1787933414696,"hypothesisId":"B","runId":"ipad-fix2"}
{"sessionId":"6c5c15","location":"pageInkDom.ts:resolvePageDomHit","message":"dom hit resolved","data":{"clientX":563,"clientY":365,"method":"rect","hitKind":null},"timestamp":1787933414704,"hypothesisId":"B","runId":"ipad-fix2"}
{"sessionId":"6c5c15","location":"pageInkDom.ts:resolvePageDomHit","message":"dom hit resolved","data":{"clientX":563,"clientY":365,"method":"rect","hitKind":null},"timestamp":1787933414705,"hypothesisId":"B","runId":"ipad-fix2"}
{"sessionId":"6c5c15","location":"pageInkDom.ts:resolvePageDomHit","message":"dom hit resolved","data":{"clientX":567,"clientY":363.5,"method":"rect","hitKind":null},"timestamp":1787933414713,"hypothesisId":"B","runId":"ipad-fix2"}
{"sessionId":"6c5c15","location":"pageInkDom.ts:resolvePageDomHit","message":"dom hit resolved","data":{"clientX":567,"clientY":363.5,"method":"rect","hitKind":null},"timestamp":1787933414713,"hypothesisId":"B","runId":"ipad-fix2"}
{"sessionId":"6c5c15","location":"pageInkDom.ts:resolvePageDomHit","message":"dom hit resolved","data":{"clientX":571.5,"clientY":361.5,"method":"rect","hitKind":null},"timestamp":1787933414721,"hypothesisId":"B","runId":"ipad-fix2"}
{"sessionId":"6c5c15","location":"pageInkDom.ts:resolvePageDomHit","message":"dom hit resolved","data":{"clientX":571.5,"clientY":361.5,"method":"rect","hitKind":null},"timestamp":1787933414721,"hypothesisId":"B","runId":"ipad-fix2"}
{"sessionId":"6c5c15","location":"pageInkDom.ts:resolvePageDomHit","message":"dom hit resolved","data":{"clientX":576,"clientY":359.5,"method":"rect","hitKind":null},"timestamp":1787933414730,"hypothesisId":"B","runId":"ipad-fix2"}
{"sessionId":"6c5c15","location":"pageInkDom.ts:resolvePageDomHit","message":"dom hit resolved","data":{"clientX":576,"clientY":359.5,"method":"rect","hitKind":null},"timestamp":1787933414731,"hypothesisId":"B","runId":"ipad-fix2"}
{"sessionId":"6c5c15","location":"pageInkDom.ts:resolvePageDomHit","message":"dom hit resolved","data":{"clientX":581,"clientY":357.5,"method":"rect","hitKind":null},"timestamp":1787933414738,"hypothesisId":"B","runId":"ipad-fix2"}
{"sessionId":"6c5c15","location":"pageInkDom.ts:resolvePageDomHit","message":"dom hit resolved","data":{"clientX":581,"clientY":357.5,"method":"rect","hitKind":null},"timestamp":1787933414738,"hypothesisId":"B","runId":"ipad-fix2"}
{"sessionId":"6c5c15","location":"pageInkDom.ts:resolvePageDomHit","message":"dom hit resolved","data":{"clientX":586,"clientY":356,"method":"rect","hitKind":null},"timestamp":1787933414746,"hypothesisId":"B","runId":"ipad-fix2"}
{"sessionId":"6c5c15","location":"pageInkDom.ts:resolvePageDomHit","message":"dom hit resolved","data":{"clientX":586,"clientY":356,"method":"rect","hitKind":null},"timestamp":1787933414747,"hypothesisId":"B","runId":"ipad-fix2"}
{"sessionId":"6c5c15","location":"pageInkDom.ts:resolvePageDomHit","message":"dom hit resolved","data":{"clientX":590.5,"clientY":354,"method":"rect","hitKind":null},"timestamp":1787933414754,"hypothesisId":"B","runId":"ipad-fix2"}
{"sessionId":"6c5c15","location":"pageInkDom.ts:resolvePageDomHit","message":"dom hit resolved","data":{"clientX":590.5,"clientY":354,"method":"rect","hitKind":null},"timestamp":1787933414755,"hypothesisId":"B","runId":"ipad-fix2"}
{"sessionId":"6c5c15","location":"useEditorController.tsx:textTapUp","message":"text tap up","data":{"pointerType":"pen","hasPending":false,"dist":55.84129296497351},"timestamp":1787933414763,"hypothesisId":"A,E","runId":"post-fix2"}
{"sessionId":"6c5c15","location":"pageInkDom.ts:resolvePageDomHit","message":"dom hit resolved","data":{"clientX":593,"clientY":353,"method":"rect","hitKind":null},"timestamp":1787933414763,"hypothesisId":"B","runId":"ipad-fix2"}
{"sessionId":"516081","runId":"post-fix","hypothesisId":"A,B,C,D","location":"gestures/index.ts:dispatch","message":"workspace pointer","data":{"phase":"up","pointerType":"pen","kind":"pencil","tool":"text","hitKind":"page","localX":0,"localY":0,"effectTypes":[],"isPrimary":true,"clientX":593,"clientY":353,"wrapCount":3,"nearest":[{"id":"b79c89c1-0922-4d8d-bae7-95238d32ff0d","w":5,"h":23,"l":603,"t":352,"r":608,"b":375,"inside":false},{"id":"b33a1f67-4108-4509-82bd-a5c9ccb050ed","w":5,"h":23,"l":603,"t":375,"r":608,"b":398,"inside":false},{"id":"0434644a-948c-429d-9b35-70326a337e62","w":5,"h":23,"l":603,"t":398,"r":608,"b":421,"inside":false}]},"timestamp":1787933414763}
{"sessionId":"6c5c15","location":"useEditorController.tsx:textTapDown","message":"global pointerdown","data":{"pointerType":"pen","tracked":true},"timestamp":1787933415085,"hypothesisId":"A","runId":"post-fix"}
{"sessionId":"6c5c15","location":"pageInkDom.ts:resolvePageDomHit","message":"dom hit resolved","data":{"clientX":597,"clientY":364,"method":"rect","hitKind":null},"timestamp":1787933415087,"hypothesisId":"B","runId":"ipad-fix2"}
{"sessionId":"516081","runId":"post-fix","hypothesisId":"A,B,C,D","location":"gestures/index.ts:dispatch","message":"workspace pointer","data":{"phase":"down","pointerType":"pen","kind":"pencil","tool":"text","hitKind":"page","localX":0,"localY":0,"effectTypes":[],"isPrimary":true,"clientX":597,"clientY":364,"wrapCount":3,"nearest":[{"id":"b79c89c1-0922-4d8d-bae7-95238d32ff0d","w":5,"h":23,"l":603,"t":352,"r":608,"b":375,"inside":false},{"id":"b33a1f67-4108-4509-82bd-a5c9ccb050ed","w":5,"h":23,"l":603,"t":375,"r":608,"b":398,"inside":false},{"id":"0434644a-948c-429d-9b35-70326a337e62","w":5,"h":23,"l":603,"t":398,"r":608,"b":421,"inside":false}]},"timestamp":1787933415089}
{"sessionId":"6c5c15","location":"pageInkDom.ts:resolvePageDomHit","message":"dom hit resolved","data":{"clientX":597,"clientY":365,"method":"rect","hitKind":null},"timestamp":1787933415101,"hypothesisId":"B","runId":"ipad-fix2"}
{"sessionId":"6c5c15","location":"pageInkDom.ts:resolvePageDomHit","message":"dom hit resolved","data":{"clientX":596,"clientY":365.5,"method":"rect","hitKind":null},"timestamp":1787933415102,"hypothesisId":"B","runId":"ipad-fix2"}
{"sessionId":"6c5c15","location":"pageInkDom.ts:resolvePageDomHit","message":"dom hit resolved","data":{"clientX":591.5,"clientY":368,"method":"rect","hitKind":null},"timestamp":1787933415105,"hypothesisId":"B","runId":"ipad-fix2"}
{"sessionId":"6c5c15","location":"pageInkDom.ts:resolvePageDomHit","message":"dom hit resolved","data":{"clientX":591.5,"clientY":368,"method":"rect","hitKind":null},"timestamp":1787933415105,"hypothesisId":"B","runId":"ipad-fix2"}
{"sessionId":"6c5c15","location":"pageInkDom.ts:resolvePageDomHit","message":"dom hit resolved","data":{"clientX":590,"clientY":368.5,"method":"rect","hitKind":null},"timestamp":1787933415113,"hypothesisId":"B","runId":"ipad-fix2"}
{"sessionId":"6c5c15","location":"pageInkDom.ts:resolvePageDomHit","message":"dom hit resolved","data":{"clientX":590,"clientY":368.5,"method":"rect","hitKind":null},"timestamp":1787933415114,"hypothesisId":"B","runId":"ipad-fix2"}
{"sessionId":"6c5c15","location":"pageInkDom.ts:resolvePageDomHit","message":"dom hit resolved","data":{"clientX":589,"clientY":369.5,"method":"rect","hitKind":null},"timestamp":1787933415121,"hypothesisId":"B","runId":"ipad-fix2"}
{"sessionId":"6c5c15","location":"pageInkDom.ts:resolvePageDomHit","message":"dom hit resolved","data":{"clientX":589,"clientY":369.5,"method":"rect","hitKind":null},"timestamp":1787933415122,"hypothesisId":"B","runId":"ipad-fix2"}
{"sessionId":"6c5c15","location":"pageInkDom.ts:resolvePageDomHit","message":"dom hit resolved","data":{"clientX":588,"clientY":370,"method":"rect","hitKind":null},"timestamp":1787933415130,"hypothesisId":"B","runId":"ipad-fix2"}
{"sessionId":"6c5c15","location":"pageInkDom.ts:resolvePageDomHit","message":"dom hit resolved","data":{"clientX":588,"clientY":370,"method":"rect","hitKind":null},"timestamp":1787933415130,"hypothesisId":"B","runId":"ipad-fix2"}
{"sessionId":"6c5c15","location":"pageInkDom.ts:resolvePageDomHit","message":"dom hit resolved","data":{"clientX":587.5,"clientY":370.5,"method":"rect","hitKind":null},"timestamp":1787933415138,"hypothesisId":"B","runId":"ipad-fix2"}
{"sessionId":"6c5c15","location":"pageInkDom.ts:resolvePageDomHit","message":"dom hit resolved","data":{"clientX":587.5,"clientY":370.5,"method":"rect","hitKind":null},"timestamp":1787933415138,"hypothesisId":"B","runId":"ipad-fix2"}
{"sessionId":"6c5c15","location":"pageInkDom.ts:resolvePageDomHit","message":"dom hit resolved","data":{"clientX":587.5,"clientY":370.5,"method":"rect","hitKind":null},"timestamp":1787933415146,"hypothesisId":"B","runId":"ipad-fix2"}
{"sessionId":"6c5c15","location":"pageInkDom.ts:resolvePageDomHit","message":"dom hit resolved","data":{"clientX":587.5,"clientY":371,"method":"rect","hitKind":null},"timestamp":1787933415155,"hypothesisId":"B","runId":"ipad-fix2"}
{"sessionId":"6c5c15","location":"pageInkDom.ts:resolvePageDomHit","message":"dom hit resolved","data":{"clientX":587.5,"clientY":371,"method":"rect","hitKind":null},"timestamp":1787933415155,"hypothesisId":"B","runId":"ipad-fix2"}
{"sessionId":"6c5c15","location":"pageInkDom.ts:resolvePageDomHit","message":"dom hit resolved","data":{"clientX":587.5,"clientY":371,"method":"rect","hitKind":null},"timestamp":1787933415163,"hypothesisId":"B","runId":"ipad-fix2"}
{"sessionId":"6c5c15","location":"pageInkDom.ts:resolvePageDomHit","message":"dom hit resolved","data":{"clientX":587.5,"clientY":371,"method":"rect","hitKind":null},"timestamp":1787933415172,"hypothesisId":"B","runId":"ipad-fix2"}
{"sessionId":"6c5c15","location":"pageInkDom.ts:resolvePageDomHit","message":"dom hit resolved","data":{"clientX":587.5,"clientY":371,"method":"rect","hitKind":null},"timestamp":1787933415181,"hypothesisId":"B","runId":"ipad-fix2"}
{"sessionId":"6c5c15","location":"pageInkDom.ts:resolvePageDomHit","message":"dom hit resolved","data":{"clientX":587.5,"clientY":371,"method":"rect","hitKind":null},"timestamp":1787933415189,"hypothesisId":"B","runId":"ipad-fix2"}
{"sessionId":"6c5c15","location":"pageInkDom.ts:resolvePageDomHit","message":"dom hit resolved","data":{"clientX":587.5,"clientY":371,"method":"rect","hitKind":null},"timestamp":1787933415197,"hypothesisId":"B","runId":"ipad-fix2"}
{"sessionId":"6c5c15","location":"useEditorController.tsx:textTapUp","message":"text tap up","data":{"pointerType":"pen","hasPending":false,"dist":11.661903789690601},"timestamp":1787933415205,"hypothesisId":"A,E","runId":"post-fix2"}
{"sessionId":"6c5c15","location":"pageInkDom.ts:resolvePageDomHit","message":"dom hit resolved","data":{"clientX":587,"clientY":370,"method":"rect","hitKind":null},"timestamp":1787933415205,"hypothesisId":"B","runId":"ipad-fix2"}
{"sessionId":"516081","runId":"post-fix","hypothesisId":"A,B,C,D","location":"gestures/index.ts:dispatch","message":"workspace pointer","data":{"phase":"up","pointerType":"pen","kind":"pencil","tool":"text","hitKind":"page","localX":0,"localY":0,"effectTypes":[],"isPrimary":true,"clientX":587,"clientY":370,"wrapCount":3,"nearest":[{"id":"b79c89c1-0922-4d8d-bae7-95238d32ff0d","w":5,"h":23,"l":603,"t":352,"r":608,"b":375,"inside":false},{"id":"b33a1f67-4108-4509-82bd-a5c9ccb050ed","w":5,"h":23,"l":603,"t":375,"r":608,"b":398,"inside":false},{"id":"0434644a-948c-429d-9b35-70326a337e62","w":5,"h":23,"l":603,"t":398,"r":608,"b":421,"inside":false}]},"timestamp":1787933415205}
{"sessionId":"6c5c15","location":"useEditorController.tsx:textTapDown","message":"global pointerdown","data":{"pointerType":"touch","tracked":true},"timestamp":1787933419174,"hypothesisId":"A","runId":"post-fix"}
{"sessionId":"6c5c15","location":"pageInkDom.ts:resolvePageDomHit","message":"dom hit resolved","data":{"clientX":574,"clientY":396,"method":"rect","hitKind":null},"timestamp":1787933419177,"hypothesisId":"B","runId":"ipad-fix2"}
{"sessionId":"516081","runId":"post-fix","hypothesisId":"A,B,C,D","location":"gestures/index.ts:dispatch","message":"workspace pointer","data":{"phase":"down","pointerType":"touch","kind":"finger","tool":"text","hitKind":"page","localX":0,"localY":0,"effectTypes":[],"isPrimary":true,"clientX":574,"clientY":396,"wrapCount":3,"nearest":[{"id":"b79c89c1-0922-4d8d-bae7-95238d32ff0d","w":5,"h":23,"l":603,"t":352,"r":608,"b":375,"inside":false},{"id":"b33a1f67-4108-4509-82bd-a5c9ccb050ed","w":5,"h":23,"l":603,"t":375,"r":608,"b":398,"inside":false},{"id":"0434644a-948c-429d-9b35-70326a337e62","w":5,"h":23,"l":603,"t":398,"r":608,"b":421,"inside":false}]},"timestamp":1787933419178}
{"sessionId":"6c5c15","location":"useEditorController.tsx:textTapUp","message":"text tap up","data":{"pointerType":"touch","hasPending":false,"dist":0},"timestamp":1787933419275,"hypothesisId":"A,E","runId":"post-fix2"}
{"sessionId":"6c5c15","location":"pageInkDom.ts:resolvePageDomHit","message":"dom hit resolved","data":{"clientX":574,"clientY":396,"method":"rect","hitKind":null},"timestamp":1787933419277,"hypothesisId":"B","runId":"ipad-fix2"}
{"sessionId":"6c5c15","location":"workspaceFsm.tsx:fingerTapUp","message":"finger tap up","data":{"tool":"text","downHitKind":"page","upHitKind":"page","usedHitKind":"page","effectTypes":[],"clientX":574,"clientY":396},"timestamp":1787933419278,"hypothesisId":"A,D,F","runId":"ipad-fix3"}
{"sessionId":"516081","runId":"post-fix","hypothesisId":"A,B,C,D","location":"gestures/index.ts:dispatch","message":"workspace pointer","data":{"phase":"up","pointerType":"touch","kind":"finger","tool":"text","hitKind":"page","localX":0,"localY":0,"effectTypes":[],"isPrimary":true,"clientX":574,"clientY":396,"wrapCount":3,"nearest":[{"id":"b79c89c1-0922-4d8d-bae7-95238d32ff0d","w":5,"h":23,"l":603,"t":352,"r":608,"b":375,"inside":false},{"id":"b33a1f67-4108-4509-82bd-a5c9ccb050ed","w":5,"h":23,"l":603,"t":375,"r":608,"b":398,"inside":false},{"id":"0434644a-948c-429d-9b35-70326a337e62","w":5,"h":23,"l":603,"t":398,"r":608,"b":421,"inside":false}]},"timestamp":1787933419279}
{"sessionId":"6c5c15","location":"useEditorController.tsx:textTapDown","message":"global pointerdown","data":{"pointerType":"touch","tracked":true},"timestamp":1787933419463,"hypothesisId":"A","runId":"post-fix"}
{"sessionId":"6c5c15","location":"pageInkDom.ts:resolvePageDomHit","message":"dom hit resolved","data":{"clientX":593.5,"clientY":403,"method":"rect","hitKind":null},"timestamp":1787933419465,"hypothesisId":"B","runId":"ipad-fix2"}
{"sessionId":"516081","runId":"post-fix","hypothesisId":"A,B,C,D","location":"gestures/index.ts:dispatch","message":"workspace pointer","data":{"phase":"down","pointerType":"touch","kind":"finger","tool":"text","hitKind":"page","localX":0,"localY":0,"effectTypes":[],"isPrimary":true,"clientX":593.5,"clientY":403,"wrapCount":3,"nearest":[{"id":"b79c89c1-0922-4d8d-bae7-95238d32ff0d","w":5,"h":23,"l":603,"t":352,"r":608,"b":375,"inside":false},{"id":"b33a1f67-4108-4509-82bd-a5c9ccb050ed","w":5,"h":23,"l":603,"t":375,"r":608,"b":398,"inside":false},{"id":"0434644a-948c-429d-9b35-70326a337e62","w":5,"h":23,"l":603,"t":398,"r":608,"b":421,"inside":false}]},"timestamp":1787933419467}
{"sessionId":"6c5c15","location":"useEditorController.tsx:textTapUp","message":"text tap up","data":{"pointerType":"touch","hasPending":false,"dist":0},"timestamp":1787933419524,"hypothesisId":"A,E","runId":"post-fix2"}
{"sessionId":"6c5c15","location":"pageInkDom.ts:resolvePageDomHit","message":"dom hit resolved","data":{"clientX":593.5,"clientY":403,"method":"rect","hitKind":null},"timestamp":1787933419525,"hypothesisId":"B","runId":"ipad-fix2"}
{"sessionId":"6c5c15","location":"workspaceFsm.tsx:fingerTapUp","message":"finger tap up","data":{"tool":"text","downHitKind":"page","upHitKind":"page","usedHitKind":"page","effectTypes":[],"clientX":593.5,"clientY":403},"timestamp":1787933419526,"hypothesisId":"A,D,F","runId":"ipad-fix3"}
{"sessionId":"516081","runId":"post-fix","hypothesisId":"A,B,C,D","location":"gestures/index.ts:dispatch","message":"workspace pointer","data":{"phase":"up","pointerType":"touch","kind":"finger","tool":"text","hitKind":"page","localX":0,"localY":0,"effectTypes":[],"isPrimary":true,"clientX":593.5,"clientY":403,"wrapCount":3,"nearest":[{"id":"b79c89c1-0922-4d8d-bae7-95238d32ff0d","w":5,"h":23,"l":603,"t":352,"r":608,"b":375,"inside":false},{"id":"b33a1f67-4108-4509-82bd-a5c9ccb050ed","w":5,"h":23,"l":603,"t":375,"r":608,"b":398,"inside":false},{"id":"0434644a-948c-429d-9b35-70326a337e62","w":5,"h":23,"l":603,"t":398,"r":608,"b":421,"inside":false}]},"timestamp":1787933419526}
{"sessionId":"6c5c15","location":"useEditorController.tsx:textTapDown","message":"global pointerdown","data":{"pointerType":"touch","tracked":true},"timestamp":1787933419664,"hypothesisId":"A","runId":"post-fix"}
{"sessionId":"6c5c15","location":"pageInkDom.ts:resolvePageDomHit","message":"dom hit resolved","data":{"clientX":606.5,"clientY":396.5,"method":"rect","hitKind":null},"timestamp":1787933419666,"hypothesisId":"B","runId":"ipad-fix2"}
{"sessionId":"516081","runId":"post-fix","hypothesisId":"A,B,C,D","location":"gestures/index.ts:dispatch","message":"workspace pointer","data":{"phase":"down","pointerType":"touch","kind":"finger","tool":"text","hitKind":"page","localX":0,"localY":0,"effectTypes":[],"isPrimary":true,"clientX":606.5,"clientY":396.5,"wrapCount":3,"nearest":[{"id":"b79c89c1-0922-4d8d-bae7-95238d32ff0d","w":5,"h":23,"l":603,"t":352,"r":608,"b":375,"inside":false},{"id":"b33a1f67-4108-4509-82bd-a5c9ccb050ed","w":5,"h":23,"l":603,"t":375,"r":608,"b":398,"inside":true},{"id":"0434644a-948c-429d-9b35-70326a337e62","w":5,"h":23,"l":603,"t":398,"r":608,"b":421,"inside":false}]},"timestamp":1787933419667}
{"sessionId":"6c5c15","location":"useEditorController.tsx:textTapUp","message":"text tap up","data":{"pointerType":"touch","hasPending":false,"dist":0},"timestamp":1787933419725,"hypothesisId":"A,E","runId":"post-fix2"}
{"sessionId":"6c5c15","location":"pageInkDom.ts:resolvePageDomHit","message":"dom hit resolved","data":{"clientX":606.5,"clientY":396.5,"method":"rect","hitKind":null},"timestamp":1787933419726,"hypothesisId":"B","runId":"ipad-fix2"}
{"sessionId":"6c5c15","location":"workspaceFsm.tsx:fingerTapUp","message":"finger tap up","data":{"tool":"text","downHitKind":"page","upHitKind":"page","usedHitKind":"page","effectTypes":[],"clientX":606.5,"clientY":396.5},"timestamp":1787933419727,"hypothesisId":"A,D,F","runId":"ipad-fix3"}
{"sessionId":"516081","runId":"post-fix","hypothesisId":"A,B,C,D","location":"gestures/index.ts:dispatch","message":"workspace pointer","data":{"phase":"up","pointerType":"touch","kind":"finger","tool":"text","hitKind":"page","localX":0,"localY":0,"effectTypes":[],"isPrimary":true,"clientX":606.5,"clientY":396.5,"wrapCount":3,"nearest":[{"id":"b79c89c1-0922-4d8d-bae7-95238d32ff0d","w":5,"h":23,"l":603,"t":352,"r":608,"b":375,"inside":false},{"id":"b33a1f67-4108-4509-82bd-a5c9ccb050ed","w":5,"h":23,"l":603,"t":375,"r":608,"b":398,"inside":true},{"id":"0434644a-948c-429d-9b35-70326a337e62","w":5,"h":23,"l":603,"t":398,"r":608,"b":421,"inside":false}]},"timestamp":1787933419727}
{"sessionId":"6c5c15","location":"useEditorController.tsx:textTapDown","message":"global pointerdown","data":{"pointerType":"touch","tracked":true},"timestamp":1787933419837,"hypothesisId":"A","runId":"post-fix"}
{"sessionId":"6c5c15","location":"pageInkDom.ts:resolvePageDomHit","message":"dom hit resolved","data":{"clientX":604,"clientY":403,"method":"rect","hitKind":null},"timestamp":1787933419839,"hypothesisId":"B","runId":"ipad-fix2"}
{"sessionId":"516081","runId":"post-fix","hypothesisId":"A,B,C,D","location":"gestures/index.ts:dispatch","message":"workspace pointer","data":{"phase":"down","pointerType":"touch","kind":"finger","tool":"text","hitKind":"page","localX":0,"localY":0,"effectTypes":[],"isPrimary":true,"clientX":604,"clientY":403,"wrapCount":3,"nearest":[{"id":"b79c89c1-0922-4d8d-bae7-95238d32ff0d","w":5,"h":23,"l":603,"t":352,"r":608,"b":375,"inside":false},{"id":"b33a1f67-4108-4509-82bd-a5c9ccb050ed","w":5,"h":23,"l":603,"t":375,"r":608,"b":398,"inside":false},{"id":"0434644a-948c-429d-9b35-70326a337e62","w":5,"h":23,"l":603,"t":398,"r":608,"b":421,"inside":true}]},"timestamp":1787933419841}
{"sessionId":"6c5c15","location":"useEditorController.tsx:textTapUp","message":"text tap up","data":{"pointerType":"touch","hasPending":false,"dist":0},"timestamp":1787933419909,"hypothesisId":"A,E","runId":"post-fix2"}
{"sessionId":"6c5c15","location":"pageInkDom.ts:resolvePageDomHit","message":"dom hit resolved","data":{"clientX":604,"clientY":403,"method":"rect","hitKind":null},"timestamp":1787933419910,"hypothesisId":"B","runId":"ipad-fix2"}
{"sessionId":"6c5c15","location":"workspaceFsm.tsx:fingerTapUp","message":"finger tap up","data":{"tool":"text","downHitKind":"page","upHitKind":"page","usedHitKind":"page","effectTypes":[],"clientX":604,"clientY":403},"timestamp":1787933419912,"hypothesisId":"A,D,F","runId":"ipad-fix3"}
{"sessionId":"516081","runId":"post-fix","hypothesisId":"A,B,C,D","location":"gestures/index.ts:dispatch","message":"workspace pointer","data":{"phase":"up","pointerType":"touch","kind":"finger","tool":"text","hitKind":"page","localX":0,"localY":0,"effectTypes":[],"isPrimary":true,"clientX":604,"clientY":403,"wrapCount":3,"nearest":[{"id":"b79c89c1-0922-4d8d-bae7-95238d32ff0d","w":5,"h":23,"l":603,"t":352,"r":608,"b":375,"inside":false},{"id":"b33a1f67-4108-4509-82bd-a5c9ccb050ed","w":5,"h":23,"l":603,"t":375,"r":608,"b":398,"inside":false},{"id":"0434644a-948c-429d-9b35-70326a337e62","w":5,"h":23,"l":603,"t":398,"r":608,"b":421,"inside":true}]},"timestamp":1787933419913}
{"sessionId":"6c5c15","location":"useEditorController.tsx:textTapDown","message":"global pointerdown","data":{"pointerType":"touch","tracked":true},"timestamp":1787933420013,"hypothesisId":"A","runId":"post-fix"}
{"sessionId":"6c5c15","location":"pageInkDom.ts:resolvePageDomHit","message":"dom hit resolved","data":{"clientX":610.5,"clientY":399,"method":"rect","hitKind":null},"timestamp":1787933420014,"hypothesisId":"B","runId":"ipad-fix2"}
{"sessionId":"516081","runId":"post-fix","hypothesisId":"A,B,C,D","location":"gestures/index.ts:dispatch","message":"workspace pointer","data":{"phase":"down","pointerType":"touch","kind":"finger","tool":"text","hitKind":"page","localX":0,"localY":0,"effectTypes":[],"isPrimary":true,"clientX":610.5,"clientY":399,"wrapCount":3,"nearest":[{"id":"b79c89c1-0922-4d8d-bae7-95238d32ff0d","w":5,"h":23,"l":603,"t":352,"r":608,"b":375,"inside":false},{"id":"b33a1f67-4108-4509-82bd-a5c9ccb050ed","w":5,"h":23,"l":603,"t":375,"r":608,"b":398,"inside":false},{"id":"0434644a-948c-429d-9b35-70326a337e62","w":5,"h":23,"l":603,"t":398,"r":608,"b":421,"inside":false}]},"timestamp":1787933420015}
{"sessionId":"6c5c15","location":"useEditorController.tsx:textTapUp","message":"text tap up","data":{"pointerType":"touch","hasPending":false,"dist":0},"timestamp":1787933420083,"hypothesisId":"A,E","runId":"post-fix2"}
{"sessionId":"6c5c15","location":"pageInkDom.ts:resolvePageDomHit","message":"dom hit resolved","data":{"clientX":610.5,"clientY":399,"method":"rect","hitKind":null},"timestamp":1787933420084,"hypothesisId":"B","runId":"ipad-fix2"}
{"sessionId":"6c5c15","location":"workspaceFsm.tsx:fingerTapUp","message":"finger tap up","data":{"tool":"text","downHitKind":"page","upHitKind":"page","usedHitKind":"page","effectTypes":[],"clientX":610.5,"clientY":399},"timestamp":1787933420085,"hypothesisId":"A,D,F","runId":"ipad-fix3"}
{"sessionId":"516081","runId":"post-fix","hypothesisId":"A,B,C,D","location":"gestures/index.ts:dispatch","message":"workspace pointer","data":{"phase":"up","pointerType":"touch","kind":"finger","tool":"text","hitKind":"page","localX":0,"localY":0,"effectTypes":[],"isPrimary":true,"clientX":610.5,"clientY":399,"wrapCount":3,"nearest":[{"id":"b79c89c1-0922-4d8d-bae7-95238d32ff0d","w":5,"h":23,"l":603,"t":352,"r":608,"b":375,"inside":false},{"id":"b33a1f67-4108-4509-82bd-a5c9ccb050ed","w":5,"h":23,"l":603,"t":375,"r":608,"b":398,"inside":false},{"id":"0434644a-948c-429d-9b35-70326a337e62","w":5,"h":23,"l":603,"t":398,"r":608,"b":421,"inside":false}]},"timestamp":1787933420085}
{"sessionId":"6c5c15","location":"useEditorController.tsx:textTapDown","message":"global pointerdown","data":{"pointerType":"touch","tracked":true},"timestamp":1787933420201,"hypothesisId":"A","runId":"post-fix"}
{"sessionId":"6c5c15","location":"pageInkDom.ts:resolvePageDomHit","message":"dom hit resolved","data":{"clientX":669,"clientY":345,"method":"rect","hitKind":null},"timestamp":1787933420203,"hypothesisId":"B","runId":"ipad-fix2"}
{"sessionId":"516081","runId":"post-fix","hypothesisId":"A,B,C,D","location":"gestures/index.ts:dispatch","message":"workspace pointer","data":{"phase":"down","pointerType":"touch","kind":"finger","tool":"text","hitKind":"pageText","textId":"0434644a-948c-429d-9b35-70326a337e62","localX":1200,"localY":0,"effectTypes":["selectText"],"isPrimary":true,"clientX":669,"clientY":345,"wrapCount":3,"nearest":[{"id":"b79c89c1-0922-4d8d-bae7-95238d32ff0d","w":5,"h":23,"l":603,"t":352,"r":608,"b":375,"inside":false},{"id":"b33a1f67-4108-4509-82bd-a5c9ccb050ed","w":5,"h":23,"l":603,"t":375,"r":608,"b":398,"inside":false},{"id":"0434644a-948c-429d-9b35-70326a337e62","w":5,"h":23,"l":603,"t":398,"r":608,"b":421,"inside":false}]},"timestamp":1787933420205}
{"sessionId":"516081","hypothesisId":"D","location":"workspaceEffects.ts:selectText","message":"selectText effect","data":{"textId":"0434644a-948c-429d-9b35-70326a337e62"},"timestamp":1787933420206}
{"sessionId":"6c5c15","location":"pageInkDom.ts:resolvePageDomHit","message":"dom hit resolved","data":{"clientX":665.5,"clientY":350,"method":"rect","hitKind":null},"timestamp":1787933420342,"hypothesisId":"B","runId":"ipad-fix2"}
{"sessionId":"6c5c15","location":"pageInkDom.ts:resolvePageDomHit","message":"dom hit resolved","data":{"clientX":665.5,"clientY":350,"method":"rect","hitKind":null},"timestamp":1787933420345,"hypothesisId":"B","runId":"ipad-fix2"}
{"sessionId":"6c5c15","location":"pageInkDom.ts:resolvePageDomHit","message":"dom hit resolved","data":{"clientX":661.5,"clientY":354,"method":"rect","hitKind":null},"timestamp":1787933420350,"hypothesisId":"B","runId":"ipad-fix2"}
{"sessionId":"6c5c15","location":"pageInkDom.ts:resolvePageDomHit","message":"dom hit resolved","data":{"clientX":658,"clientY":358,"method":"rect","hitKind":null},"timestamp":1787933420361,"hypothesisId":"B","runId":"ipad-fix2"}
{"sessionId":"516081","hypothesisId":"D","location":"workspaceEffects.ts:selectText","message":"selectText effect","data":{"textId":"0434644a-948c-429d-9b35-70326a337e62"},"timestamp":1787933420356}
{"sessionId":"516081","hypothesisId":"D","location":"workspaceEffects.ts:selectText","message":"selectText effect","data":{"textId":"0434644a-948c-429d-9b35-70326a337e62"},"timestamp":1787933420362}
{"sessionId":"6c5c15","location":"pageInkDom.ts:resolvePageDomHit","message":"dom hit resolved","data":{"clientX":652.5,"clientY":363,"method":"rect","hitKind":null},"timestamp":1787933420366,"hypothesisId":"B","runId":"ipad-fix2"}
{"sessionId":"516081","hypothesisId":"D","location":"workspaceEffects.ts:selectText","message":"selectText effect","data":{"textId":"0434644a-948c-429d-9b35-70326a337e62"},"timestamp":1787933420367}
{"sessionId":"6c5c15","location":"pageInkDom.ts:resolvePageDomHit","message":"dom hit resolved","data":{"clientX":647,"clientY":368.5,"method":"rect","hitKind":null},"timestamp":1787933420375,"hypothesisId":"B","runId":"ipad-fix2"}
{"sessionId":"516081","hypothesisId":"D","location":"workspaceEffects.ts:selectText","message":"selectText effect","data":{"textId":"0434644a-948c-429d-9b35-70326a337e62"},"timestamp":1787933420376}
{"sessionId":"6c5c15","location":"pageInkDom.ts:resolvePageDomHit","message":"dom hit resolved","data":{"clientX":641,"clientY":373.5,"method":"rect","hitKind":null},"timestamp":1787933420383,"hypothesisId":"B","runId":"ipad-fix2"}
{"sessionId":"516081","hypothesisId":"D","location":"workspaceEffects.ts:selectText","message":"selectText effect","data":{"textId":"0434644a-948c-429d-9b35-70326a337e62"},"timestamp":1787933420384}
{"sessionId":"6c5c15","location":"pageInkDom.ts:resolvePageDomHit","message":"dom hit resolved","data":{"clientX":634,"clientY":379.5,"method":"rect","hitKind":null},"timestamp":1787933420391,"hypothesisId":"B","runId":"ipad-fix2"}
{"sessionId":"516081","hypothesisId":"D","location":"workspaceEffects.ts:selectText","message":"selectText effect","data":{"textId":"0434644a-948c-429d-9b35-70326a337e62"},"timestamp":1787933420392}
{"sessionId":"6c5c15","location":"pageInkDom.ts:resolvePageDomHit","message":"dom hit resolved","data":{"clientX":628,"clientY":384.5,"method":"rect","hitKind":null},"timestamp":1787933420400,"hypothesisId":"B","runId":"ipad-fix2"}
{"sessionId":"516081","hypothesisId":"D","location":"workspaceEffects.ts:selectText","message":"selectText effect","data":{"textId":"0434644a-948c-429d-9b35-70326a337e62"},"timestamp":1787933420401}
{"sessionId":"6c5c15","location":"pageInkDom.ts:resolvePageDomHit","message":"dom hit resolved","data":{"clientX":623,"clientY":388.5,"method":"rect","hitKind":null},"timestamp":1787933420408,"hypothesisId":"B","runId":"ipad-fix2"}
{"sessionId":"516081","hypothesisId":"D","location":"workspaceEffects.ts:selectText","message":"selectText effect","data":{"textId":"0434644a-948c-429d-9b35-70326a337e62"},"timestamp":1787933420409}
{"sessionId":"6c5c15","location":"pageInkDom.ts:resolvePageDomHit","message":"dom hit resolved","data":{"clientX":617,"clientY":393,"method":"rect","hitKind":null},"timestamp":1787933420416,"hypothesisId":"B","runId":"ipad-fix2"}
{"sessionId":"516081","hypothesisId":"D","location":"workspaceEffects.ts:selectText","message":"selectText effect","data":{"textId":"0434644a-948c-429d-9b35-70326a337e62"},"timestamp":1787933420417}
{"sessionId":"6c5c15","location":"pageInkDom.ts:resolvePageDomHit","message":"dom hit resolved","data":{"clientX":611,"clientY":397.5,"method":"rect","hitKind":null},"timestamp":1787933420424,"hypothesisId":"B","runId":"ipad-fix2"}
{"sessionId":"516081","hypothesisId":"D","location":"workspaceEffects.ts:selectText","message":"selectText effect","data":{"textId":"0434644a-948c-429d-9b35-70326a337e62"},"timestamp":1787933420425}
{"sessionId":"6c5c15","location":"pageInkDom.ts:resolvePageDomHit","message":"dom hit resolved","data":{"clientX":604.5,"clientY":402.5,"method":"rect","hitKind":null},"timestamp":1787933420433,"hypothesisId":"B","runId":"ipad-fix2"}
{"sessionId":"516081","hypothesisId":"D","location":"workspaceEffects.ts:selectText","message":"selectText effect","data":{"textId":"0434644a-948c-429d-9b35-70326a337e62"},"timestamp":1787933420433}
{"sessionId":"6c5c15","location":"pageInkDom.ts:resolvePageDomHit","message":"dom hit resolved","data":{"clientX":599,"clientY":407,"method":"rect","hitKind":null},"timestamp":1787933420441,"hypothesisId":"B","runId":"ipad-fix2"}
{"sessionId":"516081","hypothesisId":"D","location":"workspaceEffects.ts:selectText","message":"selectText effect","data":{"textId":"0434644a-948c-429d-9b35-70326a337e62"},"timestamp":1787933420442}
{"sessionId":"6c5c15","location":"pageInkDom.ts:resolvePageDomHit","message":"dom hit resolved","data":{"clientX":593,"clientY":411.5,"method":"rect","hitKind":null},"timestamp":1787933420450,"hypothesisId":"B","runId":"ipad-fix2"}
{"sessionId":"516081","hypothesisId":"D","location":"workspaceEffects.ts:selectText","message":"selectText effect","data":{"textId":"0434644a-948c-429d-9b35-70326a337e62"},"timestamp":1787933420450}
{"sessionId":"6c5c15","location":"pageInkDom.ts:resolvePageDomHit","message":"dom hit resolved","data":{"clientX":589.5,"clientY":415,"method":"rect","hitKind":null},"timestamp":1787933420458,"hypothesisId":"B","runId":"ipad-fix2"}
{"sessionId":"516081","hypothesisId":"D","location":"workspaceEffects.ts:selectText","message":"selectText effect","data":{"textId":"0434644a-948c-429d-9b35-70326a337e62"},"timestamp":1787933420458}
{"sessionId":"6c5c15","location":"pageInkDom.ts:resolvePageDomHit","message":"dom hit resolved","data":{"clientX":586,"clientY":418,"method":"rect","hitKind":null},"timestamp":1787933420466,"hypothesisId":"B","runId":"ipad-fix2"}
{"sessionId":"516081","hypothesisId":"D","location":"workspaceEffects.ts:selectText","message":"selectText effect","data":{"textId":"0434644a-948c-429d-9b35-70326a337e62"},"timestamp":1787933420467}
{"sessionId":"6c5c15","location":"pageInkDom.ts:resolvePageDomHit","message":"dom hit resolved","data":{"clientX":583,"clientY":420,"method":"rect","hitKind":null},"timestamp":1787933420474,"hypothesisId":"B","runId":"ipad-fix2"}
{"sessionId":"516081","hypothesisId":"D","location":"workspaceEffects.ts:selectText","message":"selectText effect","data":{"textId":"0434644a-948c-429d-9b35-70326a337e62"},"timestamp":1787933420475}
{"sessionId":"6c5c15","location":"pageInkDom.ts:resolvePageDomHit","message":"dom hit resolved","data":{"clientX":582,"clientY":421,"method":"rect","hitKind":null},"timestamp":1787933420483,"hypothesisId":"B","runId":"ipad-fix2"}
{"sessionId":"516081","hypothesisId":"D","location":"workspaceEffects.ts:selectText","message":"selectText effect","data":{"textId":"0434644a-948c-429d-9b35-70326a337e62"},"timestamp":1787933420484}
{"sessionId":"6c5c15","location":"pageInkDom.ts:resolvePageDomHit","message":"dom hit resolved","data":{"clientX":580.5,"clientY":421.5,"method":"rect","hitKind":null},"timestamp":1787933420491,"hypothesisId":"B","runId":"ipad-fix2"}
{"sessionId":"516081","hypothesisId":"D","location":"workspaceEffects.ts:selectText","message":"selectText effect","data":{"textId":"0434644a-948c-429d-9b35-70326a337e62"},"timestamp":1787933420492}
{"sessionId":"6c5c15","location":"pageInkDom.ts:resolvePageDomHit","message":"dom hit resolved","data":{"clientX":580,"clientY":422,"method":"rect","hitKind":null},"timestamp":1787933420500,"hypothesisId":"B","runId":"ipad-fix2"}
{"sessionId":"516081","hypothesisId":"D","location":"workspaceEffects.ts:selectText","message":"selectText effect","data":{"textId":"0434644a-948c-429d-9b35-70326a337e62"},"timestamp":1787933420500}
{"sessionId":"6c5c15","location":"pageInkDom.ts:resolvePageDomHit","message":"dom hit resolved","data":{"clientX":578.5,"clientY":423.5,"method":"rect","hitKind":null},"timestamp":1787933420508,"hypothesisId":"B","runId":"ipad-fix2"}
{"sessionId":"516081","hypothesisId":"D","location":"workspaceEffects.ts:selectText","message":"selectText effect","data":{"textId":"0434644a-948c-429d-9b35-70326a337e62"},"timestamp":1787933420508}
{"sessionId":"6c5c15","location":"useEditorController.tsx:textTapUp","message":"text tap up","data":{"pointerType":"touch","hasPending":false,"dist":122.08398748402675},"timestamp":1787933420516,"hypothesisId":"A,E","runId":"post-fix2"}
{"sessionId":"6c5c15","location":"pageInkDom.ts:resolvePageDomHit","message":"dom hit resolved","data":{"clientX":575.5,"clientY":423.5,"method":"rect","hitKind":null},"timestamp":1787933420516,"hypothesisId":"B","runId":"ipad-fix2"}
{"sessionId":"516081","runId":"post-fix","hypothesisId":"A,B,C,D","location":"gestures/index.ts:dispatch","message":"workspace pointer","data":{"phase":"up","pointerType":"touch","kind":"finger","tool":"text","hitKind":"page","localX":0,"localY":0,"effectTypes":["commitTextTransform"],"isPrimary":true,"clientX":575.5,"clientY":423.5,"wrapCount":3,"nearest":[{"id":"0434644a-948c-429d-9b35-70326a337e62","w":5,"h":23,"l":533,"t":352,"r":538,"b":375,"inside":false},{"id":"b79c89c1-0922-4d8d-bae7-95238d32ff0d","w":5,"h":23,"l":603,"t":352,"r":608,"b":375,"inside":false},{"id":"b33a1f67-4108-4509-82bd-a5c9ccb050ed","w":5,"h":23,"l":603,"t":375,"r":608,"b":398,"inside":false}]},"timestamp":1787933420517}
{"sessionId":"6c5c15","location":"useEditorController.tsx:textTapDown","message":"global pointerdown","data":{"pointerType":"touch","tracked":true},"timestamp":1787933420627,"hypothesisId":"A","runId":"post-fix"}
{"sessionId":"6c5c15","location":"pageInkDom.ts:resolvePageDomHit","message":"dom hit resolved","data":{"clientX":603.5,"clientY":390,"method":"rect","hitKind":null},"timestamp":1787933420628,"hypothesisId":"B","runId":"ipad-fix2"}
{"sessionId":"516081","runId":"post-fix","hypothesisId":"A,B,C,D","location":"gestures/index.ts:dispatch","message":"workspace pointer","data":{"phase":"down","pointerType":"touch","kind":"finger","tool":"text","hitKind":"page","localX":0,"localY":0,"effectTypes":[],"isPrimary":true,"clientX":603.5,"clientY":390,"wrapCount":3,"nearest":[{"id":"0434644a-948c-429d-9b35-70326a337e62","w":5,"h":23,"l":533,"t":352,"r":538,"b":375,"inside":false},{"id":"b79c89c1-0922-4d8d-bae7-95238d32ff0d","w":5,"h":23,"l":603,"t":352,"r":608,"b":375,"inside":false},{"id":"b33a1f67-4108-4509-82bd-a5c9ccb050ed","w":5,"h":23,"l":603,"t":375,"r":608,"b":398,"inside":true}]},"timestamp":1787933420628}
{"sessionId":"6c5c15","location":"pageInkDom.ts:resolvePageDomHit","message":"dom hit resolved","data":{"clientX":599.5,"clientY":396.5,"method":"rect","hitKind":null},"timestamp":1787933420700,"hypothesisId":"B","runId":"ipad-fix2"}
{"sessionId":"6c5c15","location":"pageInkDom.ts:resolvePageDomHit","message":"dom hit resolved","data":{"clientX":599.5,"clientY":396.5,"method":"rect","hitKind":null},"timestamp":1787933420701,"hypothesisId":"B","runId":"ipad-fix2"}
{"sessionId":"6c5c15","location":"pageInkDom.ts:resolvePageDomHit","message":"dom hit resolved","data":{"clientX":594.5,"clientY":403,"method":"rect","hitKind":null},"timestamp":1787933420708,"hypothesisId":"B","runId":"ipad-fix2"}
{"sessionId":"6c5c15","location":"pageInkDom.ts:resolvePageDomHit","message":"dom hit resolved","data":{"clientX":589.5,"clientY":407.5,"method":"rect","hitKind":null},"timestamp":1787933420716,"hypothesisId":"B","runId":"ipad-fix2"}
{"sessionId":"6c5c15","location":"useEditorController.tsx:textTapUp","message":"text tap up","data":{"pointerType":"touch","hasPending":false,"dist":29.832867780352597},"timestamp":1787933420725,"hypothesisId":"A,E","runId":"post-fix2"}
{"sessionId":"6c5c15","location":"pageInkDom.ts:resolvePageDomHit","message":"dom hit resolved","data":{"clientX":584.5,"clientY":413,"method":"rect","hitKind":null},"timestamp":1787933420725,"hypothesisId":"B","runId":"ipad-fix2"}
{"sessionId":"516081","runId":"post-fix","hypothesisId":"A,B,C,D","location":"gestures/index.ts:dispatch","message":"workspace pointer","data":{"phase":"up","pointerType":"touch","kind":"finger","tool":"text","hitKind":"page","localX":1200,"localY":806.2732058858343,"effectTypes":[],"isPrimary":true,"clientX":584.5,"clientY":413,"wrapCount":3,"nearest":[{"id":"0434644a-948c-429d-9b35-70326a337e62","w":5,"h":23,"l":519,"t":369,"r":524,"b":392,"inside":false},{"id":"b79c89c1-0922-4d8d-bae7-95238d32ff0d","w":5,"h":23,"l":589,"t":369,"r":594,"b":392,"inside":false},{"id":"b33a1f67-4108-4509-82bd-a5c9ccb050ed","w":5,"h":23,"l":589,"t":392,"r":594,"b":415,"inside":false}]},"timestamp":1787933420726}
{"sessionId":"6c5c15","location":"useEditorController.tsx:textTapDown","message":"global pointerdown","data":{"pointerType":"touch","tracked":true},"timestamp":1787933421174,"hypothesisId":"A","runId":"post-fix"}
{"sessionId":"6c5c15","location":"pageInkDom.ts:resolvePageDomHit","message":"dom hit resolved","data":{"clientX":630,"clientY":341,"method":"rect","hitKind":null},"timestamp":1787933421176,"hypothesisId":"B","runId":"ipad-fix2"}
{"sessionId":"516081","runId":"post-fix","hypothesisId":"A,B,C,D","location":"gestures/index.ts:dispatch","message":"workspace pointer","data":{"phase":"down","pointerType":"touch","kind":"finger","tool":"text","hitKind":"pageText","textId":"b79c89c1-0922-4d8d-bae7-95238d32ff0d","localX":750.424789482204,"localY":0,"effectTypes":["selectText"],"isPrimary":true,"clientX":630,"clientY":341,"wrapCount":3,"nearest":[{"id":"0434644a-948c-429d-9b35-70326a337e62","w":5,"h":23,"l":519,"t":369,"r":524,"b":392,"inside":false},{"id":"b79c89c1-0922-4d8d-bae7-95238d32ff0d","w":5,"h":23,"l":589,"t":369,"r":594,"b":392,"inside":false},{"id":"b33a1f67-4108-4509-82bd-a5c9ccb050ed","w":5,"h":23,"l":589,"t":392,"r":594,"b":415,"inside":false}]},"timestamp":1787933421184}
{"sessionId":"516081","hypothesisId":"D","location":"workspaceEffects.ts:selectText","message":"selectText effect","data":{"textId":"b79c89c1-0922-4d8d-bae7-95238d32ff0d"},"timestamp":1787933421184}
{"sessionId":"6c5c15","location":"useEditorController.tsx:textTapDown","message":"global pointerdown","data":{"pointerType":"touch","tracked":true},"timestamp":1787933421220,"hypothesisId":"A","runId":"post-fix"}
{"sessionId":"6c5c15","location":"pageInkDom.ts:resolvePageDomHit","message":"dom hit resolved","data":{"clientX":612,"clientY":601,"method":"rect","hitKind":null},"timestamp":1787933421221,"hypothesisId":"B","runId":"ipad-fix2"}
{"sessionId":"516081","runId":"post-fix","hypothesisId":"A,B,C,D","location":"gestures/index.ts:dispatch","message":"workspace pointer","data":{"phase":"down","pointerType":"touch","kind":"finger","tool":"text","hitKind":"empty","effectTypes":[],"isPrimary":false,"clientX":612,"clientY":601,"wrapCount":3,"nearest":[{"id":"0434644a-948c-429d-9b35-70326a337e62","w":5,"h":23,"l":519,"t":369,"r":524,"b":392,"inside":false},{"id":"b79c89c1-0922-4d8d-bae7-95238d32ff0d","w":5,"h":23,"l":589,"t":369,"r":594,"b":392,"inside":false},{"id":"b33a1f67-4108-4509-82bd-a5c9ccb050ed","w":5,"h":23,"l":589,"t":392,"r":594,"b":415,"inside":false}]},"timestamp":1787933421221}
{"sessionId":"6c5c15","location":"pageInkDom.ts:resolvePageDomHit","message":"dom hit resolved","data":{"clientX":630.5,"clientY":338,"method":"rect","hitKind":null},"timestamp":1787933421222,"hypothesisId":"B","runId":"ipad-fix2"}
{"sessionId":"6c5c15","location":"pageInkDom.ts:resolvePageDomHit","message":"dom hit resolved","data":{"clientX":630.5,"clientY":338,"method":"rect","hitKind":null},"timestamp":1787933421223,"hypothesisId":"B","runId":"ipad-fix2"}
{"sessionId":"6c5c15","location":"pageInkDom.ts:resolvePageDomHit","message":"dom hit resolved","data":{"clientX":630.5,"clientY":335.5,"method":"rect","hitKind":null},"timestamp":1787933421229,"hypothesisId":"B","runId":"ipad-fix2"}
{"sessionId":"6c5c15","location":"pageInkDom.ts:resolvePageDomHit","message":"dom hit resolved","data":{"clientX":612,"clientY":601,"method":"rect","hitKind":null},"timestamp":1787933421230,"hypothesisId":"B","runId":"ipad-fix2"}
{"sessionId":"6c5c15","location":"pageInkDom.ts:resolvePageDomHit","message":"dom hit resolved","data":{"clientX":630.5,"clientY":332.5,"method":"rect","hitKind":null},"timestamp":1787933421234,"hypothesisId":"B","runId":"ipad-fix2"}
{"sessionId":"6c5c15","location":"pageInkDom.ts:resolvePageDomHit","message":"dom hit resolved","data":{"clientX":632,"clientY":329.5,"method":"rect","hitKind":null},"timestamp":1787933421241,"hypothesisId":"B","runId":"ipad-fix2"}
{"sessionId":"6c5c15","location":"pageInkDom.ts:resolvePageDomHit","message":"dom hit resolved","data":{"clientX":633,"clientY":326.5,"method":"rect","hitKind":null},"timestamp":1787933421250,"hypothesisId":"B","runId":"ipad-fix2"}
{"sessionId":"6c5c15","location":"pageInkDom.ts:resolvePageDomHit","message":"dom hit resolved","data":{"clientX":635,"clientY":324,"method":"rect","hitKind":null},"timestamp":1787933421258,"hypothesisId":"B","runId":"ipad-fix2"}
{"sessionId":"6c5c15","location":"pageInkDom.ts:resolvePageDomHit","message":"dom hit resolved","data":{"clientX":637,"clientY":321,"method":"rect","hitKind":null},"timestamp":1787933421267,"hypothesisId":"B","runId":"ipad-fix2"}
{"sessionId":"6c5c15","location":"pageInkDom.ts:resolvePageDomHit","message":"dom hit resolved","data":{"clientX":638.5,"clientY":318,"method":"rect","hitKind":null},"timestamp":1787933421275,"hypothesisId":"B","runId":"ipad-fix2"}
{"sessionId":"6c5c15","location":"pageInkDom.ts:resolvePageDomHit","message":"dom hit resolved","data":{"clientX":640,"clientY":315,"method":"rect","hitKind":null},"timestamp":1787933421283,"hypothesisId":"B","runId":"ipad-fix2"}
{"sessionId":"6c5c15","location":"pageInkDom.ts:resolvePageDomHit","message":"dom hit resolved","data":{"clientX":642,"clientY":311.5,"method":"rect","hitKind":null},"timestamp":1787933421292,"hypothesisId":"B","runId":"ipad-fix2"}
{"sessionId":"6c5c15","location":"pageInkDom.ts:resolvePageDomHit","message":"dom hit resolved","data":{"clientX":603.5,"clientY":598.5,"method":"rect","hitKind":null},"timestamp":1787933421292,"hypothesisId":"B","runId":"ipad-fix2"}
{"sessionId":"6c5c15","location":"pageInkDom.ts:resolvePageDomHit","message":"dom hit resolved","data":{"clientX":643.5,"clientY":306.5,"method":"rect","hitKind":null},"timestamp":1787933421300,"hypothesisId":"B","runId":"ipad-fix2"}
{"sessionId":"6c5c15","location":"pageInkDom.ts:resolvePageDomHit","message":"dom hit resolved","data":{"clientX":599.5,"clientY":603.5,"method":"rect","hitKind":null},"timestamp":1787933421301,"hypothesisId":"B","runId":"ipad-fix2"}
{"sessionId":"6c5c15","location":"pageInkDom.ts:resolvePageDomHit","message":"dom hit resolved","data":{"clientX":645.5,"clientY":299.5,"method":"rect","hitKind":null},"timestamp":1787933421310,"hypothesisId":"B","runId":"ipad-fix2"}
{"sessionId":"6c5c15","location":"pageInkDom.ts:resolvePageDomHit","message":"dom hit resolved","data":{"clientX":594.5,"clientY":609.5,"method":"rect","hitKind":null},"timestamp":1787933421311,"hypothesisId":"B","runId":"ipad-fix2"}
{"sessionId":"6c5c15","location":"pageInkDom.ts:resolvePageDomHit","message":"dom hit resolved","data":{"clientX":648,"clientY":292,"method":"rect","hitKind":null},"timestamp":1787933421317,"hypothesisId":"B","runId":"ipad-fix2"}
{"sessionId":"6c5c15","location":"pageInkDom.ts:resolvePageDomHit","message":"dom hit resolved","data":{"clientX":589.5,"clientY":615.5,"method":"rect","hitKind":null},"timestamp":1787933421317,"hypothesisId":"B","runId":"ipad-fix2"}
{"sessionId":"6c5c15","location":"pageInkDom.ts:resolvePageDomHit","message":"dom hit resolved","data":{"clientX":652,"clientY":282.5,"method":"rect","hitKind":null},"timestamp":1787933421325,"hypothesisId":"B","runId":"ipad-fix2"}
{"sessionId":"6c5c15","location":"pageInkDom.ts:resolvePageDomHit","message":"dom hit resolved","data":{"clientX":585,"clientY":622.5,"method":"rect","hitKind":null},"timestamp":1787933421325,"hypothesisId":"B","runId":"ipad-fix2"}
{"sessionId":"6c5c15","location":"pageInkDom.ts:resolvePageDomHit","message":"dom hit resolved","data":{"clientX":655,"clientY":276,"method":"rect","hitKind":null},"timestamp":1787933421333,"hypothesisId":"B","runId":"ipad-fix2"}
{"sessionId":"6c5c15","location":"pageInkDom.ts:resolvePageDomHit","message":"dom hit resolved","data":{"clientX":580.5,"clientY":628.5,"method":"rect","hitKind":null},"timestamp":1787933421334,"hypothesisId":"B","runId":"ipad-fix2"}
{"sessionId":"6c5c15","location":"pageInkDom.ts:resolvePageDomHit","message":"dom hit resolved","data":{"clientX":658.5,"clientY":269,"method":"rect","hitKind":null},"timestamp":1787933421342,"hypothesisId":"B","runId":"ipad-fix2"}
{"sessionId":"6c5c15","location":"pageInkDom.ts:resolvePageDomHit","message":"dom hit resolved","data":{"clientX":578,"clientY":632.5,"method":"rect","hitKind":null},"timestamp":1787933421342,"hypothesisId":"B","runId":"ipad-fix2"}
{"sessionId":"6c5c15","location":"pageInkDom.ts:resolvePageDomHit","message":"dom hit resolved","data":{"clientX":661.5,"clientY":265.5,"method":"rect","hitKind":null},"timestamp":1787933421350,"hypothesisId":"B","runId":"ipad-fix2"}
{"sessionId":"6c5c15","location":"pageInkDom.ts:resolvePageDomHit","message":"dom hit resolved","data":{"clientX":576.5,"clientY":637,"method":"rect","hitKind":null},"timestamp":1787933421351,"hypothesisId":"B","runId":"ipad-fix2"}
{"sessionId":"6c5c15","location":"pageInkDom.ts:resolvePageDomHit","message":"dom hit resolved","data":{"clientX":664,"clientY":261.5,"method":"rect","hitKind":null},"timestamp":1787933421358,"hypothesisId":"B","runId":"ipad-fix2"}
{"sessionId":"6c5c15","location":"pageInkDom.ts:resolvePageDomHit","message":"dom hit resolved","data":{"clientX":575,"clientY":640,"method":"rect","hitKind":null},"timestamp":1787933421359,"hypothesisId":"B","runId":"ipad-fix2"}
{"sessionId":"6c5c15","location":"pageInkDom.ts:resolvePageDomHit","message":"dom hit resolved","data":{"clientX":666.5,"clientY":260.5,"method":"rect","hitKind":null},"timestamp":1787933421367,"hypothesisId":"B","runId":"ipad-fix2"}
{"sessionId":"6c5c15","location":"pageInkDom.ts:resolvePageDomHit","message":"dom hit resolved","data":{"clientX":575,"clientY":642,"method":"rect","hitKind":null},"timestamp":1787933421367,"hypothesisId":"B","runId":"ipad-fix2"}
{"sessionId":"6c5c15","location":"pageInkDom.ts:resolvePageDomHit","message":"dom hit resolved","data":{"clientX":667.5,"clientY":258.5,"method":"rect","hitKind":null},"timestamp":1787933421375,"hypothesisId":"B","runId":"ipad-fix2"}
{"sessionId":"6c5c15","location":"pageInkDom.ts:resolvePageDomHit","message":"dom hit resolved","data":{"clientX":575,"clientY":644,"method":"rect","hitKind":null},"timestamp":1787933421376,"hypothesisId":"B","runId":"ipad-fix2"}
{"sessionId":"6c5c15","location":"pageInkDom.ts:resolvePageDomHit","message":"dom hit resolved","data":{"clientX":668.5,"clientY":258.5,"method":"rect","hitKind":null},"timestamp":1787933421383,"hypothesisId":"B","runId":"ipad-fix2"}
{"sessionId":"6c5c15","location":"pageInkDom.ts:resolvePageDomHit","message":"dom hit resolved","data":{"clientX":575,"clientY":645.5,"method":"rect","hitKind":null},"timestamp":1787933421384,"hypothesisId":"B","runId":"ipad-fix2"}
{"sessionId":"6c5c15","location":"pageInkDom.ts:resolvePageDomHit","message":"dom hit resolved","data":{"clientX":669,"clientY":258,"method":"rect","hitKind":null},"timestamp":1787933421392,"hypothesisId":"B","runId":"ipad-fix2"}
{"sessionId":"6c5c15","location":"pageInkDom.ts:resolvePageDomHit","message":"dom hit resolved","data":{"clientX":575,"clientY":647,"method":"rect","hitKind":null},"timestamp":1787933421392,"hypothesisId":"B","runId":"ipad-fix2"}
{"sessionId":"6c5c15","location":"pageInkDom.ts:resolvePageDomHit","message":"dom hit resolved","data":{"clientX":575,"clientY":649.5,"method":"rect","hitKind":null},"timestamp":1787933421400,"hypothesisId":"B","runId":"ipad-fix2"}
{"sessionId":"6c5c15","location":"pageInkDom.ts:resolvePageDomHit","message":"dom hit resolved","data":{"clientX":575,"clientY":652,"method":"rect","hitKind":null},"timestamp":1787933421408,"hypothesisId":"B","runId":"ipad-fix2"}
{"sessionId":"6c5c15","location":"pageInkDom.ts:resolvePageDomHit","message":"dom hit resolved","data":{"clientX":574,"clientY":654.5,"method":"rect","hitKind":null},"timestamp":1787933421417,"hypothesisId":"B","runId":"ipad-fix2"}
{"sessionId":"6c5c15","location":"pageInkDom.ts:resolvePageDomHit","message":"dom hit resolved","data":{"clientX":573,"clientY":657.5,"method":"rect","hitKind":null},"timestamp":1787933421425,"hypothesisId":"B","runId":"ipad-fix2"}
{"sessionId":"6c5c15","location":"pageInkDom.ts:resolvePageDomHit","message":"dom hit resolved","data":{"clientX":669,"clientY":257.5,"method":"rect","hitKind":null},"timestamp":1787933421433,"hypothesisId":"B","runId":"ipad-fix2"}
{"sessionId":"6c5c15","location":"pageInkDom.ts:resolvePageDomHit","message":"dom hit resolved","data":{"clientX":571.5,"clientY":661,"method":"rect","hitKind":null},"timestamp":1787933421434,"hypothesisId":"B","runId":"ipad-fix2"}
{"sessionId":"6c5c15","location":"pageInkDom.ts:resolvePageDomHit","message":"dom hit resolved","data":{"clientX":669.5,"clientY":255.5,"method":"rect","hitKind":null},"timestamp":1787933421442,"hypothesisId":"B","runId":"ipad-fix2"}
{"sessionId":"6c5c15","location":"pageInkDom.ts:resolvePageDomHit","message":"dom hit resolved","data":{"clientX":570,"clientY":664.5,"method":"rect","hitKind":null},"timestamp":1787933421442,"hypothesisId":"B","runId":"ipad-fix2"}
{"sessionId":"6c5c15","location":"pageInkDom.ts:resolvePageDomHit","message":"dom hit resolved","data":{"clientX":671,"clientY":254,"method":"rect","hitKind":null},"timestamp":1787933421450,"hypothesisId":"B","runId":"ipad-fix2"}
{"sessionId":"6c5c15","location":"pageInkDom.ts:resolvePageDomHit","message":"dom hit resolved","data":{"clientX":568.5,"clientY":668,"method":"rect","hitKind":null},"timestamp":1787933421451,"hypothesisId":"B","runId":"ipad-fix2"}
{"sessionId":"6c5c15","location":"pageInkDom.ts:resolvePageDomHit","message":"dom hit resolved","data":{"clientX":673,"clientY":251,"method":"rect","hitKind":null},"timestamp":1787933421458,"hypothesisId":"B","runId":"ipad-fix2"}
{"sessionId":"6c5c15","location":"pageInkDom.ts:resolvePageDomHit","message":"dom hit resolved","data":{"clientX":566.5,"clientY":671.5,"method":"rect","hitKind":null},"timestamp":1787933421459,"hypothesisId":"B","runId":"ipad-fix2"}
{"sessionId":"6c5c15","location":"pageInkDom.ts:resolvePageDomHit","message":"dom hit resolved","data":{"clientX":675,"clientY":250,"method":"rect","hitKind":null},"timestamp":1787933421467,"hypothesisId":"B","runId":"ipad-fix2"}
{"sessionId":"6c5c15","location":"pageInkDom.ts:resolvePageDomHit","message":"dom hit resolved","data":{"clientX":565.5,"clientY":674.5,"method":"rect","hitKind":null},"timestamp":1787933421467,"hypothesisId":"B","runId":"ipad-fix2"}
{"sessionId":"6c5c15","location":"pageInkDom.ts:resolvePageDomHit","message":"dom hit resolved","data":{"clientX":676,"clientY":247,"method":"rect","hitKind":null},"timestamp":1787933421475,"hypothesisId":"B","runId":"ipad-fix2"}
{"sessionId":"6c5c15","location":"pageInkDom.ts:resolvePageDomHit","message":"dom hit resolved","data":{"clientX":564.5,"clientY":677,"method":"rect","hitKind":null},"timestamp":1787933421476,"hypothesisId":"B","runId":"ipad-fix2"}
{"sessionId":"6c5c15","location":"pageInkDom.ts:resolvePageDomHit","message":"dom hit resolved","data":{"clientX":677.5,"clientY":246.5,"method":"rect","hitKind":null},"timestamp":1787933421483,"hypothesisId":"B","runId":"ipad-fix2"}
{"sessionId":"6c5c15","location":"pageInkDom.ts:resolvePageDomHit","message":"dom hit resolved","data":{"clientX":564.5,"clientY":679,"method":"rect","hitKind":null},"timestamp":1787933421484,"hypothesisId":"B","runId":"ipad-fix2"}
{"sessionId":"6c5c15","location":"pageInkDom.ts:resolvePageDomHit","message":"dom hit resolved","data":{"clientX":678,"clientY":245,"method":"rect","hitKind":null},"timestamp":1787933421492,"hypothesisId":"B","runId":"ipad-fix2"}
{"sessionId":"6c5c15","location":"pageInkDom.ts:resolvePageDomHit","message":"dom hit resolved","data":{"clientX":563.5,"clientY":680.5,"method":"rect","hitKind":null},"timestamp":1787933421492,"hypothesisId":"B","runId":"ipad-fix2"}
{"sessionId":"6c5c15","location":"pageInkDom.ts:resolvePageDomHit","message":"dom hit resolved","data":{"clientX":678.5,"clientY":245,"method":"rect","hitKind":null},"timestamp":1787933421500,"hypothesisId":"B","runId":"ipad-fix2"}
{"sessionId":"6c5c15","location":"pageInkDom.ts:resolvePageDomHit","message":"dom hit resolved","data":{"clientX":563.5,"clientY":682,"method":"rect","hitKind":null},"timestamp":1787933421501,"hypothesisId":"B","runId":"ipad-fix2"}
{"sessionId":"6c5c15","location":"pageInkDom.ts:resolvePageDomHit","message":"dom hit resolved","data":{"clientX":678.5,"clientY":244,"method":"rect","hitKind":null},"timestamp":1787933421508,"hypothesisId":"B","runId":"ipad-fix2"}
{"sessionId":"6c5c15","location":"pageInkDom.ts:resolvePageDomHit","message":"dom hit resolved","data":{"clientX":563.5,"clientY":683.5,"method":"rect","hitKind":null},"timestamp":1787933421509,"hypothesisId":"B","runId":"ipad-fix2"}
{"sessionId":"6c5c15","location":"pageInkDom.ts:resolvePageDomHit","message":"dom hit resolved","data":{"clientX":679,"clientY":244,"method":"rect","hitKind":null},"timestamp":1787933421517,"hypothesisId":"B","runId":"ipad-fix2"}
{"sessionId":"6c5c15","location":"pageInkDom.ts:resolvePageDomHit","message":"dom hit resolved","data":{"clientX":563.5,"clientY":685,"method":"rect","hitKind":null},"timestamp":1787933421517,"hypothesisId":"B","runId":"ipad-fix2"}
{"sessionId":"6c5c15","location":"pageInkDom.ts:resolvePageDomHit","message":"dom hit resolved","data":{"clientX":679.5,"clientY":242.5,"method":"rect","hitKind":null},"timestamp":1787933421525,"hypothesisId":"B","runId":"ipad-fix2"}
{"sessionId":"6c5c15","location":"pageInkDom.ts:resolvePageDomHit","message":"dom hit resolved","data":{"clientX":563.5,"clientY":686,"method":"rect","hitKind":null},"timestamp":1787933421526,"hypothesisId":"B","runId":"ipad-fix2"}
{"sessionId":"6c5c15","location":"pageInkDom.ts:resolvePageDomHit","message":"dom hit resolved","data":{"clientX":681.5,"clientY":242,"method":"rect","hitKind":null},"timestamp":1787933421533,"hypothesisId":"B","runId":"ipad-fix2"}
{"sessionId":"6c5c15","location":"pageInkDom.ts:resolvePageDomHit","message":"dom hit resolved","data":{"clientX":563.5,"clientY":688.5,"method":"rect","hitKind":null},"timestamp":1787933421534,"hypothesisId":"B","runId":"ipad-fix2"}
{"sessionId":"6c5c15","location":"pageInkDom.ts:resolvePageDomHit","message":"dom hit resolved","data":{"clientX":684,"clientY":238.5,"method":"rect","hitKind":null},"timestamp":1787933421542,"hypothesisId":"B","runId":"ipad-fix2"}
{"sessionId":"6c5c15","location":"pageInkDom.ts:resolvePageDomHit","message":"dom hit resolved","data":{"clientX":563,"clientY":689.5,"method":"rect","hitKind":null},"timestamp":1787933421542,"hypothesisId":"B","runId":"ipad-fix2"}
{"sessionId":"6c5c15","location":"pageInkDom.ts:resolvePageDomHit","message":"dom hit resolved","data":{"clientX":688,"clientY":236,"method":"rect","hitKind":null},"timestamp":1787933421550,"hypothesisId":"B","runId":"ipad-fix2"}
{"sessionId":"6c5c15","location":"pageInkDom.ts:resolvePageDomHit","message":"dom hit resolved","data":{"clientX":563,"clientY":691.5,"method":"rect","hitKind":null},"timestamp":1787933421551,"hypothesisId":"B","runId":"ipad-fix2"}
{"sessionId":"6c5c15","location":"pageInkDom.ts:resolvePageDomHit","message":"dom hit resolved","data":{"clientX":694,"clientY":229,"method":"rect","hitKind":null},"timestamp":1787933421558,"hypothesisId":"B","runId":"ipad-fix2"}
{"sessionId":"6c5c15","location":"pageInkDom.ts:resolvePageDomHit","message":"dom hit resolved","data":{"clientX":562,"clientY":693,"method":"rect","hitKind":null},"timestamp":1787933421559,"hypothesisId":"B","runId":"ipad-fix2"}
{"sessionId":"6c5c15","location":"pageInkDom.ts:resolvePageDomHit","message":"dom hit resolved","data":{"clientX":698,"clientY":226,"method":"rect","hitKind":null},"timestamp":1787933421567,"hypothesisId":"B","runId":"ipad-fix2"}
{"sessionId":"6c5c15","location":"pageInkDom.ts:resolvePageDomHit","message":"dom hit resolved","data":{"clientX":562,"clientY":694.5,"method":"rect","hitKind":null},"timestamp":1787933421567,"hypothesisId":"B","runId":"ipad-fix2"}
{"sessionId":"6c5c15","location":"pageInkDom.ts:resolvePageDomHit","message":"dom hit resolved","data":{"clientX":702.5,"clientY":220.5,"method":"rect","hitKind":null},"timestamp":1787933421575,"hypothesisId":"B","runId":"ipad-fix2"}
{"sessionId":"6c5c15","location":"pageInkDom.ts:resolvePageDomHit","message":"dom hit resolved","data":{"clientX":561.5,"clientY":695.5,"method":"rect","hitKind":null},"timestamp":1787933421576,"hypothesisId":"B","runId":"ipad-fix2"}
{"sessionId":"6c5c15","location":"pageInkDom.ts:resolvePageDomHit","message":"dom hit resolved","data":{"clientX":706,"clientY":217,"method":"rect","hitKind":null},"timestamp":1787933421583,"hypothesisId":"B","runId":"ipad-fix2"}
{"sessionId":"6c5c15","location":"pageInkDom.ts:resolvePageDomHit","message":"dom hit resolved","data":{"clientX":561.5,"clientY":696,"method":"rect","hitKind":null},"timestamp":1787933421584,"hypothesisId":"B","runId":"ipad-fix2"}
{"sessionId":"6c5c15","location":"pageInkDom.ts:resolvePageDomHit","message":"dom hit resolved","data":{"clientX":710,"clientY":212,"method":"rect","hitKind":null},"timestamp":1787933421592,"hypothesisId":"B","runId":"ipad-fix2"}
{"sessionId":"6c5c15","location":"pageInkDom.ts:resolvePageDomHit","message":"dom hit resolved","data":{"clientX":561.5,"clientY":696.5,"method":"rect","hitKind":null},"timestamp":1787933421593,"hypothesisId":"B","runId":"ipad-fix2"}
{"sessionId":"6c5c15","location":"pageInkDom.ts:resolvePageDomHit","message":"dom hit resolved","data":{"clientX":713.5,"clientY":209,"method":"rect","hitKind":null},"timestamp":1787933421600,"hypothesisId":"B","runId":"ipad-fix2"}
{"sessionId":"6c5c15","location":"pageInkDom.ts:resolvePageDomHit","message":"dom hit resolved","data":{"clientX":716,"clientY":205.5,"method":"rect","hitKind":null},"timestamp":1787933421609,"hypothesisId":"B","runId":"ipad-fix2"}
{"sessionId":"6c5c15","location":"pageInkDom.ts:resolvePageDomHit","message":"dom hit resolved","data":{"clientX":718,"clientY":204,"method":"rect","hitKind":null},"timestamp":1787933421617,"hypothesisId":"B","runId":"ipad-fix2"}
{"sessionId":"6c5c15","location":"pageInkDom.ts:resolvePageDomHit","message":"dom hit resolved","data":{"clientX":719.5,"clientY":202,"method":"rect","hitKind":null},"timestamp":1787933421625,"hypothesisId":"B","runId":"ipad-fix2"}
{"sessionId":"6c5c15","location":"pageInkDom.ts:resolvePageDomHit","message":"dom hit resolved","data":{"clientX":720,"clientY":201.5,"method":"rect","hitKind":null},"timestamp":1787933421633,"hypothesisId":"B","runId":"ipad-fix2"}
{"sessionId":"6c5c15","location":"pageInkDom.ts:resolvePageDomHit","message":"dom hit resolved","data":{"clientX":562,"clientY":696.5,"method":"rect","hitKind":null},"timestamp":1787933421634,"hypothesisId":"B","runId":"ipad-fix2"}
{"sessionId":"6c5c15","location":"pageInkDom.ts:resolvePageDomHit","message":"dom hit resolved","data":{"clientX":720.5,"clientY":201,"method":"rect","hitKind":null},"timestamp":1787933421642,"hypothesisId":"B","runId":"ipad-fix2"}
{"sessionId":"6c5c15","location":"pageInkDom.ts:resolvePageDomHit","message":"dom hit resolved","data":{"clientX":721,"clientY":200.5,"method":"rect","hitKind":null},"timestamp":1787933421650,"hypothesisId":"B","runId":"ipad-fix2"}
{"sessionId":"6c5c15","location":"pageInkDom.ts:resolvePageDomHit","message":"dom hit resolved","data":{"clientX":562.5,"clientY":696.5,"method":"rect","hitKind":null},"timestamp":1787933421651,"hypothesisId":"B","runId":"ipad-fix2"}
{"sessionId":"6c5c15","location":"pageInkDom.ts:resolvePageDomHit","message":"dom hit resolved","data":{"clientX":721,"clientY":200,"method":"rect","hitKind":null},"timestamp":1787933421659,"hypothesisId":"B","runId":"ipad-fix2"}
{"sessionId":"6c5c15","location":"pageInkDom.ts:resolvePageDomHit","message":"dom hit resolved","data":{"clientX":563,"clientY":697.5,"method":"rect","hitKind":null},"timestamp":1787933421659,"hypothesisId":"B","runId":"ipad-fix2"}
{"sessionId":"6c5c15","location":"pageInkDom.ts:resolvePageDomHit","message":"dom hit resolved","data":{"clientX":563.5,"clientY":698.5,"method":"rect","hitKind":null},"timestamp":1787933421667,"hypothesisId":"B","runId":"ipad-fix2"}
{"sessionId":"6c5c15","location":"pageInkDom.ts:resolvePageDomHit","message":"dom hit resolved","data":{"clientX":721.5,"clientY":200,"method":"rect","hitKind":null},"timestamp":1787933421675,"hypothesisId":"B","runId":"ipad-fix2"}
{"sessionId":"6c5c15","location":"pageInkDom.ts:resolvePageDomHit","message":"dom hit resolved","data":{"clientX":564,"clientY":700,"method":"rect","hitKind":null},"timestamp":1787933421676,"hypothesisId":"B","runId":"ipad-fix2"}
{"sessionId":"6c5c15","location":"pageInkDom.ts:resolvePageDomHit","message":"dom hit resolved","data":{"clientX":565,"clientY":701,"method":"rect","hitKind":null},"timestamp":1787933421684,"hypothesisId":"B","runId":"ipad-fix2"}
{"sessionId":"6c5c15","location":"pageInkDom.ts:resolvePageDomHit","message":"dom hit resolved","data":{"clientX":721.5,"clientY":199.5,"method":"rect","hitKind":null},"timestamp":1787933421692,"hypothesisId":"B","runId":"ipad-fix2"}
{"sessionId":"6c5c15","location":"pageInkDom.ts:resolvePageDomHit","message":"dom hit resolved","data":{"clientX":565.5,"clientY":702.5,"method":"rect","hitKind":null},"timestamp":1787933421693,"hypothesisId":"B","runId":"ipad-fix2"}
{"sessionId":"6c5c15","location":"pageInkDom.ts:resolvePageDomHit","message":"dom hit resolved","data":{"clientX":722,"clientY":199,"method":"rect","hitKind":null},"timestamp":1787933421700,"hypothesisId":"B","runId":"ipad-fix2"}
{"sessionId":"6c5c15","location":"pageInkDom.ts:resolvePageDomHit","message":"dom hit resolved","data":{"clientX":565.5,"clientY":703,"method":"rect","hitKind":null},"timestamp":1787933421701,"hypothesisId":"B","runId":"ipad-fix2"}
{"sessionId":"6c5c15","location":"pageInkDom.ts:resolvePageDomHit","message":"dom hit resolved","data":{"clientX":722.5,"clientY":197.5,"method":"rect","hitKind":null},"timestamp":1787933421709,"hypothesisId":"B","runId":"ipad-fix2"}
{"sessionId":"6c5c15","location":"pageInkDom.ts:resolvePageDomHit","message":"dom hit resolved","data":{"clientX":566,"clientY":704,"method":"rect","hitKind":null},"timestamp":1787933421709,"hypothesisId":"B","runId":"ipad-fix2"}
{"sessionId":"6c5c15","location":"pageInkDom.ts:resolvePageDomHit","message":"dom hit resolved","data":{"clientX":723.5,"clientY":197,"method":"rect","hitKind":null},"timestamp":1787933421717,"hypothesisId":"B","runId":"ipad-fix2"}
{"sessionId":"6c5c15","location":"pageInkDom.ts:resolvePageDomHit","message":"dom hit resolved","data":{"clientX":567,"clientY":705,"method":"rect","hitKind":null},"timestamp":1787933421717,"hypothesisId":"B","runId":"ipad-fix2"}
{"sessionId":"6c5c15","location":"pageInkDom.ts:resolvePageDomHit","message":"dom hit resolved","data":{"clientX":724,"clientY":196,"method":"rect","hitKind":null},"timestamp":1787933421725,"hypothesisId":"B","runId":"ipad-fix2"}
{"sessionId":"6c5c15","location":"pageInkDom.ts:resolvePageDomHit","message":"dom hit resolved","data":{"clientX":567.5,"clientY":705,"method":"rect","hitKind":null},"timestamp":1787933421726,"hypothesisId":"B","runId":"ipad-fix2"}
{"sessionId":"6c5c15","location":"pageInkDom.ts:resolvePageDomHit","message":"dom hit resolved","data":{"clientX":724.5,"clientY":195.5,"method":"rect","hitKind":null},"timestamp":1787933421734,"hypothesisId":"B","runId":"ipad-fix2"}
{"sessionId":"6c5c15","location":"pageInkDom.ts:resolvePageDomHit","message":"dom hit resolved","data":{"clientX":568,"clientY":705.5,"method":"rect","hitKind":null},"timestamp":1787933421734,"hypothesisId":"B","runId":"ipad-fix2"}
{"sessionId":"6c5c15","location":"pageInkDom.ts:resolvePageDomHit","message":"dom hit resolved","data":{"clientX":725,"clientY":195,"method":"rect","hitKind":null},"timestamp":1787933421742,"hypothesisId":"B","runId":"ipad-fix2"}
{"sessionId":"6c5c15","location":"pageInkDom.ts:resolvePageDomHit","message":"dom hit resolved","data":{"clientX":568.5,"clientY":705.5,"method":"rect","hitKind":null},"timestamp":1787933421742,"hypothesisId":"B","runId":"ipad-fix2"}
{"sessionId":"6c5c15","location":"pageInkDom.ts:resolvePageDomHit","message":"dom hit resolved","data":{"clientX":569.5,"clientY":705.5,"method":"rect","hitKind":null},"timestamp":1787933421750,"hypothesisId":"B","runId":"ipad-fix2"}
{"sessionId":"6c5c15","location":"pageInkDom.ts:resolvePageDomHit","message":"dom hit resolved","data":{"clientX":570,"clientY":705.5,"method":"rect","hitKind":null},"timestamp":1787933421759,"hypothesisId":"B","runId":"ipad-fix2"}
{"sessionId":"6c5c15","location":"pageInkDom.ts:resolvePageDomHit","message":"dom hit resolved","data":{"clientX":571,"clientY":706,"method":"rect","hitKind":null},"timestamp":1787933421767,"hypothesisId":"B","runId":"ipad-fix2"}
{"sessionId":"6c5c15","location":"pageInkDom.ts:resolvePageDomHit","message":"dom hit resolved","data":{"clientX":571.5,"clientY":706,"method":"rect","hitKind":null},"timestamp":1787933421775,"hypothesisId":"B","runId":"ipad-fix2"}
{"sessionId":"6c5c15","location":"pageInkDom.ts:resolvePageDomHit","message":"dom hit resolved","data":{"clientX":572.5,"clientY":706,"method":"rect","hitKind":null},"timestamp":1787933421783,"hypothesisId":"B","runId":"ipad-fix2"}
{"sessionId":"6c5c15","location":"pageInkDom.ts:resolvePageDomHit","message":"dom hit resolved","data":{"clientX":573,"clientY":706,"method":"rect","hitKind":null},"timestamp":1787933421800,"hypothesisId":"B","runId":"ipad-fix2"}
{"sessionId":"6c5c15","location":"pageInkDom.ts:resolvePageDomHit","message":"dom hit resolved","data":{"clientX":725,"clientY":195.5,"method":"rect","hitKind":null},"timestamp":1787933421817,"hypothesisId":"B","runId":"ipad-fix2"}
{"sessionId":"6c5c15","location":"pageInkDom.ts:resolvePageDomHit","message":"dom hit resolved","data":{"clientX":574,"clientY":706,"method":"rect","hitKind":null},"timestamp":1787933421818,"hypothesisId":"B","runId":"ipad-fix2"}
{"sessionId":"6c5c15","location":"pageInkDom.ts:resolvePageDomHit","message":"dom hit resolved","data":{"clientX":725,"clientY":197.5,"method":"rect","hitKind":null},"timestamp":1787933421825,"hypothesisId":"B","runId":"ipad-fix2"}
{"sessionId":"6c5c15","location":"pageInkDom.ts:resolvePageDomHit","message":"dom hit resolved","data":{"clientX":574.5,"clientY":706,"method":"rect","hitKind":null},"timestamp":1787933421826,"hypothesisId":"B","runId":"ipad-fix2"}
{"sessionId":"6c5c15","location":"pageInkDom.ts:resolvePageDomHit","message":"dom hit resolved","data":{"clientX":723.5,"clientY":200.5,"method":"rect","hitKind":null},"timestamp":1787933421834,"hypothesisId":"B","runId":"ipad-fix2"}
{"sessionId":"6c5c15","location":"pageInkDom.ts:resolvePageDomHit","message":"dom hit resolved","data":{"clientX":576.5,"clientY":705.5,"method":"rect","hitKind":null},"timestamp":1787933421834,"hypothesisId":"B","runId":"ipad-fix2"}
{"sessionId":"6c5c15","location":"pageInkDom.ts:resolvePageDomHit","message":"dom hit resolved","data":{"clientX":720.5,"clientY":203.5,"method":"rect","hitKind":null},"timestamp":1787933421842,"hypothesisId":"B","runId":"ipad-fix2"}
{"sessionId":"516081","runId":"post-fix","hypothesisId":"A,B,C,D","location":"gestures/index.ts:dispatch","message":"workspace pointer","data":{"phase":"up","pointerType":"touch","kind":"finger","tool":"text","hitKind":"slot","effectTypes":[],"isPrimary":true,"clientX":720.5,"clientY":203.5,"wrapCount":3,"nearest":[{"id":"0434644a-948c-429d-9b35-70326a337e62","w":12,"h":52,"l":388,"t":258,"r":400,"b":311,"inside":false},{"id":"b79c89c1-0922-4d8d-bae7-95238d32ff0d","w":12,"h":52,"l":547,"t":258,"r":559,"b":311,"inside":false},{"id":"b33a1f67-4108-4509-82bd-a5c9ccb050ed","w":12,"h":52,"l":547,"t":311,"r":559,"b":363,"inside":false}]},"timestamp":1787933421843}
{"sessionId":"6c5c15","location":"useEditorController.tsx:textTapUp","message":"text tap up","data":{"pointerType":"touch","hasPending":false,"dist":107.20541031123382},"timestamp":1787933421843,"hypothesisId":"A,E","runId":"post-fix2"}
{"sessionId":"6c5c15","location":"pageInkDom.ts:resolvePageDomHit","message":"dom hit resolved","data":{"clientX":579,"clientY":703,"method":"rect","hitKind":null},"timestamp":1787933421843,"hypothesisId":"B","runId":"ipad-fix2"}
{"sessionId":"516081","runId":"post-fix","hypothesisId":"A,B,C,D","location":"gestures/index.ts:dispatch","message":"workspace pointer","data":{"phase":"up","pointerType":"touch","kind":"finger","tool":"text","hitKind":"empty","effectTypes":[],"isPrimary":false,"clientX":579,"clientY":703,"wrapCount":3,"nearest":[{"id":"0434644a-948c-429d-9b35-70326a337e62","w":12,"h":52,"l":388,"t":258,"r":400,"b":311,"inside":false},{"id":"b79c89c1-0922-4d8d-bae7-95238d32ff0d","w":12,"h":52,"l":547,"t":258,"r":559,"b":311,"inside":false},{"id":"b33a1f67-4108-4509-82bd-a5c9ccb050ed","w":12,"h":52,"l":547,"t":311,"r":559,"b":363,"inside":false}]},"timestamp":1787933421843}
{"sessionId":"6c5c15","location":"pageInkDom.ts:resolvePageDomHit","message":"dom hit resolved","data":{"clientX":697,"clientY":294,"method":"rect","hitKind":null},"timestamp":1787933422784,"hypothesisId":"B","runId":"ipad-fix2"}
{"sessionId":"6c5c15","location":"useEditorController.tsx:textTapDown","message":"global pointerdown","data":{"pointerType":"pen","tracked":true},"timestamp":1787933422782,"hypothesisId":"A","runId":"post-fix"}
{"sessionId":"516081","runId":"post-fix","hypothesisId":"A,B,C,D","location":"gestures/index.ts:dispatch","message":"workspace pointer","data":{"phase":"down","pointerType":"pen","kind":"pencil","tool":"text","hitKind":"slot","effectTypes":[],"isPrimary":true,"clientX":697,"clientY":294,"wrapCount":3,"nearest":[{"id":"0434644a-948c-429d-9b35-70326a337e62","w":12,"h":52,"l":388,"t":258,"r":400,"b":311,"inside":false},{"id":"b79c89c1-0922-4d8d-bae7-95238d32ff0d","w":12,"h":52,"l":547,"t":258,"r":559,"b":311,"inside":false},{"id":"b33a1f67-4108-4509-82bd-a5c9ccb050ed","w":12,"h":52,"l":547,"t":311,"r":559,"b":363,"inside":false}]},"timestamp":1787933422786}
{"sessionId":"6c5c15","location":"pageInkDom.ts:resolvePageDomHit","message":"dom hit resolved","data":{"clientX":696,"clientY":294,"method":"rect","hitKind":null},"timestamp":1787933422798,"hypothesisId":"B","runId":"ipad-fix2"}
{"sessionId":"6c5c15","location":"pageInkDom.ts:resolvePageDomHit","message":"dom hit resolved","data":{"clientX":695,"clientY":294,"method":"rect","hitKind":null},"timestamp":1787933422801,"hypothesisId":"B","runId":"ipad-fix2"}
{"sessionId":"6c5c15","location":"pageInkDom.ts:resolvePageDomHit","message":"dom hit resolved","data":{"clientX":695,"clientY":294,"method":"rect","hitKind":null},"timestamp":1787933422801,"hypothesisId":"B","runId":"ipad-fix2"}
{"sessionId":"6c5c15","location":"pageInkDom.ts:resolvePageDomHit","message":"dom hit resolved","data":{"clientX":695,"clientY":294,"method":"rect","hitKind":null},"timestamp":1787933422809,"hypothesisId":"B","runId":"ipad-fix2"}
{"sessionId":"6c5c15","location":"pageInkDom.ts:resolvePageDomHit","message":"dom hit resolved","data":{"clientX":695,"clientY":294,"method":"rect","hitKind":null},"timestamp":1787933422817,"hypothesisId":"B","runId":"ipad-fix2"}
{"sessionId":"6c5c15","location":"pageInkDom.ts:resolvePageDomHit","message":"dom hit resolved","data":{"clientX":695,"clientY":294,"method":"rect","hitKind":null},"timestamp":1787933422826,"hypothesisId":"B","runId":"ipad-fix2"}
{"sessionId":"6c5c15","location":"pageInkDom.ts:resolvePageDomHit","message":"dom hit resolved","data":{"clientX":695,"clientY":294,"method":"rect","hitKind":null},"timestamp":1787933422834,"hypothesisId":"B","runId":"ipad-fix2"}
{"sessionId":"6c5c15","location":"pageInkDom.ts:resolvePageDomHit","message":"dom hit resolved","data":{"clientX":695,"clientY":294,"method":"rect","hitKind":null},"timestamp":1787933422842,"hypothesisId":"B","runId":"ipad-fix2"}
{"sessionId":"6c5c15","location":"pageInkDom.ts:resolvePageDomHit","message":"dom hit resolved","data":{"clientX":695,"clientY":294,"method":"rect","hitKind":null},"timestamp":1787933422851,"hypothesisId":"B","runId":"ipad-fix2"}
{"sessionId":"6c5c15","location":"pageInkDom.ts:resolvePageDomHit","message":"dom hit resolved","data":{"clientX":695,"clientY":294,"method":"rect","hitKind":null},"timestamp":1787933422860,"hypothesisId":"B","runId":"ipad-fix2"}
{"sessionId":"6c5c15","location":"pageInkDom.ts:resolvePageDomHit","message":"dom hit resolved","data":{"clientX":695,"clientY":294,"method":"rect","hitKind":null},"timestamp":1787933422867,"hypothesisId":"B","runId":"ipad-fix2"}
{"sessionId":"6c5c15","location":"pageInkDom.ts:resolvePageDomHit","message":"dom hit resolved","data":{"clientX":695,"clientY":294,"method":"rect","hitKind":null},"timestamp":1787933422876,"hypothesisId":"B","runId":"ipad-fix2"}
{"sessionId":"6c5c15","location":"pageInkDom.ts:resolvePageDomHit","message":"dom hit resolved","data":{"clientX":694.5,"clientY":295,"method":"rect","hitKind":null},"timestamp":1787933422884,"hypothesisId":"B","runId":"ipad-fix2"}
{"sessionId":"6c5c15","location":"pageInkDom.ts:resolvePageDomHit","message":"dom hit resolved","data":{"clientX":694.5,"clientY":295,"method":"rect","hitKind":null},"timestamp":1787933422885,"hypothesisId":"B","runId":"ipad-fix2"}
{"sessionId":"6c5c15","location":"pageInkDom.ts:resolvePageDomHit","message":"dom hit resolved","data":{"clientX":694,"clientY":295.5,"method":"rect","hitKind":null},"timestamp":1787933422894,"hypothesisId":"B","runId":"ipad-fix2"}
{"sessionId":"6c5c15","location":"pageInkDom.ts:resolvePageDomHit","message":"dom hit resolved","data":{"clientX":694,"clientY":295.5,"method":"rect","hitKind":null},"timestamp":1787933422895,"hypothesisId":"B","runId":"ipad-fix2"}
{"sessionId":"6c5c15","location":"pageInkDom.ts:resolvePageDomHit","message":"dom hit resolved","data":{"clientX":693,"clientY":296.5,"method":"rect","hitKind":null},"timestamp":1787933422901,"hypothesisId":"B","runId":"ipad-fix2"}
{"sessionId":"6c5c15","location":"pageInkDom.ts:resolvePageDomHit","message":"dom hit resolved","data":{"clientX":693,"clientY":296.5,"method":"rect","hitKind":null},"timestamp":1787933422901,"hypothesisId":"B","runId":"ipad-fix2"}
{"sessionId":"6c5c15","location":"pageInkDom.ts:resolvePageDomHit","message":"dom hit resolved","data":{"clientX":692,"clientY":297.5,"method":"rect","hitKind":null},"timestamp":1787933422909,"hypothesisId":"B","runId":"ipad-fix2"}
{"sessionId":"6c5c15","location":"pageInkDom.ts:resolvePageDomHit","message":"dom hit resolved","data":{"clientX":692,"clientY":297.5,"method":"rect","hitKind":null},"timestamp":1787933422910,"hypothesisId":"B","runId":"ipad-fix2"}
{"sessionId":"6c5c15","location":"pageInkDom.ts:resolvePageDomHit","message":"dom hit resolved","data":{"clientX":691,"clientY":298.5,"method":"rect","hitKind":null},"timestamp":1787933422919,"hypothesisId":"B","runId":"ipad-fix2"}
{"sessionId":"6c5c15","location":"pageInkDom.ts:resolvePageDomHit","message":"dom hit resolved","data":{"clientX":691,"clientY":298.5,"method":"rect","hitKind":null},"timestamp":1787933422921,"hypothesisId":"B","runId":"ipad-fix2"}
{"sessionId":"6c5c15","location":"pageInkDom.ts:resolvePageDomHit","message":"dom hit resolved","data":{"clientX":690.5,"clientY":299,"method":"rect","hitKind":null},"timestamp":1787933422926,"hypothesisId":"B","runId":"ipad-fix2"}
{"sessionId":"6c5c15","location":"pageInkDom.ts:resolvePageDomHit","message":"dom hit resolved","data":{"clientX":690.5,"clientY":299,"method":"rect","hitKind":null},"timestamp":1787933422926,"hypothesisId":"B","runId":"ipad-fix2"}
{"sessionId":"6c5c15","location":"pageInkDom.ts:resolvePageDomHit","message":"dom hit resolved","data":{"clientX":690,"clientY":299.5,"method":"rect","hitKind":null},"timestamp":1787933422934,"hypothesisId":"B","runId":"ipad-fix2"}
{"sessionId":"6c5c15","location":"pageInkDom.ts:resolvePageDomHit","message":"dom hit resolved","data":{"clientX":690,"clientY":299.5,"method":"rect","hitKind":null},"timestamp":1787933422935,"hypothesisId":"B","runId":"ipad-fix2"}
{"sessionId":"6c5c15","location":"pageInkDom.ts:resolvePageDomHit","message":"dom hit resolved","data":{"clientX":690,"clientY":300,"method":"rect","hitKind":null},"timestamp":1787933422943,"hypothesisId":"B","runId":"ipad-fix2"}
{"sessionId":"6c5c15","location":"pageInkDom.ts:resolvePageDomHit","message":"dom hit resolved","data":{"clientX":690,"clientY":300,"method":"rect","hitKind":null},"timestamp":1787933422943,"hypothesisId":"B","runId":"ipad-fix2"}
{"sessionId":"6c5c15","location":"pageInkDom.ts:resolvePageDomHit","message":"dom hit resolved","data":{"clientX":690,"clientY":300,"method":"rect","hitKind":null},"timestamp":1787933422951,"hypothesisId":"B","runId":"ipad-fix2"}
{"sessionId":"6c5c15","location":"pageInkDom.ts:resolvePageDomHit","message":"dom hit resolved","data":{"clientX":690,"clientY":300,"method":"rect","hitKind":null},"timestamp":1787933422959,"hypothesisId":"B","runId":"ipad-fix2"}
{"sessionId":"6c5c15","location":"pageInkDom.ts:resolvePageDomHit","message":"dom hit resolved","data":{"clientX":689.5,"clientY":300,"method":"rect","hitKind":null},"timestamp":1787933422967,"hypothesisId":"B","runId":"ipad-fix2"}
{"sessionId":"6c5c15","location":"pageInkDom.ts:resolvePageDomHit","message":"dom hit resolved","data":{"clientX":689.5,"clientY":300,"method":"rect","hitKind":null},"timestamp":1787933422968,"hypothesisId":"B","runId":"ipad-fix2"}
{"sessionId":"6c5c15","location":"pageInkDom.ts:resolvePageDomHit","message":"dom hit resolved","data":{"clientX":689,"clientY":300.5,"method":"rect","hitKind":null},"timestamp":1787933422977,"hypothesisId":"B","runId":"ipad-fix2"}
{"sessionId":"6c5c15","location":"pageInkDom.ts:resolvePageDomHit","message":"dom hit resolved","data":{"clientX":689,"clientY":300.5,"method":"rect","hitKind":null},"timestamp":1787933422979,"hypothesisId":"B","runId":"ipad-fix2"}
{"sessionId":"6c5c15","location":"pageInkDom.ts:resolvePageDomHit","message":"dom hit resolved","data":{"clientX":688,"clientY":301.5,"method":"rect","hitKind":null},"timestamp":1787933422984,"hypothesisId":"B","runId":"ipad-fix2"}
{"sessionId":"6c5c15","location":"pageInkDom.ts:resolvePageDomHit","message":"dom hit resolved","data":{"clientX":688,"clientY":301.5,"method":"rect","hitKind":null},"timestamp":1787933422985,"hypothesisId":"B","runId":"ipad-fix2"}
{"sessionId":"6c5c15","location":"pageInkDom.ts:resolvePageDomHit","message":"dom hit resolved","data":{"clientX":687,"clientY":302.5,"method":"rect","hitKind":null},"timestamp":1787933422992,"hypothesisId":"B","runId":"ipad-fix2"}
{"sessionId":"6c5c15","location":"pageInkDom.ts:resolvePageDomHit","message":"dom hit resolved","data":{"clientX":687,"clientY":302.5,"method":"rect","hitKind":null},"timestamp":1787933422993,"hypothesisId":"B","runId":"ipad-fix2"}
{"sessionId":"6c5c15","location":"pageInkDom.ts:resolvePageDomHit","message":"dom hit resolved","data":{"clientX":685.5,"clientY":303.5,"method":"rect","hitKind":null},"timestamp":1787933423001,"hypothesisId":"B","runId":"ipad-fix2"}
{"sessionId":"6c5c15","location":"pageInkDom.ts:resolvePageDomHit","message":"dom hit resolved","data":{"clientX":685.5,"clientY":303.5,"method":"rect","hitKind":null},"timestamp":1787933423001,"hypothesisId":"B","runId":"ipad-fix2"}
{"sessionId":"6c5c15","location":"pageInkDom.ts:resolvePageDomHit","message":"dom hit resolved","data":{"clientX":684.5,"clientY":304.5,"method":"rect","hitKind":null},"timestamp":1787933423010,"hypothesisId":"B","runId":"ipad-fix2"}
{"sessionId":"6c5c15","location":"pageInkDom.ts:resolvePageDomHit","message":"dom hit resolved","data":{"clientX":684.5,"clientY":304.5,"method":"rect","hitKind":null},"timestamp":1787933423011,"hypothesisId":"B","runId":"ipad-fix2"}
{"sessionId":"6c5c15","location":"pageInkDom.ts:resolvePageDomHit","message":"dom hit resolved","data":{"clientX":683.5,"clientY":305,"method":"rect","hitKind":null},"timestamp":1787933423017,"hypothesisId":"B","runId":"ipad-fix2"}
{"sessionId":"6c5c15","location":"pageInkDom.ts:resolvePageDomHit","message":"dom hit resolved","data":{"clientX":683.5,"clientY":305,"method":"rect","hitKind":null},"timestamp":1787933423018,"hypothesisId":"B","runId":"ipad-fix2"}
{"sessionId":"6c5c15","location":"pageInkDom.ts:resolvePageDomHit","message":"dom hit resolved","data":{"clientX":682.5,"clientY":305.5,"method":"rect","hitKind":null},"timestamp":1787933423027,"hypothesisId":"B","runId":"ipad-fix2"}
{"sessionId":"6c5c15","location":"pageInkDom.ts:resolvePageDomHit","message":"dom hit resolved","data":{"clientX":682.5,"clientY":305.5,"method":"rect","hitKind":null},"timestamp":1787933423028,"hypothesisId":"B","runId":"ipad-fix2"}
{"sessionId":"6c5c15","location":"pageInkDom.ts:resolvePageDomHit","message":"dom hit resolved","data":{"clientX":681.5,"clientY":306.5,"method":"rect","hitKind":null},"timestamp":1787933423034,"hypothesisId":"B","runId":"ipad-fix2"}
{"sessionId":"6c5c15","location":"pageInkDom.ts:resolvePageDomHit","message":"dom hit resolved","data":{"clientX":681.5,"clientY":306.5,"method":"rect","hitKind":null},"timestamp":1787933423035,"hypothesisId":"B","runId":"ipad-fix2"}
{"sessionId":"6c5c15","location":"pageInkDom.ts:resolvePageDomHit","message":"dom hit resolved","data":{"clientX":680.5,"clientY":307,"method":"rect","hitKind":null},"timestamp":1787933423043,"hypothesisId":"B","runId":"ipad-fix2"}
{"sessionId":"6c5c15","location":"pageInkDom.ts:resolvePageDomHit","message":"dom hit resolved","data":{"clientX":680.5,"clientY":307,"method":"rect","hitKind":null},"timestamp":1787933423043,"hypothesisId":"B","runId":"ipad-fix2"}
{"sessionId":"6c5c15","location":"pageInkDom.ts:resolvePageDomHit","message":"dom hit resolved","data":{"clientX":680,"clientY":308,"method":"rect","hitKind":null},"timestamp":1787933423051,"hypothesisId":"B","runId":"ipad-fix2"}
{"sessionId":"6c5c15","location":"pageInkDom.ts:resolvePageDomHit","message":"dom hit resolved","data":{"clientX":680,"clientY":308,"method":"rect","hitKind":null},"timestamp":1787933423051,"hypothesisId":"B","runId":"ipad-fix2"}
{"sessionId":"6c5c15","location":"pageInkDom.ts:resolvePageDomHit","message":"dom hit resolved","data":{"clientX":679,"clientY":308.5,"method":"rect","hitKind":null},"timestamp":1787933423060,"hypothesisId":"B","runId":"ipad-fix2"}
{"sessionId":"6c5c15","location":"pageInkDom.ts:resolvePageDomHit","message":"dom hit resolved","data":{"clientX":679,"clientY":308.5,"method":"rect","hitKind":null},"timestamp":1787933423062,"hypothesisId":"B","runId":"ipad-fix2"}
{"sessionId":"6c5c15","location":"pageInkDom.ts:resolvePageDomHit","message":"dom hit resolved","data":{"clientX":678.5,"clientY":309.5,"method":"rect","hitKind":null},"timestamp":1787933423068,"hypothesisId":"B","runId":"ipad-fix2"}
{"sessionId":"6c5c15","location":"pageInkDom.ts:resolvePageDomHit","message":"dom hit resolved","data":{"clientX":678.5,"clientY":309.5,"method":"rect","hitKind":null},"timestamp":1787933423068,"hypothesisId":"B","runId":"ipad-fix2"}
{"sessionId":"6c5c15","location":"pageInkDom.ts:resolvePageDomHit","message":"dom hit resolved","data":{"clientX":677,"clientY":310.5,"method":"rect","hitKind":null},"timestamp":1787933423076,"hypothesisId":"B","runId":"ipad-fix2"}
{"sessionId":"6c5c15","location":"pageInkDom.ts:resolvePageDomHit","message":"dom hit resolved","data":{"clientX":677,"clientY":310.5,"method":"rect","hitKind":null},"timestamp":1787933423076,"hypothesisId":"B","runId":"ipad-fix2"}
{"sessionId":"6c5c15","location":"pageInkDom.ts:resolvePageDomHit","message":"dom hit resolved","data":{"clientX":675.5,"clientY":312,"method":"rect","hitKind":null},"timestamp":1787933423084,"hypothesisId":"B","runId":"ipad-fix2"}
{"sessionId":"6c5c15","location":"pageInkDom.ts:resolvePageDomHit","message":"dom hit resolved","data":{"clientX":675.5,"clientY":312,"method":"rect","hitKind":null},"timestamp":1787933423085,"hypothesisId":"B","runId":"ipad-fix2"}
{"sessionId":"6c5c15","location":"pageInkDom.ts:resolvePageDomHit","message":"dom hit resolved","data":{"clientX":674,"clientY":313.5,"method":"rect","hitKind":null},"timestamp":1787933423093,"hypothesisId":"B","runId":"ipad-fix2"}
{"sessionId":"6c5c15","location":"pageInkDom.ts:resolvePageDomHit","message":"dom hit resolved","data":{"clientX":674,"clientY":313.5,"method":"rect","hitKind":null},"timestamp":1787933423093,"hypothesisId":"B","runId":"ipad-fix2"}
{"sessionId":"6c5c15","location":"pageInkDom.ts:resolvePageDomHit","message":"dom hit resolved","data":{"clientX":671.5,"clientY":315.5,"method":"rect","hitKind":null},"timestamp":1787933423102,"hypothesisId":"B","runId":"ipad-fix2"}
{"sessionId":"6c5c15","location":"pageInkDom.ts:resolvePageDomHit","message":"dom hit resolved","data":{"clientX":671.5,"clientY":315.5,"method":"rect","hitKind":null},"timestamp":1787933423104,"hypothesisId":"B","runId":"ipad-fix2"}
{"sessionId":"6c5c15","location":"pageInkDom.ts:resolvePageDomHit","message":"dom hit resolved","data":{"clientX":669,"clientY":317.5,"method":"rect","hitKind":null},"timestamp":1787933423109,"hypothesisId":"B","runId":"ipad-fix2"}
{"sessionId":"6c5c15","location":"pageInkDom.ts:resolvePageDomHit","message":"dom hit resolved","data":{"clientX":669,"clientY":317.5,"method":"rect","hitKind":null},"timestamp":1787933423110,"hypothesisId":"B","runId":"ipad-fix2"}
{"sessionId":"6c5c15","location":"pageInkDom.ts:resolvePageDomHit","message":"dom hit resolved","data":{"clientX":666.5,"clientY":320,"method":"rect","hitKind":null},"timestamp":1787933423119,"hypothesisId":"B","runId":"ipad-fix2"}
{"sessionId":"6c5c15","location":"pageInkDom.ts:resolvePageDomHit","message":"dom hit resolved","data":{"clientX":666.5,"clientY":320,"method":"rect","hitKind":null},"timestamp":1787933423120,"hypothesisId":"B","runId":"ipad-fix2"}
{"sessionId":"6c5c15","location":"pageInkDom.ts:resolvePageDomHit","message":"dom hit resolved","data":{"clientX":663.5,"clientY":321.5,"method":"rect","hitKind":null},"timestamp":1787933423126,"hypothesisId":"B","runId":"ipad-fix2"}
{"sessionId":"6c5c15","location":"pageInkDom.ts:resolvePageDomHit","message":"dom hit resolved","data":{"clientX":663.5,"clientY":321.5,"method":"rect","hitKind":null},"timestamp":1787933423126,"hypothesisId":"B","runId":"ipad-fix2"}
{"sessionId":"6c5c15","location":"pageInkDom.ts:resolvePageDomHit","message":"dom hit resolved","data":{"clientX":661.5,"clientY":323.5,"method":"rect","hitKind":null},"timestamp":1787933423134,"hypothesisId":"B","runId":"ipad-fix2"}
{"sessionId":"6c5c15","location":"pageInkDom.ts:resolvePageDomHit","message":"dom hit resolved","data":{"clientX":661.5,"clientY":323.5,"method":"rect","hitKind":null},"timestamp":1787933423135,"hypothesisId":"B","runId":"ipad-fix2"}
{"sessionId":"6c5c15","location":"pageInkDom.ts:resolvePageDomHit","message":"dom hit resolved","data":{"clientX":659.5,"clientY":325,"method":"rect","hitKind":null},"timestamp":1787933423143,"hypothesisId":"B","runId":"ipad-fix2"}
{"sessionId":"6c5c15","location":"pageInkDom.ts:resolvePageDomHit","message":"dom hit resolved","data":{"clientX":659.5,"clientY":325,"method":"rect","hitKind":null},"timestamp":1787933423143,"hypothesisId":"B","runId":"ipad-fix2"}
{"sessionId":"6c5c15","location":"pageInkDom.ts:resolvePageDomHit","message":"dom hit resolved","data":{"clientX":658,"clientY":326,"method":"rect","hitKind":null},"timestamp":1787933423151,"hypothesisId":"B","runId":"ipad-fix2"}
{"sessionId":"6c5c15","location":"pageInkDom.ts:resolvePageDomHit","message":"dom hit resolved","data":{"clientX":658,"clientY":326,"method":"rect","hitKind":null},"timestamp":1787933423152,"hypothesisId":"B","runId":"ipad-fix2"}
{"sessionId":"6c5c15","location":"pageInkDom.ts:resolvePageDomHit","message":"dom hit resolved","data":{"clientX":656.5,"clientY":327,"method":"rect","hitKind":null},"timestamp":1787933423159,"hypothesisId":"B","runId":"ipad-fix2"}
{"sessionId":"6c5c15","location":"pageInkDom.ts:resolvePageDomHit","message":"dom hit resolved","data":{"clientX":656.5,"clientY":327,"method":"rect","hitKind":null},"timestamp":1787933423160,"hypothesisId":"B","runId":"ipad-fix2"}
{"sessionId":"6c5c15","location":"pageInkDom.ts:resolvePageDomHit","message":"dom hit resolved","data":{"clientX":655,"clientY":328.5,"method":"rect","hitKind":null},"timestamp":1787933423168,"hypothesisId":"B","runId":"ipad-fix2"}
{"sessionId":"6c5c15","location":"pageInkDom.ts:resolvePageDomHit","message":"dom hit resolved","data":{"clientX":655,"clientY":328.5,"method":"rect","hitKind":null},"timestamp":1787933423168,"hypothesisId":"B","runId":"ipad-fix2"}
{"sessionId":"6c5c15","location":"pageInkDom.ts:resolvePageDomHit","message":"dom hit resolved","data":{"clientX":653,"clientY":330,"method":"rect","hitKind":null},"timestamp":1787933423176,"hypothesisId":"B","runId":"ipad-fix2"}
{"sessionId":"6c5c15","location":"pageInkDom.ts:resolvePageDomHit","message":"dom hit resolved","data":{"clientX":653,"clientY":330,"method":"rect","hitKind":null},"timestamp":1787933423176,"hypothesisId":"B","runId":"ipad-fix2"}
{"sessionId":"6c5c15","location":"pageInkDom.ts:resolvePageDomHit","message":"dom hit resolved","data":{"clientX":651,"clientY":331.5,"method":"rect","hitKind":null},"timestamp":1787933423186,"hypothesisId":"B","runId":"ipad-fix2"}
{"sessionId":"6c5c15","location":"pageInkDom.ts:resolvePageDomHit","message":"dom hit resolved","data":{"clientX":651,"clientY":331.5,"method":"rect","hitKind":null},"timestamp":1787933423187,"hypothesisId":"B","runId":"ipad-fix2"}
{"sessionId":"6c5c15","location":"pageInkDom.ts:resolvePageDomHit","message":"dom hit resolved","data":{"clientX":648,"clientY":333.5,"method":"rect","hitKind":null},"timestamp":1787933423193,"hypothesisId":"B","runId":"ipad-fix2"}
{"sessionId":"6c5c15","location":"pageInkDom.ts:resolvePageDomHit","message":"dom hit resolved","data":{"clientX":648,"clientY":333.5,"method":"rect","hitKind":null},"timestamp":1787933423193,"hypothesisId":"B","runId":"ipad-fix2"}
{"sessionId":"6c5c15","location":"pageInkDom.ts:resolvePageDomHit","message":"dom hit resolved","data":{"clientX":644.5,"clientY":336,"method":"rect","hitKind":null},"timestamp":1787933423201,"hypothesisId":"B","runId":"ipad-fix2"}
{"sessionId":"6c5c15","location":"pageInkDom.ts:resolvePageDomHit","message":"dom hit resolved","data":{"clientX":644.5,"clientY":336,"method":"rect","hitKind":null},"timestamp":1787933423201,"hypothesisId":"B","runId":"ipad-fix2"}
{"sessionId":"6c5c15","location":"pageInkDom.ts:resolvePageDomHit","message":"dom hit resolved","data":{"clientX":640.5,"clientY":338.5,"method":"rect","hitKind":null},"timestamp":1787933423209,"hypothesisId":"B","runId":"ipad-fix2"}
{"sessionId":"6c5c15","location":"pageInkDom.ts:resolvePageDomHit","message":"dom hit resolved","data":{"clientX":640.5,"clientY":338.5,"method":"rect","hitKind":null},"timestamp":1787933423210,"hypothesisId":"B","runId":"ipad-fix2"}
{"sessionId":"6c5c15","location":"pageInkDom.ts:resolvePageDomHit","message":"dom hit resolved","data":{"clientX":637,"clientY":341,"method":"rect","hitKind":null},"timestamp":1787933423218,"hypothesisId":"B","runId":"ipad-fix2"}
{"sessionId":"6c5c15","location":"pageInkDom.ts:resolvePageDomHit","message":"dom hit resolved","data":{"clientX":637,"clientY":341,"method":"rect","hitKind":null},"timestamp":1787933423218,"hypothesisId":"B","runId":"ipad-fix2"}
{"sessionId":"6c5c15","location":"pageInkDom.ts:resolvePageDomHit","message":"dom hit resolved","data":{"clientX":633.5,"clientY":343.5,"method":"rect","hitKind":null},"timestamp":1787933423226,"hypothesisId":"B","runId":"ipad-fix2"}
{"sessionId":"6c5c15","location":"pageInkDom.ts:resolvePageDomHit","message":"dom hit resolved","data":{"clientX":633.5,"clientY":343.5,"method":"rect","hitKind":null},"timestamp":1787933423226,"hypothesisId":"B","runId":"ipad-fix2"}
{"sessionId":"6c5c15","location":"pageInkDom.ts:resolvePageDomHit","message":"dom hit resolved","data":{"clientX":629.5,"clientY":346.5,"method":"rect","hitKind":null},"timestamp":1787933423234,"hypothesisId":"B","runId":"ipad-fix2"}
{"sessionId":"6c5c15","location":"pageInkDom.ts:resolvePageDomHit","message":"dom hit resolved","data":{"clientX":629.5,"clientY":346.5,"method":"rect","hitKind":null},"timestamp":1787933423235,"hypothesisId":"B","runId":"ipad-fix2"}
{"sessionId":"6c5c15","location":"pageInkDom.ts:resolvePageDomHit","message":"dom hit resolved","data":{"clientX":625.5,"clientY":349.5,"method":"rect","hitKind":null},"timestamp":1787933423243,"hypothesisId":"B","runId":"ipad-fix2"}
{"sessionId":"6c5c15","location":"pageInkDom.ts:resolvePageDomHit","message":"dom hit resolved","data":{"clientX":625.5,"clientY":349.5,"method":"rect","hitKind":null},"timestamp":1787933423243,"hypothesisId":"B","runId":"ipad-fix2"}
{"sessionId":"6c5c15","location":"pageInkDom.ts:resolvePageDomHit","message":"dom hit resolved","data":{"clientX":621.5,"clientY":352.5,"method":"rect","hitKind":null},"timestamp":1787933423251,"hypothesisId":"B","runId":"ipad-fix2"}
{"sessionId":"6c5c15","location":"pageInkDom.ts:resolvePageDomHit","message":"dom hit resolved","data":{"clientX":621.5,"clientY":352.5,"method":"rect","hitKind":null},"timestamp":1787933423252,"hypothesisId":"B","runId":"ipad-fix2"}
{"sessionId":"6c5c15","location":"pageInkDom.ts:resolvePageDomHit","message":"dom hit resolved","data":{"clientX":618,"clientY":355,"method":"rect","hitKind":null},"timestamp":1787933423259,"hypothesisId":"B","runId":"ipad-fix2"}
{"sessionId":"6c5c15","location":"pageInkDom.ts:resolvePageDomHit","message":"dom hit resolved","data":{"clientX":618,"clientY":355,"method":"rect","hitKind":null},"timestamp":1787933423260,"hypothesisId":"B","runId":"ipad-fix2"}
{"sessionId":"6c5c15","location":"pageInkDom.ts:resolvePageDomHit","message":"dom hit resolved","data":{"clientX":615.5,"clientY":357.5,"method":"rect","hitKind":null},"timestamp":1787933423268,"hypothesisId":"B","runId":"ipad-fix2"}
{"sessionId":"6c5c15","location":"pageInkDom.ts:resolvePageDomHit","message":"dom hit resolved","data":{"clientX":615.5,"clientY":357.5,"method":"rect","hitKind":null},"timestamp":1787933423268,"hypothesisId":"B","runId":"ipad-fix2"}
{"sessionId":"6c5c15","location":"pageInkDom.ts:resolvePageDomHit","message":"dom hit resolved","data":{"clientX":612.5,"clientY":360,"method":"rect","hitKind":null},"timestamp":1787933423277,"hypothesisId":"B","runId":"ipad-fix2"}
{"sessionId":"6c5c15","location":"pageInkDom.ts:resolvePageDomHit","message":"dom hit resolved","data":{"clientX":612.5,"clientY":360,"method":"rect","hitKind":null},"timestamp":1787933423278,"hypothesisId":"B","runId":"ipad-fix2"}
{"sessionId":"6c5c15","location":"pageInkDom.ts:resolvePageDomHit","message":"dom hit resolved","data":{"clientX":610,"clientY":362.5,"method":"rect","hitKind":null},"timestamp":1787933423284,"hypothesisId":"B","runId":"ipad-fix2"}
{"sessionId":"6c5c15","location":"pageInkDom.ts:resolvePageDomHit","message":"dom hit resolved","data":{"clientX":610,"clientY":362.5,"method":"rect","hitKind":null},"timestamp":1787933423285,"hypothesisId":"B","runId":"ipad-fix2"}
{"sessionId":"6c5c15","location":"pageInkDom.ts:resolvePageDomHit","message":"dom hit resolved","data":{"clientX":607,"clientY":365,"method":"rect","hitKind":null},"timestamp":1787933423293,"hypothesisId":"B","runId":"ipad-fix2"}
{"sessionId":"6c5c15","location":"pageInkDom.ts:resolvePageDomHit","message":"dom hit resolved","data":{"clientX":607,"clientY":365,"method":"rect","hitKind":null},"timestamp":1787933423293,"hypothesisId":"B","runId":"ipad-fix2"}
{"sessionId":"6c5c15","location":"pageInkDom.ts:resolvePageDomHit","message":"dom hit resolved","data":{"clientX":603.5,"clientY":368,"method":"rect","hitKind":null},"timestamp":1787933423302,"hypothesisId":"B","runId":"ipad-fix2"}
{"sessionId":"6c5c15","location":"pageInkDom.ts:resolvePageDomHit","message":"dom hit resolved","data":{"clientX":603.5,"clientY":368,"method":"rect","hitKind":null},"timestamp":1787933423304,"hypothesisId":"B","runId":"ipad-fix2"}
{"sessionId":"6c5c15","location":"pageInkDom.ts:resolvePageDomHit","message":"dom hit resolved","data":{"clientX":599.5,"clientY":370.5,"method":"rect","hitKind":null},"timestamp":1787933423311,"hypothesisId":"B","runId":"ipad-fix2"}
{"sessionId":"6c5c15","location":"pageInkDom.ts:resolvePageDomHit","message":"dom hit resolved","data":{"clientX":595.5,"clientY":373,"method":"rect","hitKind":null},"timestamp":1787933423318,"hypothesisId":"B","runId":"ipad-fix2"}
{"sessionId":"6c5c15","location":"pageInkDom.ts:resolvePageDomHit","message":"dom hit resolved","data":{"clientX":599.5,"clientY":370.5,"method":"rect","hitKind":null},"timestamp":1787933423312,"hypothesisId":"B","runId":"ipad-fix2"}
{"sessionId":"6c5c15","location":"pageInkDom.ts:resolvePageDomHit","message":"dom hit resolved","data":{"clientX":595.5,"clientY":373,"method":"rect","hitKind":null},"timestamp":1787933423318,"hypothesisId":"B","runId":"ipad-fix2"}
{"sessionId":"6c5c15","location":"pageInkDom.ts:resolvePageDomHit","message":"dom hit resolved","data":{"clientX":592.5,"clientY":375.5,"method":"rect","hitKind":null},"timestamp":1787933423326,"hypothesisId":"B","runId":"ipad-fix2"}
{"sessionId":"6c5c15","location":"pageInkDom.ts:resolvePageDomHit","message":"dom hit resolved","data":{"clientX":592.5,"clientY":375.5,"method":"rect","hitKind":null},"timestamp":1787933423327,"hypothesisId":"B","runId":"ipad-fix2"}
{"sessionId":"6c5c15","location":"pageInkDom.ts:resolvePageDomHit","message":"dom hit resolved","data":{"clientX":589,"clientY":378,"method":"rect","hitKind":null},"timestamp":1787933423334,"hypothesisId":"B","runId":"ipad-fix2"}
{"sessionId":"6c5c15","location":"pageInkDom.ts:resolvePageDomHit","message":"dom hit resolved","data":{"clientX":589,"clientY":378,"method":"rect","hitKind":null},"timestamp":1787933423335,"hypothesisId":"B","runId":"ipad-fix2"}
{"sessionId":"6c5c15","location":"pageInkDom.ts:resolvePageDomHit","message":"dom hit resolved","data":{"clientX":586,"clientY":380,"method":"rect","hitKind":null},"timestamp":1787933423343,"hypothesisId":"B","runId":"ipad-fix2"}
{"sessionId":"6c5c15","location":"pageInkDom.ts:resolvePageDomHit","message":"dom hit resolved","data":{"clientX":586,"clientY":380,"method":"rect","hitKind":null},"timestamp":1787933423343,"hypothesisId":"B","runId":"ipad-fix2"}
{"sessionId":"6c5c15","location":"pageInkDom.ts:resolvePageDomHit","message":"dom hit resolved","data":{"clientX":582.5,"clientY":382,"method":"rect","hitKind":null},"timestamp":1787933423351,"hypothesisId":"B","runId":"ipad-fix2"}
{"sessionId":"6c5c15","location":"pageInkDom.ts:resolvePageDomHit","message":"dom hit resolved","data":{"clientX":582.5,"clientY":382,"method":"rect","hitKind":null},"timestamp":1787933423352,"hypothesisId":"B","runId":"ipad-fix2"}
{"sessionId":"6c5c15","location":"pageInkDom.ts:resolvePageDomHit","message":"dom hit resolved","data":{"clientX":579,"clientY":384,"method":"rect","hitKind":null},"timestamp":1787933423360,"hypothesisId":"B","runId":"ipad-fix2"}
{"sessionId":"6c5c15","location":"pageInkDom.ts:resolvePageDomHit","message":"dom hit resolved","data":{"clientX":579,"clientY":384,"method":"rect","hitKind":null},"timestamp":1787933423360,"hypothesisId":"B","runId":"ipad-fix2"}
{"sessionId":"6c5c15","location":"pageInkDom.ts:resolvePageDomHit","message":"dom hit resolved","data":{"clientX":575.5,"clientY":386,"method":"rect","hitKind":null},"timestamp":1787933423368,"hypothesisId":"B","runId":"ipad-fix2"}
{"sessionId":"6c5c15","location":"pageInkDom.ts:resolvePageDomHit","message":"dom hit resolved","data":{"clientX":575.5,"clientY":386,"method":"rect","hitKind":null},"timestamp":1787933423368,"hypothesisId":"B","runId":"ipad-fix2"}
{"sessionId":"6c5c15","location":"pageInkDom.ts:resolvePageDomHit","message":"dom hit resolved","data":{"clientX":573,"clientY":388,"method":"rect","hitKind":null},"timestamp":1787933423376,"hypothesisId":"B","runId":"ipad-fix2"}
{"sessionId":"6c5c15","location":"pageInkDom.ts:resolvePageDomHit","message":"dom hit resolved","data":{"clientX":573,"clientY":388,"method":"rect","hitKind":null},"timestamp":1787933423376,"hypothesisId":"B","runId":"ipad-fix2"}
{"sessionId":"6c5c15","location":"pageInkDom.ts:resolvePageDomHit","message":"dom hit resolved","data":{"clientX":570.5,"clientY":390,"method":"rect","hitKind":null},"timestamp":1787933423384,"hypothesisId":"B","runId":"ipad-fix2"}
{"sessionId":"6c5c15","location":"pageInkDom.ts:resolvePageDomHit","message":"dom hit resolved","data":{"clientX":570.5,"clientY":390,"method":"rect","hitKind":null},"timestamp":1787933423385,"hypothesisId":"B","runId":"ipad-fix2"}
{"sessionId":"6c5c15","location":"pageInkDom.ts:resolvePageDomHit","message":"dom hit resolved","data":{"clientX":568.5,"clientY":391.5,"method":"rect","hitKind":null},"timestamp":1787933423393,"hypothesisId":"B","runId":"ipad-fix2"}
{"sessionId":"6c5c15","location":"pageInkDom.ts:resolvePageDomHit","message":"dom hit resolved","data":{"clientX":568.5,"clientY":391.5,"method":"rect","hitKind":null},"timestamp":1787933423393,"hypothesisId":"B","runId":"ipad-fix2"}
{"sessionId":"6c5c15","location":"pageInkDom.ts:resolvePageDomHit","message":"dom hit resolved","data":{"clientX":567,"clientY":393,"method":"rect","hitKind":null},"timestamp":1787933423401,"hypothesisId":"B","runId":"ipad-fix2"}
{"sessionId":"6c5c15","location":"pageInkDom.ts:resolvePageDomHit","message":"dom hit resolved","data":{"clientX":567,"clientY":393,"method":"rect","hitKind":null},"timestamp":1787933423402,"hypothesisId":"B","runId":"ipad-fix2"}
{"sessionId":"6c5c15","location":"pageInkDom.ts:resolvePageDomHit","message":"dom hit resolved","data":{"clientX":565,"clientY":394,"method":"rect","hitKind":null},"timestamp":1787933423409,"hypothesisId":"B","runId":"ipad-fix2"}
{"sessionId":"6c5c15","location":"pageInkDom.ts:resolvePageDomHit","message":"dom hit resolved","data":{"clientX":565,"clientY":394,"method":"rect","hitKind":null},"timestamp":1787933423410,"hypothesisId":"B","runId":"ipad-fix2"}
{"sessionId":"6c5c15","location":"pageInkDom.ts:resolvePageDomHit","message":"dom hit resolved","data":{"clientX":563,"clientY":395.5,"method":"rect","hitKind":null},"timestamp":1787933423418,"hypothesisId":"B","runId":"ipad-fix2"}
{"sessionId":"6c5c15","location":"pageInkDom.ts:resolvePageDomHit","message":"dom hit resolved","data":{"clientX":563,"clientY":395.5,"method":"rect","hitKind":null},"timestamp":1787933423418,"hypothesisId":"B","runId":"ipad-fix2"}
{"sessionId":"6c5c15","location":"pageInkDom.ts:resolvePageDomHit","message":"dom hit resolved","data":{"clientX":561.5,"clientY":396.5,"method":"rect","hitKind":null},"timestamp":1787933423426,"hypothesisId":"B","runId":"ipad-fix2"}
{"sessionId":"6c5c15","location":"pageInkDom.ts:resolvePageDomHit","message":"dom hit resolved","data":{"clientX":561.5,"clientY":396.5,"method":"rect","hitKind":null},"timestamp":1787933423427,"hypothesisId":"B","runId":"ipad-fix2"}
{"sessionId":"6c5c15","location":"pageInkDom.ts:resolvePageDomHit","message":"dom hit resolved","data":{"clientX":559.5,"clientY":398,"method":"rect","hitKind":null},"timestamp":1787933423434,"hypothesisId":"B","runId":"ipad-fix2"}
{"sessionId":"6c5c15","location":"pageInkDom.ts:resolvePageDomHit","message":"dom hit resolved","data":{"clientX":559.5,"clientY":398,"method":"rect","hitKind":null},"timestamp":1787933423435,"hypothesisId":"B","runId":"ipad-fix2"}
{"sessionId":"6c5c15","location":"pageInkDom.ts:resolvePageDomHit","message":"dom hit resolved","data":{"clientX":558,"clientY":399,"method":"rect","hitKind":null},"timestamp":1787933423443,"hypothesisId":"B","runId":"ipad-fix2"}
{"sessionId":"6c5c15","location":"pageInkDom.ts:resolvePageDomHit","message":"dom hit resolved","data":{"clientX":558,"clientY":399,"method":"rect","hitKind":null},"timestamp":1787933423443,"hypothesisId":"B","runId":"ipad-fix2"}
{"sessionId":"6c5c15","location":"pageInkDom.ts:resolvePageDomHit","message":"dom hit resolved","data":{"clientX":556.5,"clientY":399.5,"method":"rect","hitKind":null},"timestamp":1787933423451,"hypothesisId":"B","runId":"ipad-fix2"}
{"sessionId":"6c5c15","location":"pageInkDom.ts:resolvePageDomHit","message":"dom hit resolved","data":{"clientX":556.5,"clientY":399.5,"method":"rect","hitKind":null},"timestamp":1787933423452,"hypothesisId":"B","runId":"ipad-fix2"}
{"sessionId":"6c5c15","location":"pageInkDom.ts:resolvePageDomHit","message":"dom hit resolved","data":{"clientX":555.5,"clientY":400,"method":"rect","hitKind":null},"timestamp":1787933423459,"hypothesisId":"B","runId":"ipad-fix2"}
{"sessionId":"6c5c15","location":"pageInkDom.ts:resolvePageDomHit","message":"dom hit resolved","data":{"clientX":555.5,"clientY":400,"method":"rect","hitKind":null},"timestamp":1787933423460,"hypothesisId":"B","runId":"ipad-fix2"}
{"sessionId":"6c5c15","location":"useEditorController.tsx:textTapUp","message":"text tap up","data":{"pointerType":"pen","hasPending":false,"dist":177.5},"timestamp":1787933423460,"hypothesisId":"A,E","runId":"post-fix2"}
{"sessionId":"6c5c15","location":"pageInkDom.ts:resolvePageDomHit","message":"dom hit resolved","data":{"clientX":555,"clientY":400.5,"method":"rect","hitKind":null},"timestamp":1787933423460,"hypothesisId":"B","runId":"ipad-fix2"}
{"sessionId":"516081","runId":"post-fix","hypothesisId":"A,B,C,D","location":"gestures/index.ts:dispatch","message":"workspace pointer","data":{"phase":"up","pointerType":"pen","kind":"pencil","tool":"text","hitKind":"page","localX":0,"localY":0,"effectTypes":[],"isPrimary":true,"clientX":555,"clientY":400.5,"wrapCount":3,"nearest":[{"id":"0434644a-948c-429d-9b35-70326a337e62","w":12,"h":52,"l":388,"t":258,"r":400,"b":311,"inside":false},{"id":"b79c89c1-0922-4d8d-bae7-95238d32ff0d","w":12,"h":52,"l":547,"t":258,"r":559,"b":311,"inside":false},{"id":"b33a1f67-4108-4509-82bd-a5c9ccb050ed","w":12,"h":52,"l":547,"t":311,"r":559,"b":363,"inside":false}]},"timestamp":1787933423461}
{"sessionId":"6c5c15","location":"useEditorController.tsx:textTapDown","message":"global pointerdown","data":{"pointerType":"pen","tracked":true},"timestamp":1787933423700,"hypothesisId":"A","runId":"post-fix"}
{"sessionId":"6c5c15","location":"pageInkDom.ts:resolvePageDomHit","message":"dom hit resolved","data":{"clientX":661.5,"clientY":316.5,"method":"rect","hitKind":null},"timestamp":1787933423700,"hypothesisId":"B","runId":"ipad-fix2"}
{"sessionId":"516081","runId":"post-fix","hypothesisId":"A,B,C,D","location":"gestures/index.ts:dispatch","message":"workspace pointer","data":{"phase":"down","pointerType":"pen","kind":"pencil","tool":"text","hitKind":"page","localX":0,"localY":0,"effectTypes":[],"isPrimary":true,"clientX":661.5,"clientY":316.5,"wrapCount":3,"nearest":[{"id":"0434644a-948c-429d-9b35-70326a337e62","w":12,"h":52,"l":388,"t":258,"r":400,"b":311,"inside":false},{"id":"b79c89c1-0922-4d8d-bae7-95238d32ff0d","w":12,"h":52,"l":547,"t":258,"r":559,"b":311,"inside":false},{"id":"b33a1f67-4108-4509-82bd-a5c9ccb050ed","w":12,"h":52,"l":547,"t":311,"r":559,"b":363,"inside":false}]},"timestamp":1787933423700}
{"sessionId":"6c5c15","location":"pageInkDom.ts:resolvePageDomHit","message":"dom hit resolved","data":{"clientX":661,"clientY":316.5,"method":"rect","hitKind":null},"timestamp":1787933423710,"hypothesisId":"B","runId":"ipad-fix2"}
{"sessionId":"6c5c15","location":"pageInkDom.ts:resolvePageDomHit","message":"dom hit resolved","data":{"clientX":661,"clientY":316.5,"method":"rect","hitKind":null},"timestamp":1787933423710,"hypothesisId":"B","runId":"ipad-fix2"}
{"sessionId":"6c5c15","location":"pageInkDom.ts:resolvePageDomHit","message":"dom hit resolved","data":{"clientX":661,"clientY":316.5,"method":"rect","hitKind":null},"timestamp":1787933423726,"hypothesisId":"B","runId":"ipad-fix2"}
{"sessionId":"6c5c15","location":"pageInkDom.ts:resolvePageDomHit","message":"dom hit resolved","data":{"clientX":661,"clientY":316.5,"method":"rect","hitKind":null},"timestamp":1787933423735,"hypothesisId":"B","runId":"ipad-fix2"}
{"sessionId":"6c5c15","location":"pageInkDom.ts:resolvePageDomHit","message":"dom hit resolved","data":{"clientX":661,"clientY":316.5,"method":"rect","hitKind":null},"timestamp":1787933423743,"hypothesisId":"B","runId":"ipad-fix2"}
{"sessionId":"6c5c15","location":"pageInkDom.ts:resolvePageDomHit","message":"dom hit resolved","data":{"clientX":660,"clientY":317.5,"method":"rect","hitKind":null},"timestamp":1787933423751,"hypothesisId":"B","runId":"ipad-fix2"}
{"sessionId":"6c5c15","location":"pageInkDom.ts:resolvePageDomHit","message":"dom hit resolved","data":{"clientX":660,"clientY":317.5,"method":"rect","hitKind":null},"timestamp":1787933423752,"hypothesisId":"B","runId":"ipad-fix2"}
{"sessionId":"6c5c15","location":"pageInkDom.ts:resolvePageDomHit","message":"dom hit resolved","data":{"clientX":658.5,"clientY":318.5,"method":"rect","hitKind":null},"timestamp":1787933423760,"hypothesisId":"B","runId":"ipad-fix2"}
{"sessionId":"6c5c15","location":"pageInkDom.ts:resolvePageDomHit","message":"dom hit resolved","data":{"clientX":658.5,"clientY":318.5,"method":"rect","hitKind":null},"timestamp":1787933423760,"hypothesisId":"B","runId":"ipad-fix2"}
{"sessionId":"6c5c15","location":"pageInkDom.ts:resolvePageDomHit","message":"dom hit resolved","data":{"clientX":656.5,"clientY":319.5,"method":"rect","hitKind":null},"timestamp":1787933423768,"hypothesisId":"B","runId":"ipad-fix2"}
{"sessionId":"6c5c15","location":"pageInkDom.ts:resolvePageDomHit","message":"dom hit resolved","data":{"clientX":656.5,"clientY":319.5,"method":"rect","hitKind":null},"timestamp":1787933423769,"hypothesisId":"B","runId":"ipad-fix2"}
{"sessionId":"6c5c15","location":"pageInkDom.ts:resolvePageDomHit","message":"dom hit resolved","data":{"clientX":653.5,"clientY":321,"method":"rect","hitKind":null},"timestamp":1787933423776,"hypothesisId":"B","runId":"ipad-fix2"}
{"sessionId":"6c5c15","location":"pageInkDom.ts:resolvePageDomHit","message":"dom hit resolved","data":{"clientX":653.5,"clientY":321,"method":"rect","hitKind":null},"timestamp":1787933423777,"hypothesisId":"B","runId":"ipad-fix2"}
{"sessionId":"6c5c15","location":"pageInkDom.ts:resolvePageDomHit","message":"dom hit resolved","data":{"clientX":650.5,"clientY":322,"method":"rect","hitKind":null},"timestamp":1787933423785,"hypothesisId":"B","runId":"ipad-fix2"}
{"sessionId":"6c5c15","location":"pageInkDom.ts:resolvePageDomHit","message":"dom hit resolved","data":{"clientX":650.5,"clientY":322,"method":"rect","hitKind":null},"timestamp":1787933423785,"hypothesisId":"B","runId":"ipad-fix2"}
{"sessionId":"6c5c15","location":"pageInkDom.ts:resolvePageDomHit","message":"dom hit resolved","data":{"clientX":646.5,"clientY":323,"method":"rect","hitKind":null},"timestamp":1787933423793,"hypothesisId":"B","runId":"ipad-fix2"}
{"sessionId":"6c5c15","location":"pageInkDom.ts:resolvePageDomHit","message":"dom hit resolved","data":{"clientX":646.5,"clientY":323,"method":"rect","hitKind":null},"timestamp":1787933423794,"hypothesisId":"B","runId":"ipad-fix2"}
{"sessionId":"6c5c15","location":"pageInkDom.ts:resolvePageDomHit","message":"dom hit resolved","data":{"clientX":642,"clientY":324,"method":"rect","hitKind":null},"timestamp":1787933423801,"hypothesisId":"B","runId":"ipad-fix2"}
{"sessionId":"6c5c15","location":"pageInkDom.ts:resolvePageDomHit","message":"dom hit resolved","data":{"clientX":642,"clientY":324,"method":"rect","hitKind":null},"timestamp":1787933423802,"hypothesisId":"B","runId":"ipad-fix2"}
{"sessionId":"6c5c15","location":"pageInkDom.ts:resolvePageDomHit","message":"dom hit resolved","data":{"clientX":638,"clientY":324.5,"method":"rect","hitKind":null},"timestamp":1787933423810,"hypothesisId":"B","runId":"ipad-fix2"}
{"sessionId":"6c5c15","location":"pageInkDom.ts:resolvePageDomHit","message":"dom hit resolved","data":{"clientX":638,"clientY":324.5,"method":"rect","hitKind":null},"timestamp":1787933423810,"hypothesisId":"B","runId":"ipad-fix2"}
{"sessionId":"6c5c15","location":"pageInkDom.ts:resolvePageDomHit","message":"dom hit resolved","data":{"clientX":633.5,"clientY":325.5,"method":"rect","hitKind":null},"timestamp":1787933423818,"hypothesisId":"B","runId":"ipad-fix2"}
{"sessionId":"6c5c15","location":"pageInkDom.ts:resolvePageDomHit","message":"dom hit resolved","data":{"clientX":633.5,"clientY":325.5,"method":"rect","hitKind":null},"timestamp":1787933423818,"hypothesisId":"B","runId":"ipad-fix2"}
{"sessionId":"6c5c15","location":"pageInkDom.ts:resolvePageDomHit","message":"dom hit resolved","data":{"clientX":629.5,"clientY":327,"method":"rect","hitKind":null},"timestamp":1787933423827,"hypothesisId":"B","runId":"ipad-fix2"}
{"sessionId":"6c5c15","location":"pageInkDom.ts:resolvePageDomHit","message":"dom hit resolved","data":{"clientX":629.5,"clientY":327,"method":"rect","hitKind":null},"timestamp":1787933423828,"hypothesisId":"B","runId":"ipad-fix2"}
{"sessionId":"6c5c15","location":"pageInkDom.ts:resolvePageDomHit","message":"dom hit resolved","data":{"clientX":624,"clientY":328.5,"method":"rect","hitKind":null},"timestamp":1787933423835,"hypothesisId":"B","runId":"ipad-fix2"}
{"sessionId":"6c5c15","location":"pageInkDom.ts:resolvePageDomHit","message":"dom hit resolved","data":{"clientX":624,"clientY":328.5,"method":"rect","hitKind":null},"timestamp":1787933423835,"hypothesisId":"B","runId":"ipad-fix2"}
{"sessionId":"6c5c15","location":"pageInkDom.ts:resolvePageDomHit","message":"dom hit resolved","data":{"clientX":618,"clientY":330,"method":"rect","hitKind":null},"timestamp":1787933423843,"hypothesisId":"B","runId":"ipad-fix2"}
{"sessionId":"6c5c15","location":"pageInkDom.ts:resolvePageDomHit","message":"dom hit resolved","data":{"clientX":618,"clientY":330,"method":"rect","hitKind":null},"timestamp":1787933423843,"hypothesisId":"B","runId":"ipad-fix2"}
{"sessionId":"6c5c15","location":"pageInkDom.ts:resolvePageDomHit","message":"dom hit resolved","data":{"clientX":613,"clientY":332,"method":"rect","hitKind":null},"timestamp":1787933423852,"hypothesisId":"B","runId":"ipad-fix2"}
{"sessionId":"6c5c15","location":"pageInkDom.ts:resolvePageDomHit","message":"dom hit resolved","data":{"clientX":613,"clientY":332,"method":"rect","hitKind":null},"timestamp":1787933423854,"hypothesisId":"B","runId":"ipad-fix2"}
{"sessionId":"6c5c15","location":"pageInkDom.ts:resolvePageDomHit","message":"dom hit resolved","data":{"clientX":607.5,"clientY":334.5,"method":"rect","hitKind":null},"timestamp":1787933423860,"hypothesisId":"B","runId":"ipad-fix2"}
{"sessionId":"6c5c15","location":"pageInkDom.ts:resolvePageDomHit","message":"dom hit resolved","data":{"clientX":607.5,"clientY":334.5,"method":"rect","hitKind":null},"timestamp":1787933423860,"hypothesisId":"B","runId":"ipad-fix2"}
{"sessionId":"6c5c15","location":"pageInkDom.ts:resolvePageDomHit","message":"dom hit resolved","data":{"clientX":600.5,"clientY":337.5,"method":"rect","hitKind":null},"timestamp":1787933423868,"hypothesisId":"B","runId":"ipad-fix2"}
{"sessionId":"6c5c15","location":"pageInkDom.ts:resolvePageDomHit","message":"dom hit resolved","data":{"clientX":600.5,"clientY":337.5,"method":"rect","hitKind":null},"timestamp":1787933423870,"hypothesisId":"B","runId":"ipad-fix2"}
{"sessionId":"6c5c15","location":"pageInkDom.ts:resolvePageDomHit","message":"dom hit resolved","data":{"clientX":595,"clientY":340,"method":"rect","hitKind":null},"timestamp":1787933423876,"hypothesisId":"B","runId":"ipad-fix2"}
{"sessionId":"6c5c15","location":"pageInkDom.ts:resolvePageDomHit","message":"dom hit resolved","data":{"clientX":595,"clientY":340,"method":"rect","hitKind":null},"timestamp":1787933423877,"hypothesisId":"B","runId":"ipad-fix2"}
{"sessionId":"6c5c15","location":"pageInkDom.ts:resolvePageDomHit","message":"dom hit resolved","data":{"clientX":590,"clientY":342.5,"method":"rect","hitKind":null},"timestamp":1787933423885,"hypothesisId":"B","runId":"ipad-fix2"}
{"sessionId":"6c5c15","location":"pageInkDom.ts:resolvePageDomHit","message":"dom hit resolved","data":{"clientX":590,"clientY":342.5,"method":"rect","hitKind":null},"timestamp":1787933423885,"hypothesisId":"B","runId":"ipad-fix2"}
{"sessionId":"6c5c15","location":"pageInkDom.ts:resolvePageDomHit","message":"dom hit resolved","data":{"clientX":585,"clientY":345,"method":"rect","hitKind":null},"timestamp":1787933423893,"hypothesisId":"B","runId":"ipad-fix2"}
{"sessionId":"6c5c15","location":"pageInkDom.ts:resolvePageDomHit","message":"dom hit resolved","data":{"clientX":585,"clientY":345,"method":"rect","hitKind":null},"timestamp":1787933423894,"hypothesisId":"B","runId":"ipad-fix2"}
{"sessionId":"6c5c15","location":"pageInkDom.ts:resolvePageDomHit","message":"dom hit resolved","data":{"clientX":580,"clientY":347,"method":"rect","hitKind":null},"timestamp":1787933423901,"hypothesisId":"B","runId":"ipad-fix2"}
{"sessionId":"6c5c15","location":"pageInkDom.ts:resolvePageDomHit","message":"dom hit resolved","data":{"clientX":580,"clientY":347,"method":"rect","hitKind":null},"timestamp":1787933423902,"hypothesisId":"B","runId":"ipad-fix2"}
{"sessionId":"6c5c15","location":"pageInkDom.ts:resolvePageDomHit","message":"dom hit resolved","data":{"clientX":576,"clientY":349,"method":"rect","hitKind":null},"timestamp":1787933423910,"hypothesisId":"B","runId":"ipad-fix2"}
{"sessionId":"6c5c15","location":"pageInkDom.ts:resolvePageDomHit","message":"dom hit resolved","data":{"clientX":576,"clientY":349,"method":"rect","hitKind":null},"timestamp":1787933423911,"hypothesisId":"B","runId":"ipad-fix2"}
{"sessionId":"6c5c15","location":"pageInkDom.ts:resolvePageDomHit","message":"dom hit resolved","data":{"clientX":572,"clientY":350.5,"method":"rect","hitKind":null},"timestamp":1787933423918,"hypothesisId":"B","runId":"ipad-fix2"}
{"sessionId":"6c5c15","location":"pageInkDom.ts:resolvePageDomHit","message":"dom hit resolved","data":{"clientX":572,"clientY":350.5,"method":"rect","hitKind":null},"timestamp":1787933423919,"hypothesisId":"B","runId":"ipad-fix2"}
{"sessionId":"6c5c15","location":"pageInkDom.ts:resolvePageDomHit","message":"dom hit resolved","data":{"clientX":568.5,"clientY":352,"method":"rect","hitKind":null},"timestamp":1787933423926,"hypothesisId":"B","runId":"ipad-fix2"}
{"sessionId":"6c5c15","location":"pageInkDom.ts:resolvePageDomHit","message":"dom hit resolved","data":{"clientX":568.5,"clientY":352,"method":"rect","hitKind":null},"timestamp":1787933423927,"hypothesisId":"B","runId":"ipad-fix2"}
{"sessionId":"6c5c15","location":"pageInkDom.ts:resolvePageDomHit","message":"dom hit resolved","data":{"clientX":564.5,"clientY":353.5,"method":"rect","hitKind":null},"timestamp":1787933423935,"hypothesisId":"B","runId":"ipad-fix2"}
{"sessionId":"6c5c15","location":"pageInkDom.ts:resolvePageDomHit","message":"dom hit resolved","data":{"clientX":564.5,"clientY":353.5,"method":"rect","hitKind":null},"timestamp":1787933423935,"hypothesisId":"B","runId":"ipad-fix2"}
{"sessionId":"6c5c15","location":"pageInkDom.ts:resolvePageDomHit","message":"dom hit resolved","data":{"clientX":560.5,"clientY":355,"method":"rect","hitKind":null},"timestamp":1787933423944,"hypothesisId":"B","runId":"ipad-fix2"}
{"sessionId":"6c5c15","location":"pageInkDom.ts:resolvePageDomHit","message":"dom hit resolved","data":{"clientX":560.5,"clientY":355,"method":"rect","hitKind":null},"timestamp":1787933423945,"hypothesisId":"B","runId":"ipad-fix2"}
{"sessionId":"6c5c15","location":"pageInkDom.ts:resolvePageDomHit","message":"dom hit resolved","data":{"clientX":556,"clientY":356,"method":"rect","hitKind":null},"timestamp":1787933423951,"hypothesisId":"B","runId":"ipad-fix2"}
{"sessionId":"6c5c15","location":"pageInkDom.ts:resolvePageDomHit","message":"dom hit resolved","data":{"clientX":556,"clientY":356,"method":"rect","hitKind":null},"timestamp":1787933423952,"hypothesisId":"B","runId":"ipad-fix2"}
{"sessionId":"6c5c15","location":"pageInkDom.ts:resolvePageDomHit","message":"dom hit resolved","data":{"clientX":552.5,"clientY":357,"method":"rect","hitKind":null},"timestamp":1787933423960,"hypothesisId":"B","runId":"ipad-fix2"}
{"sessionId":"6c5c15","location":"pageInkDom.ts:resolvePageDomHit","message":"dom hit resolved","data":{"clientX":552.5,"clientY":357,"method":"rect","hitKind":null},"timestamp":1787933423960,"hypothesisId":"B","runId":"ipad-fix2"}
{"sessionId":"6c5c15","location":"pageInkDom.ts:resolvePageDomHit","message":"dom hit resolved","data":{"clientX":549,"clientY":358,"method":"rect","hitKind":null},"timestamp":1787933423969,"hypothesisId":"B","runId":"ipad-fix2"}
{"sessionId":"6c5c15","location":"pageInkDom.ts:resolvePageDomHit","message":"dom hit resolved","data":{"clientX":549,"clientY":358,"method":"rect","hitKind":null},"timestamp":1787933423971,"hypothesisId":"B","runId":"ipad-fix2"}
{"sessionId":"6c5c15","location":"pageInkDom.ts:resolvePageDomHit","message":"dom hit resolved","data":{"clientX":546.5,"clientY":358.5,"method":"rect","hitKind":null},"timestamp":1787933423976,"hypothesisId":"B","runId":"ipad-fix2"}
{"sessionId":"6c5c15","location":"pageInkDom.ts:resolvePageDomHit","message":"dom hit resolved","data":{"clientX":546.5,"clientY":358.5,"method":"rect","hitKind":null},"timestamp":1787933423977,"hypothesisId":"B","runId":"ipad-fix2"}
{"sessionId":"6c5c15","location":"pageInkDom.ts:resolvePageDomHit","message":"dom hit resolved","data":{"clientX":544,"clientY":359,"method":"rect","hitKind":null},"timestamp":1787933423985,"hypothesisId":"B","runId":"ipad-fix2"}
{"sessionId":"6c5c15","location":"pageInkDom.ts:resolvePageDomHit","message":"dom hit resolved","data":{"clientX":544,"clientY":359,"method":"rect","hitKind":null},"timestamp":1787933423985,"hypothesisId":"B","runId":"ipad-fix2"}
{"sessionId":"6c5c15","location":"pageInkDom.ts:resolvePageDomHit","message":"dom hit resolved","data":{"clientX":541,"clientY":360,"method":"rect","hitKind":null},"timestamp":1787933423993,"hypothesisId":"B","runId":"ipad-fix2"}
{"sessionId":"6c5c15","location":"pageInkDom.ts:resolvePageDomHit","message":"dom hit resolved","data":{"clientX":541,"clientY":360,"method":"rect","hitKind":null},"timestamp":1787933423994,"hypothesisId":"B","runId":"ipad-fix2"}
{"sessionId":"6c5c15","location":"pageInkDom.ts:resolvePageDomHit","message":"dom hit resolved","data":{"clientX":538.5,"clientY":361,"method":"rect","hitKind":null},"timestamp":1787933424001,"hypothesisId":"B","runId":"ipad-fix2"}
{"sessionId":"6c5c15","location":"pageInkDom.ts:resolvePageDomHit","message":"dom hit resolved","data":{"clientX":538.5,"clientY":361,"method":"rect","hitKind":null},"timestamp":1787933424002,"hypothesisId":"B","runId":"ipad-fix2"}
{"sessionId":"6c5c15","location":"pageInkDom.ts:resolvePageDomHit","message":"dom hit resolved","data":{"clientX":535.5,"clientY":361.5,"method":"rect","hitKind":null},"timestamp":1787933424010,"hypothesisId":"B","runId":"ipad-fix2"}
{"sessionId":"6c5c15","location":"pageInkDom.ts:resolvePageDomHit","message":"dom hit resolved","data":{"clientX":535.5,"clientY":361.5,"method":"rect","hitKind":null},"timestamp":1787933424010,"hypothesisId":"B","runId":"ipad-fix2"}
{"sessionId":"6c5c15","location":"pageInkDom.ts:resolvePageDomHit","message":"dom hit resolved","data":{"clientX":532.5,"clientY":363,"method":"rect","hitKind":null},"timestamp":1787933424019,"hypothesisId":"B","runId":"ipad-fix2"}
{"sessionId":"6c5c15","location":"pageInkDom.ts:resolvePageDomHit","message":"dom hit resolved","data":{"clientX":532.5,"clientY":363,"method":"rect","hitKind":null},"timestamp":1787933424021,"hypothesisId":"B","runId":"ipad-fix2"}
{"sessionId":"6c5c15","location":"pageInkDom.ts:resolvePageDomHit","message":"dom hit resolved","data":{"clientX":530,"clientY":364.5,"method":"rect","hitKind":null},"timestamp":1787933424027,"hypothesisId":"B","runId":"ipad-fix2"}
{"sessionId":"6c5c15","location":"pageInkDom.ts:resolvePageDomHit","message":"dom hit resolved","data":{"clientX":527.5,"clientY":366,"method":"rect","hitKind":null},"timestamp":1787933424035,"hypothesisId":"B","runId":"ipad-fix2"}
{"sessionId":"6c5c15","location":"pageInkDom.ts:resolvePageDomHit","message":"dom hit resolved","data":{"clientX":530,"clientY":364.5,"method":"rect","hitKind":null},"timestamp":1787933424028,"hypothesisId":"B","runId":"ipad-fix2"}
{"sessionId":"6c5c15","location":"pageInkDom.ts:resolvePageDomHit","message":"dom hit resolved","data":{"clientX":527.5,"clientY":366,"method":"rect","hitKind":null},"timestamp":1787933424035,"hypothesisId":"B","runId":"ipad-fix2"}
{"sessionId":"6c5c15","location":"pageInkDom.ts:resolvePageDomHit","message":"dom hit resolved","data":{"clientX":524.5,"clientY":368,"method":"rect","hitKind":null},"timestamp":1787933424043,"hypothesisId":"B","runId":"ipad-fix2"}
{"sessionId":"6c5c15","location":"pageInkDom.ts:resolvePageDomHit","message":"dom hit resolved","data":{"clientX":524.5,"clientY":368,"method":"rect","hitKind":null},"timestamp":1787933424044,"hypothesisId":"B","runId":"ipad-fix2"}
{"sessionId":"6c5c15","location":"pageInkDom.ts:resolvePageDomHit","message":"dom hit resolved","data":{"clientX":521,"clientY":370,"method":"rect","hitKind":null},"timestamp":1787933424051,"hypothesisId":"B","runId":"ipad-fix2"}
{"sessionId":"6c5c15","location":"pageInkDom.ts:resolvePageDomHit","message":"dom hit resolved","data":{"clientX":521,"clientY":370,"method":"rect","hitKind":null},"timestamp":1787933424052,"hypothesisId":"B","runId":"ipad-fix2"}
{"sessionId":"6c5c15","location":"pageInkDom.ts:resolvePageDomHit","message":"dom hit resolved","data":{"clientX":517.5,"clientY":372,"method":"rect","hitKind":null},"timestamp":1787933424061,"hypothesisId":"B","runId":"ipad-fix2"}
{"sessionId":"6c5c15","location":"pageInkDom.ts:resolvePageDomHit","message":"dom hit resolved","data":{"clientX":517.5,"clientY":372,"method":"rect","hitKind":null},"timestamp":1787933424062,"hypothesisId":"B","runId":"ipad-fix2"}
{"sessionId":"6c5c15","location":"pageInkDom.ts:resolvePageDomHit","message":"dom hit resolved","data":{"clientX":513.5,"clientY":374,"method":"rect","hitKind":null},"timestamp":1787933424068,"hypothesisId":"B","runId":"ipad-fix2"}
{"sessionId":"6c5c15","location":"pageInkDom.ts:resolvePageDomHit","message":"dom hit resolved","data":{"clientX":513.5,"clientY":374,"method":"rect","hitKind":null},"timestamp":1787933424069,"hypothesisId":"B","runId":"ipad-fix2"}
{"sessionId":"6c5c15","location":"pageInkDom.ts:resolvePageDomHit","message":"dom hit resolved","data":{"clientX":510.5,"clientY":376,"method":"rect","hitKind":null},"timestamp":1787933424076,"hypothesisId":"B","runId":"ipad-fix2"}
{"sessionId":"6c5c15","location":"pageInkDom.ts:resolvePageDomHit","message":"dom hit resolved","data":{"clientX":510.5,"clientY":376,"method":"rect","hitKind":null},"timestamp":1787933424077,"hypothesisId":"B","runId":"ipad-fix2"}
{"sessionId":"6c5c15","location":"pageInkDom.ts:resolvePageDomHit","message":"dom hit resolved","data":{"clientX":508,"clientY":377.5,"method":"rect","hitKind":null},"timestamp":1787933424085,"hypothesisId":"B","runId":"ipad-fix2"}
{"sessionId":"6c5c15","location":"pageInkDom.ts:resolvePageDomHit","message":"dom hit resolved","data":{"clientX":508,"clientY":377.5,"method":"rect","hitKind":null},"timestamp":1787933424085,"hypothesisId":"B","runId":"ipad-fix2"}
{"sessionId":"6c5c15","location":"pageInkDom.ts:resolvePageDomHit","message":"dom hit resolved","data":{"clientX":506,"clientY":379,"method":"rect","hitKind":null},"timestamp":1787933424093,"hypothesisId":"B","runId":"ipad-fix2"}
{"sessionId":"6c5c15","location":"pageInkDom.ts:resolvePageDomHit","message":"dom hit resolved","data":{"clientX":506,"clientY":379,"method":"rect","hitKind":null},"timestamp":1787933424094,"hypothesisId":"B","runId":"ipad-fix2"}
{"sessionId":"6c5c15","location":"pageInkDom.ts:resolvePageDomHit","message":"dom hit resolved","data":{"clientX":505,"clientY":380,"method":"rect","hitKind":null},"timestamp":1787933424101,"hypothesisId":"B","runId":"ipad-fix2"}
{"sessionId":"6c5c15","location":"pageInkDom.ts:resolvePageDomHit","message":"dom hit resolved","data":{"clientX":505,"clientY":380,"method":"rect","hitKind":null},"timestamp":1787933424102,"hypothesisId":"B","runId":"ipad-fix2"}
{"sessionId":"6c5c15","location":"pageInkDom.ts:resolvePageDomHit","message":"dom hit resolved","data":{"clientX":504,"clientY":381,"method":"rect","hitKind":null},"timestamp":1787933424110,"hypothesisId":"B","runId":"ipad-fix2"}
{"sessionId":"6c5c15","location":"pageInkDom.ts:resolvePageDomHit","message":"dom hit resolved","data":{"clientX":504,"clientY":381,"method":"rect","hitKind":null},"timestamp":1787933424110,"hypothesisId":"B","runId":"ipad-fix2"}
{"sessionId":"6c5c15","location":"pageInkDom.ts:resolvePageDomHit","message":"dom hit resolved","data":{"clientX":503,"clientY":382,"method":"rect","hitKind":null},"timestamp":1787933424119,"hypothesisId":"B","runId":"ipad-fix2"}
{"sessionId":"6c5c15","location":"pageInkDom.ts:resolvePageDomHit","message":"dom hit resolved","data":{"clientX":503,"clientY":382,"method":"rect","hitKind":null},"timestamp":1787933424120,"hypothesisId":"B","runId":"ipad-fix2"}
{"sessionId":"6c5c15","location":"pageInkDom.ts:resolvePageDomHit","message":"dom hit resolved","data":{"clientX":502.5,"clientY":382.5,"method":"rect","hitKind":null},"timestamp":1787933424127,"hypothesisId":"B","runId":"ipad-fix2"}
{"sessionId":"6c5c15","location":"pageInkDom.ts:resolvePageDomHit","message":"dom hit resolved","data":{"clientX":502.5,"clientY":382.5,"method":"rect","hitKind":null},"timestamp":1787933424128,"hypothesisId":"B","runId":"ipad-fix2"}
{"sessionId":"6c5c15","location":"pageInkDom.ts:resolvePageDomHit","message":"dom hit resolved","data":{"clientX":502,"clientY":383,"method":"rect","hitKind":null},"timestamp":1787933424135,"hypothesisId":"B","runId":"ipad-fix2"}
{"sessionId":"6c5c15","location":"pageInkDom.ts:resolvePageDomHit","message":"dom hit resolved","data":{"clientX":502,"clientY":383,"method":"rect","hitKind":null},"timestamp":1787933424135,"hypothesisId":"B","runId":"ipad-fix2"}
{"sessionId":"6c5c15","location":"pageInkDom.ts:resolvePageDomHit","message":"dom hit resolved","data":{"clientX":502,"clientY":383,"method":"rect","hitKind":null},"timestamp":1787933424143,"hypothesisId":"B","runId":"ipad-fix2"}
{"sessionId":"6c5c15","location":"pageInkDom.ts:resolvePageDomHit","message":"dom hit resolved","data":{"clientX":502.5,"clientY":383,"method":"rect","hitKind":null},"timestamp":1787933424152,"hypothesisId":"B","runId":"ipad-fix2"}
{"sessionId":"6c5c15","location":"pageInkDom.ts:resolvePageDomHit","message":"dom hit resolved","data":{"clientX":502.5,"clientY":383,"method":"rect","hitKind":null},"timestamp":1787933424154,"hypothesisId":"B","runId":"ipad-fix2"}
{"sessionId":"6c5c15","location":"useEditorController.tsx:textTapUp","message":"text tap up","data":{"pointerType":"pen","hasPending":false,"dist":171.88513606475692},"timestamp":1787933424160,"hypothesisId":"A,E","runId":"post-fix2"}
{"sessionId":"6c5c15","location":"pageInkDom.ts:resolvePageDomHit","message":"dom hit resolved","data":{"clientX":503,"clientY":383,"method":"rect","hitKind":null},"timestamp":1787933424160,"hypothesisId":"B","runId":"ipad-fix2"}
{"sessionId":"516081","runId":"post-fix","hypothesisId":"A,B,C,D","location":"gestures/index.ts:dispatch","message":"workspace pointer","data":{"phase":"up","pointerType":"pen","kind":"pencil","tool":"text","hitKind":"page","localX":0,"localY":0,"effectTypes":[],"isPrimary":true,"clientX":503,"clientY":383,"wrapCount":3,"nearest":[{"id":"0434644a-948c-429d-9b35-70326a337e62","w":12,"h":52,"l":388,"t":258,"r":400,"b":311,"inside":false},{"id":"b79c89c1-0922-4d8d-bae7-95238d32ff0d","w":12,"h":52,"l":547,"t":258,"r":559,"b":311,"inside":false},{"id":"b33a1f67-4108-4509-82bd-a5c9ccb050ed","w":12,"h":52,"l":547,"t":311,"r":559,"b":363,"inside":false}]},"timestamp":1787933424160}
{"sessionId":"6c5c15","location":"useEditorController.tsx:textTapDown","message":"global pointerdown","data":{"pointerType":"pen","tracked":true},"timestamp":1787933424413,"hypothesisId":"A","runId":"post-fix"}
{"sessionId":"6c5c15","location":"pageInkDom.ts:resolvePageDomHit","message":"dom hit resolved","data":{"clientX":655.5,"clientY":300.5,"method":"rect","hitKind":null},"timestamp":1787933424414,"hypothesisId":"B","runId":"ipad-fix2"}
{"sessionId":"516081","runId":"post-fix","hypothesisId":"A,B,C,D","location":"gestures/index.ts:dispatch","message":"workspace pointer","data":{"phase":"down","pointerType":"pen","kind":"pencil","tool":"text","hitKind":"page","localX":0,"localY":0,"effectTypes":[],"isPrimary":true,"clientX":655.5,"clientY":300.5,"wrapCount":3,"nearest":[{"id":"0434644a-948c-429d-9b35-70326a337e62","w":12,"h":52,"l":388,"t":258,"r":400,"b":311,"inside":false},{"id":"b79c89c1-0922-4d8d-bae7-95238d32ff0d","w":12,"h":52,"l":547,"t":258,"r":559,"b":311,"inside":false},{"id":"b33a1f67-4108-4509-82bd-a5c9ccb050ed","w":12,"h":52,"l":547,"t":311,"r":559,"b":363,"inside":false}]},"timestamp":1787933424414}
{"sessionId":"6c5c15","location":"pageInkDom.ts:resolvePageDomHit","message":"dom hit resolved","data":{"clientX":655.5,"clientY":300.5,"method":"rect","hitKind":null},"timestamp":1787933424435,"hypothesisId":"B","runId":"ipad-fix2"}
{"sessionId":"6c5c15","location":"pageInkDom.ts:resolvePageDomHit","message":"dom hit resolved","data":{"clientX":655.5,"clientY":300.5,"method":"rect","hitKind":null},"timestamp":1787933424443,"hypothesisId":"B","runId":"ipad-fix2"}
{"sessionId":"6c5c15","location":"pageInkDom.ts:resolvePageDomHit","message":"dom hit resolved","data":{"clientX":655,"clientY":300.5,"method":"rect","hitKind":null},"timestamp":1787933424452,"hypothesisId":"B","runId":"ipad-fix2"}
{"sessionId":"6c5c15","location":"pageInkDom.ts:resolvePageDomHit","message":"dom hit resolved","data":{"clientX":655,"clientY":300.5,"method":"rect","hitKind":null},"timestamp":1787933424452,"hypothesisId":"B","runId":"ipad-fix2"}
{"sessionId":"6c5c15","location":"pageInkDom.ts:resolvePageDomHit","message":"dom hit resolved","data":{"clientX":654.5,"clientY":301.5,"method":"rect","hitKind":null},"timestamp":1787933424460,"hypothesisId":"B","runId":"ipad-fix2"}
{"sessionId":"6c5c15","location":"pageInkDom.ts:resolvePageDomHit","message":"dom hit resolved","data":{"clientX":654.5,"clientY":301.5,"method":"rect","hitKind":null},"timestamp":1787933424461,"hypothesisId":"B","runId":"ipad-fix2"}
{"sessionId":"6c5c15","location":"pageInkDom.ts:resolvePageDomHit","message":"dom hit resolved","data":{"clientX":653,"clientY":303,"method":"rect","hitKind":null},"timestamp":1787933424468,"hypothesisId":"B","runId":"ipad-fix2"}
{"sessionId":"6c5c15","location":"pageInkDom.ts:resolvePageDomHit","message":"dom hit resolved","data":{"clientX":653,"clientY":303,"method":"rect","hitKind":null},"timestamp":1787933424469,"hypothesisId":"B","runId":"ipad-fix2"}
{"sessionId":"6c5c15","location":"pageInkDom.ts:resolvePageDomHit","message":"dom hit resolved","data":{"clientX":651,"clientY":304.5,"method":"rect","hitKind":null},"timestamp":1787933424477,"hypothesisId":"B","runId":"ipad-fix2"}
{"sessionId":"6c5c15","location":"pageInkDom.ts:resolvePageDomHit","message":"dom hit resolved","data":{"clientX":651,"clientY":304.5,"method":"rect","hitKind":null},"timestamp":1787933424477,"hypothesisId":"B","runId":"ipad-fix2"}
{"sessionId":"6c5c15","location":"pageInkDom.ts:resolvePageDomHit","message":"dom hit resolved","data":{"clientX":648.5,"clientY":306.5,"method":"rect","hitKind":null},"timestamp":1787933424485,"hypothesisId":"B","runId":"ipad-fix2"}
{"sessionId":"6c5c15","location":"pageInkDom.ts:resolvePageDomHit","message":"dom hit resolved","data":{"clientX":648.5,"clientY":306.5,"method":"rect","hitKind":null},"timestamp":1787933424486,"hypothesisId":"B","runId":"ipad-fix2"}
{"sessionId":"6c5c15","location":"pageInkDom.ts:resolvePageDomHit","message":"dom hit resolved","data":{"clientX":644.5,"clientY":308,"method":"rect","hitKind":null},"timestamp":1787933424495,"hypothesisId":"B","runId":"ipad-fix2"}
{"sessionId":"6c5c15","location":"pageInkDom.ts:resolvePageDomHit","message":"dom hit resolved","data":{"clientX":644.5,"clientY":308,"method":"rect","hitKind":null},"timestamp":1787933424495,"hypothesisId":"B","runId":"ipad-fix2"}
{"sessionId":"6c5c15","location":"pageInkDom.ts:resolvePageDomHit","message":"dom hit resolved","data":{"clientX":639.5,"clientY":310,"method":"rect","hitKind":null},"timestamp":1787933424502,"hypothesisId":"B","runId":"ipad-fix2"}
{"sessionId":"6c5c15","location":"pageInkDom.ts:resolvePageDomHit","message":"dom hit resolved","data":{"clientX":639.5,"clientY":310,"method":"rect","hitKind":null},"timestamp":1787933424502,"hypothesisId":"B","runId":"ipad-fix2"}
{"sessionId":"6c5c15","location":"pageInkDom.ts:resolvePageDomHit","message":"dom hit resolved","data":{"clientX":634.5,"clientY":312,"method":"rect","hitKind":null},"timestamp":1787933424510,"hypothesisId":"B","runId":"ipad-fix2"}
{"sessionId":"6c5c15","location":"pageInkDom.ts:resolvePageDomHit","message":"dom hit resolved","data":{"clientX":634.5,"clientY":312,"method":"rect","hitKind":null},"timestamp":1787933424511,"hypothesisId":"B","runId":"ipad-fix2"}
{"sessionId":"6c5c15","location":"pageInkDom.ts:resolvePageDomHit","message":"dom hit resolved","data":{"clientX":629,"clientY":314.5,"method":"rect","hitKind":null},"timestamp":1787933424519,"hypothesisId":"B","runId":"ipad-fix2"}
{"sessionId":"6c5c15","location":"pageInkDom.ts:resolvePageDomHit","message":"dom hit resolved","data":{"clientX":629,"clientY":314.5,"method":"rect","hitKind":null},"timestamp":1787933424521,"hypothesisId":"B","runId":"ipad-fix2"}
{"sessionId":"6c5c15","location":"pageInkDom.ts:resolvePageDomHit","message":"dom hit resolved","data":{"clientX":622,"clientY":317,"method":"rect","hitKind":null},"timestamp":1787933424529,"hypothesisId":"B","runId":"ipad-fix2"}
{"sessionId":"6c5c15","location":"pageInkDom.ts:resolvePageDomHit","message":"dom hit resolved","data":{"clientX":622,"clientY":317,"method":"rect","hitKind":null},"timestamp":1787933424530,"hypothesisId":"B","runId":"ipad-fix2"}
{"sessionId":"6c5c15","location":"pageInkDom.ts:resolvePageDomHit","message":"dom hit resolved","data":{"clientX":615,"clientY":320,"method":"rect","hitKind":null},"timestamp":1787933424535,"hypothesisId":"B","runId":"ipad-fix2"}
{"sessionId":"6c5c15","location":"pageInkDom.ts:resolvePageDomHit","message":"dom hit resolved","data":{"clientX":615,"clientY":320,"method":"rect","hitKind":null},"timestamp":1787933424536,"hypothesisId":"B","runId":"ipad-fix2"}
{"sessionId":"6c5c15","location":"pageInkDom.ts:resolvePageDomHit","message":"dom hit resolved","data":{"clientX":608.5,"clientY":323.5,"method":"rect","hitKind":null},"timestamp":1787933424543,"hypothesisId":"B","runId":"ipad-fix2"}
{"sessionId":"6c5c15","location":"pageInkDom.ts:resolvePageDomHit","message":"dom hit resolved","data":{"clientX":608.5,"clientY":323.5,"method":"rect","hitKind":null},"timestamp":1787933424544,"hypothesisId":"B","runId":"ipad-fix2"}
{"sessionId":"6c5c15","location":"pageInkDom.ts:resolvePageDomHit","message":"dom hit resolved","data":{"clientX":601,"clientY":327,"method":"rect","hitKind":null},"timestamp":1787933424552,"hypothesisId":"B","runId":"ipad-fix2"}
{"sessionId":"6c5c15","location":"pageInkDom.ts:resolvePageDomHit","message":"dom hit resolved","data":{"clientX":601,"clientY":327,"method":"rect","hitKind":null},"timestamp":1787933424552,"hypothesisId":"B","runId":"ipad-fix2"}
{"sessionId":"6c5c15","location":"pageInkDom.ts:resolvePageDomHit","message":"dom hit resolved","data":{"clientX":593.5,"clientY":330.5,"method":"rect","hitKind":null},"timestamp":1787933424562,"hypothesisId":"B","runId":"ipad-fix2"}
{"sessionId":"6c5c15","location":"pageInkDom.ts:resolvePageDomHit","message":"dom hit resolved","data":{"clientX":593.5,"clientY":330.5,"method":"rect","hitKind":null},"timestamp":1787933424562,"hypothesisId":"B","runId":"ipad-fix2"}
{"sessionId":"6c5c15","location":"pageInkDom.ts:resolvePageDomHit","message":"dom hit resolved","data":{"clientX":586.5,"clientY":335,"method":"rect","hitKind":null},"timestamp":1787933424568,"hypothesisId":"B","runId":"ipad-fix2"}
{"sessionId":"6c5c15","location":"pageInkDom.ts:resolvePageDomHit","message":"dom hit resolved","data":{"clientX":586.5,"clientY":335,"method":"rect","hitKind":null},"timestamp":1787933424569,"hypothesisId":"B","runId":"ipad-fix2"}
{"sessionId":"6c5c15","location":"pageInkDom.ts:resolvePageDomHit","message":"dom hit resolved","data":{"clientX":579,"clientY":339,"method":"rect","hitKind":null},"timestamp":1787933424577,"hypothesisId":"B","runId":"ipad-fix2"}
{"sessionId":"6c5c15","location":"pageInkDom.ts:resolvePageDomHit","message":"dom hit resolved","data":{"clientX":579,"clientY":339,"method":"rect","hitKind":null},"timestamp":1787933424579,"hypothesisId":"B","runId":"ipad-fix2"}
{"sessionId":"6c5c15","location":"pageInkDom.ts:resolvePageDomHit","message":"dom hit resolved","data":{"clientX":572.5,"clientY":343.5,"method":"rect","hitKind":null},"timestamp":1787933424585,"hypothesisId":"B","runId":"ipad-fix2"}
{"sessionId":"6c5c15","location":"pageInkDom.ts:resolvePageDomHit","message":"dom hit resolved","data":{"clientX":572.5,"clientY":343.5,"method":"rect","hitKind":null},"timestamp":1787933424586,"hypothesisId":"B","runId":"ipad-fix2"}
{"sessionId":"6c5c15","location":"pageInkDom.ts:resolvePageDomHit","message":"dom hit resolved","data":{"clientX":566.5,"clientY":347.5,"method":"rect","hitKind":null},"timestamp":1787933424593,"hypothesisId":"B","runId":"ipad-fix2"}
{"sessionId":"6c5c15","location":"pageInkDom.ts:resolvePageDomHit","message":"dom hit resolved","data":{"clientX":566.5,"clientY":347.5,"method":"rect","hitKind":null},"timestamp":1787933424594,"hypothesisId":"B","runId":"ipad-fix2"}
{"sessionId":"6c5c15","location":"pageInkDom.ts:resolvePageDomHit","message":"dom hit resolved","data":{"clientX":561,"clientY":351.5,"method":"rect","hitKind":null},"timestamp":1787933424602,"hypothesisId":"B","runId":"ipad-fix2"}
{"sessionId":"6c5c15","location":"pageInkDom.ts:resolvePageDomHit","message":"dom hit resolved","data":{"clientX":561,"clientY":351.5,"method":"rect","hitKind":null},"timestamp":1787933424602,"hypothesisId":"B","runId":"ipad-fix2"}
{"sessionId":"6c5c15","location":"pageInkDom.ts:resolvePageDomHit","message":"dom hit resolved","data":{"clientX":554.5,"clientY":355.5,"method":"rect","hitKind":null},"timestamp":1787933424611,"hypothesisId":"B","runId":"ipad-fix2"}
{"sessionId":"6c5c15","location":"pageInkDom.ts:resolvePageDomHit","message":"dom hit resolved","data":{"clientX":554.5,"clientY":355.5,"method":"rect","hitKind":null},"timestamp":1787933424613,"hypothesisId":"B","runId":"ipad-fix2"}
{"sessionId":"6c5c15","location":"pageInkDom.ts:resolvePageDomHit","message":"dom hit resolved","data":{"clientX":550.5,"clientY":358.5,"method":"rect","hitKind":null},"timestamp":1787933424619,"hypothesisId":"B","runId":"ipad-fix2"}
{"sessionId":"6c5c15","location":"pageInkDom.ts:resolvePageDomHit","message":"dom hit resolved","data":{"clientX":550.5,"clientY":358.5,"method":"rect","hitKind":null},"timestamp":1787933424621,"hypothesisId":"B","runId":"ipad-fix2"}
{"sessionId":"6c5c15","location":"pageInkDom.ts:resolvePageDomHit","message":"dom hit resolved","data":{"clientX":547,"clientY":361,"method":"rect","hitKind":null},"timestamp":1787933424627,"hypothesisId":"B","runId":"ipad-fix2"}
{"sessionId":"6c5c15","location":"pageInkDom.ts:resolvePageDomHit","message":"dom hit resolved","data":{"clientX":547,"clientY":361,"method":"rect","hitKind":null},"timestamp":1787933424627,"hypothesisId":"B","runId":"ipad-fix2"}
{"sessionId":"6c5c15","location":"pageInkDom.ts:resolvePageDomHit","message":"dom hit resolved","data":{"clientX":544,"clientY":363,"method":"rect","hitKind":null},"timestamp":1787933424635,"hypothesisId":"B","runId":"ipad-fix2"}
{"sessionId":"6c5c15","location":"pageInkDom.ts:resolvePageDomHit","message":"dom hit resolved","data":{"clientX":544,"clientY":363,"method":"rect","hitKind":null},"timestamp":1787933424636,"hypothesisId":"B","runId":"ipad-fix2"}
{"sessionId":"6c5c15","location":"pageInkDom.ts:resolvePageDomHit","message":"dom hit resolved","data":{"clientX":542,"clientY":364.5,"method":"rect","hitKind":null},"timestamp":1787933424645,"hypothesisId":"B","runId":"ipad-fix2"}
{"sessionId":"6c5c15","location":"pageInkDom.ts:resolvePageDomHit","message":"dom hit resolved","data":{"clientX":542,"clientY":364.5,"method":"rect","hitKind":null},"timestamp":1787933424646,"hypothesisId":"B","runId":"ipad-fix2"}
{"sessionId":"6c5c15","location":"pageInkDom.ts:resolvePageDomHit","message":"dom hit resolved","data":{"clientX":540.5,"clientY":365.5,"method":"rect","hitKind":null},"timestamp":1787933424652,"hypothesisId":"B","runId":"ipad-fix2"}
{"sessionId":"6c5c15","location":"pageInkDom.ts:resolvePageDomHit","message":"dom hit resolved","data":{"clientX":540.5,"clientY":365.5,"method":"rect","hitKind":null},"timestamp":1787933424652,"hypothesisId":"B","runId":"ipad-fix2"}
{"sessionId":"6c5c15","location":"pageInkDom.ts:resolvePageDomHit","message":"dom hit resolved","data":{"clientX":540,"clientY":366,"method":"rect","hitKind":null},"timestamp":1787933424660,"hypothesisId":"B","runId":"ipad-fix2"}
{"sessionId":"6c5c15","location":"pageInkDom.ts:resolvePageDomHit","message":"dom hit resolved","data":{"clientX":540,"clientY":366,"method":"rect","hitKind":null},"timestamp":1787933424661,"hypothesisId":"B","runId":"ipad-fix2"}
{"sessionId":"6c5c15","location":"pageInkDom.ts:resolvePageDomHit","message":"dom hit resolved","data":{"clientX":540.5,"clientY":366,"method":"rect","hitKind":null},"timestamp":1787933424669,"hypothesisId":"B","runId":"ipad-fix2"}
{"sessionId":"6c5c15","location":"pageInkDom.ts:resolvePageDomHit","message":"dom hit resolved","data":{"clientX":540.5,"clientY":366,"method":"rect","hitKind":null},"timestamp":1787933424669,"hypothesisId":"B","runId":"ipad-fix2"}
{"sessionId":"6c5c15","location":"useEditorController.tsx:textTapUp","message":"text tap up","data":{"pointerType":"pen","hasPending":false,"dist":131.7269904006009},"timestamp":1787933424677,"hypothesisId":"A,E","runId":"post-fix2"}
{"sessionId":"6c5c15","location":"pageInkDom.ts:resolvePageDomHit","message":"dom hit resolved","data":{"clientX":541.5,"clientY":366.5,"method":"rect","hitKind":null},"timestamp":1787933424678,"hypothesisId":"B","runId":"ipad-fix2"}
{"sessionId":"516081","runId":"post-fix","hypothesisId":"A,B,C,D","location":"gestures/index.ts:dispatch","message":"workspace pointer","data":{"phase":"up","pointerType":"pen","kind":"pencil","tool":"text","hitKind":"page","localX":0,"localY":877.5956998105783,"effectTypes":[],"isPrimary":true,"clientX":541.5,"clientY":366.5,"wrapCount":3,"nearest":[{"id":"0434644a-948c-429d-9b35-70326a337e62","w":12,"h":52,"l":388,"t":258,"r":400,"b":311,"inside":false},{"id":"b79c89c1-0922-4d8d-bae7-95238d32ff0d","w":12,"h":52,"l":547,"t":258,"r":559,"b":311,"inside":false},{"id":"b33a1f67-4108-4509-82bd-a5c9ccb050ed","w":12,"h":52,"l":547,"t":311,"r":559,"b":363,"inside":false}]},"timestamp":1787933424679}
{"sessionId":"6c5c15","location":"useEditorController.tsx:textTapDown","message":"global pointerdown","data":{"pointerType":"pen","tracked":true},"timestamp":1787933424854,"hypothesisId":"A","runId":"post-fix"}
{"sessionId":"6c5c15","location":"pageInkDom.ts:resolvePageDomHit","message":"dom hit resolved","data":{"clientX":663.5,"clientY":308.5,"method":"rect","hitKind":null},"timestamp":1787933424854,"hypothesisId":"B","runId":"ipad-fix2"}
{"sessionId":"516081","runId":"post-fix","hypothesisId":"A,B,C,D","location":"gestures/index.ts:dispatch","message":"workspace pointer","data":{"phase":"down","pointerType":"pen","kind":"pencil","tool":"text","hitKind":"page","localX":0,"localY":0,"effectTypes":[],"isPrimary":true,"clientX":663.5,"clientY":308.5,"wrapCount":3,"nearest":[{"id":"0434644a-948c-429d-9b35-70326a337e62","w":12,"h":52,"l":388,"t":258,"r":400,"b":311,"inside":false},{"id":"b79c89c1-0922-4d8d-bae7-95238d32ff0d","w":12,"h":52,"l":547,"t":258,"r":559,"b":311,"inside":false},{"id":"b33a1f67-4108-4509-82bd-a5c9ccb050ed","w":12,"h":52,"l":547,"t":311,"r":559,"b":363,"inside":false}]},"timestamp":1787933424854}
{"sessionId":"6c5c15","location":"pageInkDom.ts:resolvePageDomHit","message":"dom hit resolved","data":{"clientX":662.5,"clientY":310.5,"method":"rect","hitKind":null},"timestamp":1787933424869,"hypothesisId":"B","runId":"ipad-fix2"}
{"sessionId":"6c5c15","location":"pageInkDom.ts:resolvePageDomHit","message":"dom hit resolved","data":{"clientX":662.5,"clientY":310.5,"method":"rect","hitKind":null},"timestamp":1787933424870,"hypothesisId":"B","runId":"ipad-fix2"}
{"sessionId":"6c5c15","location":"pageInkDom.ts:resolvePageDomHit","message":"dom hit resolved","data":{"clientX":659.5,"clientY":313,"method":"rect","hitKind":null},"timestamp":1787933424877,"hypothesisId":"B","runId":"ipad-fix2"}
{"sessionId":"6c5c15","location":"pageInkDom.ts:resolvePageDomHit","message":"dom hit resolved","data":{"clientX":659.5,"clientY":313,"method":"rect","hitKind":null},"timestamp":1787933424878,"hypothesisId":"B","runId":"ipad-fix2"}
{"sessionId":"6c5c15","location":"pageInkDom.ts:resolvePageDomHit","message":"dom hit resolved","data":{"clientX":656.5,"clientY":316.5,"method":"rect","hitKind":null},"timestamp":1787933424885,"hypothesisId":"B","runId":"ipad-fix2"}
{"sessionId":"6c5c15","location":"pageInkDom.ts:resolvePageDomHit","message":"dom hit resolved","data":{"clientX":656.5,"clientY":316.5,"method":"rect","hitKind":null},"timestamp":1787933424886,"hypothesisId":"B","runId":"ipad-fix2"}
{"sessionId":"6c5c15","location":"pageInkDom.ts:resolvePageDomHit","message":"dom hit resolved","data":{"clientX":652,"clientY":319.5,"method":"rect","hitKind":null},"timestamp":1787933424894,"hypothesisId":"B","runId":"ipad-fix2"}
{"sessionId":"6c5c15","location":"pageInkDom.ts:resolvePageDomHit","message":"dom hit resolved","data":{"clientX":652,"clientY":319.5,"method":"rect","hitKind":null},"timestamp":1787933424894,"hypothesisId":"B","runId":"ipad-fix2"}
{"sessionId":"6c5c15","location":"pageInkDom.ts:resolvePageDomHit","message":"dom hit resolved","data":{"clientX":646.5,"clientY":323.5,"method":"rect","hitKind":null},"timestamp":1787933424902,"hypothesisId":"B","runId":"ipad-fix2"}
{"sessionId":"6c5c15","location":"pageInkDom.ts:resolvePageDomHit","message":"dom hit resolved","data":{"clientX":646.5,"clientY":323.5,"method":"rect","hitKind":null},"timestamp":1787933424903,"hypothesisId":"B","runId":"ipad-fix2"}
{"sessionId":"6c5c15","location":"pageInkDom.ts:resolvePageDomHit","message":"dom hit resolved","data":{"clientX":640,"clientY":327,"method":"rect","hitKind":null},"timestamp":1787933424910,"hypothesisId":"B","runId":"ipad-fix2"}
{"sessionId":"6c5c15","location":"pageInkDom.ts:resolvePageDomHit","message":"dom hit resolved","data":{"clientX":640,"clientY":327,"method":"rect","hitKind":null},"timestamp":1787933424911,"hypothesisId":"B","runId":"ipad-fix2"}
{"sessionId":"6c5c15","location":"pageInkDom.ts:resolvePageDomHit","message":"dom hit resolved","data":{"clientX":634.5,"clientY":330,"method":"rect","hitKind":null},"timestamp":1787933424919,"hypothesisId":"B","runId":"ipad-fix2"}
{"sessionId":"6c5c15","location":"pageInkDom.ts:resolvePageDomHit","message":"dom hit resolved","data":{"clientX":634.5,"clientY":330,"method":"rect","hitKind":null},"timestamp":1787933424919,"hypothesisId":"B","runId":"ipad-fix2"}
{"sessionId":"6c5c15","location":"pageInkDom.ts:resolvePageDomHit","message":"dom hit resolved","data":{"clientX":628.5,"clientY":333.5,"method":"rect","hitKind":null},"timestamp":1787933424927,"hypothesisId":"B","runId":"ipad-fix2"}
{"sessionId":"6c5c15","location":"pageInkDom.ts:resolvePageDomHit","message":"dom hit resolved","data":{"clientX":628.5,"clientY":333.5,"method":"rect","hitKind":null},"timestamp":1787933424927,"hypothesisId":"B","runId":"ipad-fix2"}
{"sessionId":"6c5c15","location":"pageInkDom.ts:resolvePageDomHit","message":"dom hit resolved","data":{"clientX":621.5,"clientY":337,"method":"rect","hitKind":null},"timestamp":1787933424935,"hypothesisId":"B","runId":"ipad-fix2"}
{"sessionId":"6c5c15","location":"pageInkDom.ts:resolvePageDomHit","message":"dom hit resolved","data":{"clientX":621.5,"clientY":337,"method":"rect","hitKind":null},"timestamp":1787933424936,"hypothesisId":"B","runId":"ipad-fix2"}
{"sessionId":"6c5c15","location":"pageInkDom.ts:resolvePageDomHit","message":"dom hit resolved","data":{"clientX":615,"clientY":340,"method":"rect","hitKind":null},"timestamp":1787933424944,"hypothesisId":"B","runId":"ipad-fix2"}
{"sessionId":"6c5c15","location":"pageInkDom.ts:resolvePageDomHit","message":"dom hit resolved","data":{"clientX":615,"clientY":340,"method":"rect","hitKind":null},"timestamp":1787933424944,"hypothesisId":"B","runId":"ipad-fix2"}
{"sessionId":"6c5c15","location":"pageInkDom.ts:resolvePageDomHit","message":"dom hit resolved","data":{"clientX":609,"clientY":342.5,"method":"rect","hitKind":null},"timestamp":1787933424952,"hypothesisId":"B","runId":"ipad-fix2"}
{"sessionId":"6c5c15","location":"pageInkDom.ts:resolvePageDomHit","message":"dom hit resolved","data":{"clientX":609,"clientY":342.5,"method":"rect","hitKind":null},"timestamp":1787933424953,"hypothesisId":"B","runId":"ipad-fix2"}
{"sessionId":"6c5c15","location":"pageInkDom.ts:resolvePageDomHit","message":"dom hit resolved","data":{"clientX":603,"clientY":344.5,"method":"rect","hitKind":null},"timestamp":1787933424960,"hypothesisId":"B","runId":"ipad-fix2"}
{"sessionId":"6c5c15","location":"pageInkDom.ts:resolvePageDomHit","message":"dom hit resolved","data":{"clientX":603,"clientY":344.5,"method":"rect","hitKind":null},"timestamp":1787933424961,"hypothesisId":"B","runId":"ipad-fix2"}
{"sessionId":"6c5c15","location":"pageInkDom.ts:resolvePageDomHit","message":"dom hit resolved","data":{"clientX":596,"clientY":346.5,"method":"rect","hitKind":null},"timestamp":1787933424970,"hypothesisId":"B","runId":"ipad-fix2"}
{"sessionId":"6c5c15","location":"pageInkDom.ts:resolvePageDomHit","message":"dom hit resolved","data":{"clientX":596,"clientY":346.5,"method":"rect","hitKind":null},"timestamp":1787933424971,"hypothesisId":"B","runId":"ipad-fix2"}
{"sessionId":"6c5c15","location":"pageInkDom.ts:resolvePageDomHit","message":"dom hit resolved","data":{"clientX":591,"clientY":348,"method":"rect","hitKind":null},"timestamp":1787933424978,"hypothesisId":"B","runId":"ipad-fix2"}
{"sessionId":"6c5c15","location":"pageInkDom.ts:resolvePageDomHit","message":"dom hit resolved","data":{"clientX":591,"clientY":348,"method":"rect","hitKind":null},"timestamp":1787933424979,"hypothesisId":"B","runId":"ipad-fix2"}
{"sessionId":"6c5c15","location":"pageInkDom.ts:resolvePageDomHit","message":"dom hit resolved","data":{"clientX":584.5,"clientY":349.5,"method":"rect","hitKind":null},"timestamp":1787933424987,"hypothesisId":"B","runId":"ipad-fix2"}
{"sessionId":"6c5c15","location":"pageInkDom.ts:resolvePageDomHit","message":"dom hit resolved","data":{"clientX":584.5,"clientY":349.5,"method":"rect","hitKind":null},"timestamp":1787933424987,"hypothesisId":"B","runId":"ipad-fix2"}
{"sessionId":"6c5c15","location":"pageInkDom.ts:resolvePageDomHit","message":"dom hit resolved","data":{"clientX":578,"clientY":351.5,"method":"rect","hitKind":null},"timestamp":1787933424994,"hypothesisId":"B","runId":"ipad-fix2"}
{"sessionId":"6c5c15","location":"pageInkDom.ts:resolvePageDomHit","message":"dom hit resolved","data":{"clientX":578,"clientY":351.5,"method":"rect","hitKind":null},"timestamp":1787933424994,"hypothesisId":"B","runId":"ipad-fix2"}
{"sessionId":"6c5c15","location":"pageInkDom.ts:resolvePageDomHit","message":"dom hit resolved","data":{"clientX":572,"clientY":353,"method":"rect","hitKind":null},"timestamp":1787933425002,"hypothesisId":"B","runId":"ipad-fix2"}
{"sessionId":"6c5c15","location":"pageInkDom.ts:resolvePageDomHit","message":"dom hit resolved","data":{"clientX":572,"clientY":353,"method":"rect","hitKind":null},"timestamp":1787933425002,"hypothesisId":"B","runId":"ipad-fix2"}
{"sessionId":"6c5c15","location":"pageInkDom.ts:resolvePageDomHit","message":"dom hit resolved","data":{"clientX":565.5,"clientY":355,"method":"rect","hitKind":null},"timestamp":1787933425012,"hypothesisId":"B","runId":"ipad-fix2"}
{"sessionId":"6c5c15","location":"pageInkDom.ts:resolvePageDomHit","message":"dom hit resolved","data":{"clientX":565.5,"clientY":355,"method":"rect","hitKind":null},"timestamp":1787933425013,"hypothesisId":"B","runId":"ipad-fix2"}
{"sessionId":"6c5c15","location":"pageInkDom.ts:resolvePageDomHit","message":"dom hit resolved","data":{"clientX":559.5,"clientY":356,"method":"rect","hitKind":null},"timestamp":1787933425019,"hypothesisId":"B","runId":"ipad-fix2"}
{"sessionId":"6c5c15","location":"pageInkDom.ts:resolvePageDomHit","message":"dom hit resolved","data":{"clientX":559.5,"clientY":356,"method":"rect","hitKind":null},"timestamp":1787933425019,"hypothesisId":"B","runId":"ipad-fix2"}
{"sessionId":"6c5c15","location":"useEditorController.tsx:textTapUp","message":"text tap up","data":{"pointerType":"pen","hasPending":false,"dist":118.39024453053554},"timestamp":1787933425027,"hypothesisId":"A,E","runId":"post-fix2"}
{"sessionId":"6c5c15","location":"pageInkDom.ts:resolvePageDomHit","message":"dom hit resolved","data":{"clientX":555.5,"clientY":357,"method":"rect","hitKind":null},"timestamp":1787933425028,"hypothesisId":"B","runId":"ipad-fix2"}
{"sessionId":"516081","runId":"post-fix","hypothesisId":"A,B,C,D","location":"gestures/index.ts:dispatch","message":"workspace pointer","data":{"phase":"up","pointerType":"pen","kind":"pencil","tool":"text","hitKind":"page","localX":0,"localY":0,"effectTypes":[],"isPrimary":true,"clientX":555.5,"clientY":357,"wrapCount":3,"nearest":[{"id":"0434644a-948c-429d-9b35-70326a337e62","w":12,"h":52,"l":388,"t":258,"r":400,"b":311,"inside":false},{"id":"b79c89c1-0922-4d8d-bae7-95238d32ff0d","w":12,"h":52,"l":547,"t":258,"r":559,"b":311,"inside":false},{"id":"b33a1f67-4108-4509-82bd-a5c9ccb050ed","w":12,"h":52,"l":547,"t":311,"r":559,"b":363,"inside":true}]},"timestamp":1787933425028}
{"sessionId":"6c5c15","location":"useEditorController.tsx:textTapDown","message":"global pointerdown","data":{"pointerType":"pen","tracked":true},"timestamp":1787933425190,"hypothesisId":"A","runId":"post-fix"}
{"sessionId":"6c5c15","location":"pageInkDom.ts:resolvePageDomHit","message":"dom hit resolved","data":{"clientX":497.5,"clientY":333,"method":"rect","hitKind":null},"timestamp":1787933425191,"hypothesisId":"B","runId":"ipad-fix2"}
{"sessionId":"516081","runId":"post-fix","hypothesisId":"A,B,C,D","location":"gestures/index.ts:dispatch","message":"workspace pointer","data":{"phase":"down","pointerType":"pen","kind":"pencil","tool":"text","hitKind":"page","localX":0,"localY":0,"effectTypes":[],"isPrimary":true,"clientX":497.5,"clientY":333,"wrapCount":3,"nearest":[{"id":"0434644a-948c-429d-9b35-70326a337e62","w":12,"h":52,"l":388,"t":258,"r":400,"b":311,"inside":false},{"id":"b79c89c1-0922-4d8d-bae7-95238d32ff0d","w":12,"h":52,"l":547,"t":258,"r":559,"b":311,"inside":false},{"id":"b33a1f67-4108-4509-82bd-a5c9ccb050ed","w":12,"h":52,"l":547,"t":311,"r":559,"b":363,"inside":false}]},"timestamp":1787933425191}
{"sessionId":"6c5c15","location":"pageInkDom.ts:resolvePageDomHit","message":"dom hit resolved","data":{"clientX":497,"clientY":333,"method":"rect","hitKind":null},"timestamp":1787933425199,"hypothesisId":"B","runId":"ipad-fix2"}
{"sessionId":"6c5c15","location":"pageInkDom.ts:resolvePageDomHit","message":"dom hit resolved","data":{"clientX":495.5,"clientY":332.5,"method":"rect","hitKind":null},"timestamp":1787933425202,"hypothesisId":"B","runId":"ipad-fix2"}
{"sessionId":"6c5c15","location":"pageInkDom.ts:resolvePageDomHit","message":"dom hit resolved","data":{"clientX":495.5,"clientY":332.5,"method":"rect","hitKind":null},"timestamp":1787933425211,"hypothesisId":"B","runId":"ipad-fix2"}
{"sessionId":"6c5c15","location":"pageInkDom.ts:resolvePageDomHit","message":"dom hit resolved","data":{"clientX":495.5,"clientY":332.5,"method":"rect","hitKind":null},"timestamp":1787933425219,"hypothesisId":"B","runId":"ipad-fix2"}
{"sessionId":"6c5c15","location":"pageInkDom.ts:resolvePageDomHit","message":"dom hit resolved","data":{"clientX":495.5,"clientY":332.5,"method":"rect","hitKind":null},"timestamp":1787933425227,"hypothesisId":"B","runId":"ipad-fix2"}
{"sessionId":"6c5c15","location":"pageInkDom.ts:resolvePageDomHit","message":"dom hit resolved","data":{"clientX":495.5,"clientY":333,"method":"rect","hitKind":null},"timestamp":1787933425236,"hypothesisId":"B","runId":"ipad-fix2"}
{"sessionId":"6c5c15","location":"pageInkDom.ts:resolvePageDomHit","message":"dom hit resolved","data":{"clientX":495.5,"clientY":333,"method":"rect","hitKind":null},"timestamp":1787933425236,"hypothesisId":"B","runId":"ipad-fix2"}
{"sessionId":"6c5c15","location":"pageInkDom.ts:resolvePageDomHit","message":"dom hit resolved","data":{"clientX":495.5,"clientY":334,"method":"rect","hitKind":null},"timestamp":1787933425244,"hypothesisId":"B","runId":"ipad-fix2"}
{"sessionId":"6c5c15","location":"pageInkDom.ts:resolvePageDomHit","message":"dom hit resolved","data":{"clientX":495.5,"clientY":334,"method":"rect","hitKind":null},"timestamp":1787933425244,"hypothesisId":"B","runId":"ipad-fix2"}
{"sessionId":"6c5c15","location":"pageInkDom.ts:resolvePageDomHit","message":"dom hit resolved","data":{"clientX":494.5,"clientY":335,"method":"rect","hitKind":null},"timestamp":1787933425252,"hypothesisId":"B","runId":"ipad-fix2"}
{"sessionId":"6c5c15","location":"pageInkDom.ts:resolvePageDomHit","message":"dom hit resolved","data":{"clientX":494.5,"clientY":335,"method":"rect","hitKind":null},"timestamp":1787933425253,"hypothesisId":"B","runId":"ipad-fix2"}
{"sessionId":"6c5c15","location":"pageInkDom.ts:resolvePageDomHit","message":"dom hit resolved","data":{"clientX":494,"clientY":336,"method":"rect","hitKind":null},"timestamp":1787933425260,"hypothesisId":"B","runId":"ipad-fix2"}
{"sessionId":"6c5c15","location":"pageInkDom.ts:resolvePageDomHit","message":"dom hit resolved","data":{"clientX":494,"clientY":336,"method":"rect","hitKind":null},"timestamp":1787933425261,"hypothesisId":"B","runId":"ipad-fix2"}
{"sessionId":"6c5c15","location":"pageInkDom.ts:resolvePageDomHit","message":"dom hit resolved","data":{"clientX":493,"clientY":337,"method":"rect","hitKind":null},"timestamp":1787933425269,"hypothesisId":"B","runId":"ipad-fix2"}
{"sessionId":"6c5c15","location":"pageInkDom.ts:resolvePageDomHit","message":"dom hit resolved","data":{"clientX":493,"clientY":337,"method":"rect","hitKind":null},"timestamp":1787933425269,"hypothesisId":"B","runId":"ipad-fix2"}
{"sessionId":"6c5c15","location":"pageInkDom.ts:resolvePageDomHit","message":"dom hit resolved","data":{"clientX":492,"clientY":337.5,"method":"rect","hitKind":null},"timestamp":1787933425277,"hypothesisId":"B","runId":"ipad-fix2"}
{"sessionId":"6c5c15","location":"pageInkDom.ts:resolvePageDomHit","message":"dom hit resolved","data":{"clientX":492,"clientY":337.5,"method":"rect","hitKind":null},"timestamp":1787933425278,"hypothesisId":"B","runId":"ipad-fix2"}
{"sessionId":"6c5c15","location":"pageInkDom.ts:resolvePageDomHit","message":"dom hit resolved","data":{"clientX":491,"clientY":338,"method":"rect","hitKind":null},"timestamp":1787933425286,"hypothesisId":"B","runId":"ipad-fix2"}
{"sessionId":"6c5c15","location":"pageInkDom.ts:resolvePageDomHit","message":"dom hit resolved","data":{"clientX":491,"clientY":338,"method":"rect","hitKind":null},"timestamp":1787933425286,"hypothesisId":"B","runId":"ipad-fix2"}
{"sessionId":"6c5c15","location":"pageInkDom.ts:resolvePageDomHit","message":"dom hit resolved","data":{"clientX":490,"clientY":338,"method":"rect","hitKind":null},"timestamp":1787933425294,"hypothesisId":"B","runId":"ipad-fix2"}
{"sessionId":"6c5c15","location":"pageInkDom.ts:resolvePageDomHit","message":"dom hit resolved","data":{"clientX":490,"clientY":338,"method":"rect","hitKind":null},"timestamp":1787933425294,"hypothesisId":"B","runId":"ipad-fix2"}
{"sessionId":"6c5c15","location":"pageInkDom.ts:resolvePageDomHit","message":"dom hit resolved","data":{"clientX":489.5,"clientY":338,"method":"rect","hitKind":null},"timestamp":1787933425302,"hypothesisId":"B","runId":"ipad-fix2"}
{"sessionId":"6c5c15","location":"pageInkDom.ts:resolvePageDomHit","message":"dom hit resolved","data":{"clientX":489.5,"clientY":338,"method":"rect","hitKind":null},"timestamp":1787933425303,"hypothesisId":"B","runId":"ipad-fix2"}
{"sessionId":"6c5c15","location":"useEditorController.tsx:textTapUp","message":"text tap up","data":{"pointerType":"pen","hasPending":false,"dist":9.86154146165801},"timestamp":1787933425303,"hypothesisId":"A,E","runId":"post-fix2"}
{"sessionId":"6c5c15","location":"pageInkDom.ts:resolvePageDomHit","message":"dom hit resolved","data":{"clientX":489,"clientY":338,"method":"rect","hitKind":null},"timestamp":1787933425303,"hypothesisId":"B","runId":"ipad-fix2"}
{"sessionId":"516081","runId":"post-fix","hypothesisId":"A,B,C,D","location":"gestures/index.ts:dispatch","message":"workspace pointer","data":{"phase":"up","pointerType":"pen","kind":"pencil","tool":"text","hitKind":"page","localX":0,"localY":0,"effectTypes":[],"isPrimary":true,"clientX":489,"clientY":338,"wrapCount":3,"nearest":[{"id":"0434644a-948c-429d-9b35-70326a337e62","w":12,"h":52,"l":388,"t":258,"r":400,"b":311,"inside":false},{"id":"b79c89c1-0922-4d8d-bae7-95238d32ff0d","w":12,"h":52,"l":547,"t":258,"r":559,"b":311,"inside":false},{"id":"b33a1f67-4108-4509-82bd-a5c9ccb050ed","w":12,"h":52,"l":547,"t":311,"r":559,"b":363,"inside":false}]},"timestamp":1787933425303}
{"sessionId":"6c5c15","location":"useEditorController.tsx:textTapDown","message":"global pointerdown","data":{"pointerType":"pen","tracked":true},"timestamp":1787933425798,"hypothesisId":"A","runId":"post-fix"}
{"sessionId":"6c5c15","location":"pageInkDom.ts:resolvePageDomHit","message":"dom hit resolved","data":{"clientX":559.5,"clientY":276,"method":"rect","hitKind":null},"timestamp":1787933425808,"hypothesisId":"B","runId":"ipad-fix2"}
{"sessionId":"6c5c15","location":"pageInkDom.ts:resolvePageDomHit","message":"dom hit resolved","data":{"clientX":556.5,"clientY":274.5,"method":"rect","hitKind":null},"timestamp":1787933425811,"hypothesisId":"B","runId":"ipad-fix2"}
{"sessionId":"6c5c15","location":"pageInkDom.ts:resolvePageDomHit","message":"dom hit resolved","data":{"clientX":556.5,"clientY":274.5,"method":"rect","hitKind":null},"timestamp":1787933425828,"hypothesisId":"B","runId":"ipad-fix2"}
{"sessionId":"6c5c15","location":"pageInkDom.ts:resolvePageDomHit","message":"dom hit resolved","data":{"clientX":557.5,"clientY":275.5,"method":"rect","hitKind":null},"timestamp":1787933425836,"hypothesisId":"B","runId":"ipad-fix2"}
{"sessionId":"6c5c15","location":"pageInkDom.ts:resolvePageDomHit","message":"dom hit resolved","data":{"clientX":557.5,"clientY":275.5,"method":"rect","hitKind":null},"timestamp":1787933425836,"hypothesisId":"B","runId":"ipad-fix2"}
{"sessionId":"6c5c15","location":"pageInkDom.ts:resolvePageDomHit","message":"dom hit resolved","data":{"clientX":558.5,"clientY":277,"method":"rect","hitKind":null},"timestamp":1787933425844,"hypothesisId":"B","runId":"ipad-fix2"}
{"sessionId":"6c5c15","location":"pageInkDom.ts:resolvePageDomHit","message":"dom hit resolved","data":{"clientX":558.5,"clientY":277,"method":"rect","hitKind":null},"timestamp":1787933425845,"hypothesisId":"B","runId":"ipad-fix2"}
{"sessionId":"6c5c15","location":"pageInkDom.ts:resolvePageDomHit","message":"dom hit resolved","data":{"clientX":559,"clientY":279,"method":"rect","hitKind":null},"timestamp":1787933425853,"hypothesisId":"B","runId":"ipad-fix2"}
{"sessionId":"6c5c15","location":"pageInkDom.ts:resolvePageDomHit","message":"dom hit resolved","data":{"clientX":559,"clientY":279,"method":"rect","hitKind":null},"timestamp":1787933425853,"hypothesisId":"B","runId":"ipad-fix2"}
{"sessionId":"6c5c15","location":"pageInkDom.ts:resolvePageDomHit","message":"dom hit resolved","data":{"clientX":559,"clientY":280.5,"method":"rect","hitKind":null},"timestamp":1787933425861,"hypothesisId":"B","runId":"ipad-fix2"}
{"sessionId":"6c5c15","location":"pageInkDom.ts:resolvePageDomHit","message":"dom hit resolved","data":{"clientX":559,"clientY":280.5,"method":"rect","hitKind":null},"timestamp":1787933425862,"hypothesisId":"B","runId":"ipad-fix2"}
{"sessionId":"6c5c15","location":"pageInkDom.ts:resolvePageDomHit","message":"dom hit resolved","data":{"clientX":559.5,"clientY":281.5,"method":"rect","hitKind":null},"timestamp":1787933425869,"hypothesisId":"B","runId":"ipad-fix2"}
{"sessionId":"6c5c15","location":"pageInkDom.ts:resolvePageDomHit","message":"dom hit resolved","data":{"clientX":559.5,"clientY":281.5,"method":"rect","hitKind":null},"timestamp":1787933425870,"hypothesisId":"B","runId":"ipad-fix2"}
{"sessionId":"6c5c15","location":"useEditorController.tsx:textTapUp","message":"text tap up","data":{"pointerType":"pen","hasPending":false,"dist":6.576473218982953},"timestamp":1787933425870,"hypothesisId":"A,E","runId":"post-fix2"}
{"sessionId":"6c5c15","location":"pageInkDom.ts:resolvePageDomHit","message":"dom hit resolved","data":{"clientX":559.5,"clientY":282.5,"method":"rect","hitKind":null},"timestamp":1787933425870,"hypothesisId":"B","runId":"ipad-fix2"}
{"sessionId":"516081","runId":"post-fix","hypothesisId":"A,B,C,D","location":"gestures/index.ts:dispatch","message":"workspace pointer","data":{"phase":"up","pointerType":"pen","kind":"pencil","tool":"text","hitKind":"page","localX":0,"localY":0,"effectTypes":[],"isPrimary":true,"clientX":559.5,"clientY":282.5,"wrapCount":3,"nearest":[{"id":"0434644a-948c-429d-9b35-70326a337e62","w":12,"h":52,"l":388,"t":258,"r":400,"b":311,"inside":false},{"id":"b79c89c1-0922-4d8d-bae7-95238d32ff0d","w":12,"h":52,"l":547,"t":258,"r":559,"b":311,"inside":false},{"id":"b33a1f67-4108-4509-82bd-a5c9ccb050ed","w":12,"h":52,"l":547,"t":311,"r":559,"b":363,"inside":false}]},"timestamp":1787933425871}
{"sessionId":"6c5c15","location":"TextEditBar.tsx:handleBlur","message":"textarea blur","data":{"textId":"b79c89c1-0922-4d8d-bae7-95238d32ff0d","draftLen":5,"textareaLen":5,"draftEmpty":false,"textareaEmpty":false},"timestamp":1787933425872,"hypothesisId":"B","runId":"post-fix"}
{"sessionId":"6c5c15","location":"TextEditBar.tsx:runExplicitCommit","message":"commit plan","data":{"textId":"b79c89c1-0922-4d8d-bae7-95238d32ff0d","draftLen":5,"textareaLen":5,"draftMatchTextarea":true,"savedLen":5,"composing":false,"forceOnExplicit":false,"planKind":"skip","planReason":"unchanged"},"timestamp":1787933425872,"hypothesisId":"B,C","runId":"post-fix"}
{"sessionId":"6c5c15","location":"useEditorController.tsx:deleteText","message":"deleteText called","data":{"textId":"b79c89c1-0922-4d8d-bae7-95238d32ff0d"},"timestamp":1787933425876,"hypothesisId":"B,C"}
{"sessionId":"6c5c15","location":"useEditorController.tsx:textTapDown","message":"global pointerdown","data":{"pointerType":"pen","tracked":true},"timestamp":1787933426705,"hypothesisId":"A","runId":"post-fix"}
{"sessionId":"6c5c15","location":"pageInkDom.ts:resolvePageDomHit","message":"dom hit resolved","data":{"clientX":654,"clientY":312.5,"method":"rect","hitKind":null},"timestamp":1787933426706,"hypothesisId":"B","runId":"ipad-fix2"}
{"sessionId":"516081","runId":"post-fix","hypothesisId":"A,B,C,D","location":"gestures/index.ts:dispatch","message":"workspace pointer","data":{"phase":"down","pointerType":"pen","kind":"pencil","tool":"text","hitKind":"page","localX":0,"localY":0,"effectTypes":[],"isPrimary":true,"clientX":654,"clientY":312.5,"wrapCount":2,"nearest":[{"id":"0434644a-948c-429d-9b35-70326a337e62","w":12,"h":52,"l":388,"t":258,"r":400,"b":311,"inside":false},{"id":"b33a1f67-4108-4509-82bd-a5c9ccb050ed","w":12,"h":52,"l":547,"t":258,"r":559,"b":311,"inside":false}]},"timestamp":1787933426706}
{"sessionId":"6c5c15","location":"pageInkDom.ts:resolvePageDomHit","message":"dom hit resolved","data":{"clientX":652.5,"clientY":312,"method":"rect","hitKind":null},"timestamp":1787933426714,"hypothesisId":"B","runId":"ipad-fix2"}
{"sessionId":"6c5c15","location":"pageInkDom.ts:resolvePageDomHit","message":"dom hit resolved","data":{"clientX":650,"clientY":311,"method":"rect","hitKind":null},"timestamp":1787933426715,"hypothesisId":"B","runId":"ipad-fix2"}
{"sessionId":"6c5c15","location":"pageInkDom.ts:resolvePageDomHit","message":"dom hit resolved","data":{"clientX":650,"clientY":311,"method":"rect","hitKind":null},"timestamp":1787933426716,"hypothesisId":"B","runId":"ipad-fix2"}
{"sessionId":"6c5c15","location":"pageInkDom.ts:resolvePageDomHit","message":"dom hit resolved","data":{"clientX":649,"clientY":311,"method":"rect","hitKind":null},"timestamp":1787933426720,"hypothesisId":"B","runId":"ipad-fix2"}
{"sessionId":"6c5c15","location":"pageInkDom.ts:resolvePageDomHit","message":"dom hit resolved","data":{"clientX":649,"clientY":311,"method":"rect","hitKind":null},"timestamp":1787933426720,"hypothesisId":"B","runId":"ipad-fix2"}
{"sessionId":"6c5c15","location":"pageInkDom.ts:resolvePageDomHit","message":"dom hit resolved","data":{"clientX":648.5,"clientY":311,"method":"rect","hitKind":null},"timestamp":1787933426728,"hypothesisId":"B","runId":"ipad-fix2"}
{"sessionId":"6c5c15","location":"pageInkDom.ts:resolvePageDomHit","message":"dom hit resolved","data":{"clientX":648.5,"clientY":311,"method":"rect","hitKind":null},"timestamp":1787933426729,"hypothesisId":"B","runId":"ipad-fix2"}
{"sessionId":"6c5c15","location":"pageInkDom.ts:resolvePageDomHit","message":"dom hit resolved","data":{"clientX":648.5,"clientY":311,"method":"rect","hitKind":null},"timestamp":1787933426736,"hypothesisId":"B","runId":"ipad-fix2"}
{"sessionId":"6c5c15","location":"pageInkDom.ts:resolvePageDomHit","message":"dom hit resolved","data":{"clientX":648.5,"clientY":311,"method":"rect","hitKind":null},"timestamp":1787933426745,"hypothesisId":"B","runId":"ipad-fix2"}
{"sessionId":"6c5c15","location":"pageInkDom.ts:resolvePageDomHit","message":"dom hit resolved","data":{"clientX":648.5,"clientY":311,"method":"rect","hitKind":null},"timestamp":1787933426753,"hypothesisId":"B","runId":"ipad-fix2"}
{"sessionId":"6c5c15","location":"pageInkDom.ts:resolvePageDomHit","message":"dom hit resolved","data":{"clientX":648.5,"clientY":311,"method":"rect","hitKind":null},"timestamp":1787933426761,"hypothesisId":"B","runId":"ipad-fix2"}
{"sessionId":"6c5c15","location":"pageInkDom.ts:resolvePageDomHit","message":"dom hit resolved","data":{"clientX":648.5,"clientY":311,"method":"rect","hitKind":null},"timestamp":1787933426770,"hypothesisId":"B","runId":"ipad-fix2"}
{"sessionId":"6c5c15","location":"pageInkDom.ts:resolvePageDomHit","message":"dom hit resolved","data":{"clientX":648.5,"clientY":311,"method":"rect","hitKind":null},"timestamp":1787933426778,"hypothesisId":"B","runId":"ipad-fix2"}
{"sessionId":"6c5c15","location":"pageInkDom.ts:resolvePageDomHit","message":"dom hit resolved","data":{"clientX":648.5,"clientY":311,"method":"rect","hitKind":null},"timestamp":1787933426786,"hypothesisId":"B","runId":"ipad-fix2"}
{"sessionId":"6c5c15","location":"pageInkDom.ts:resolvePageDomHit","message":"dom hit resolved","data":{"clientX":648.5,"clientY":311,"method":"rect","hitKind":null},"timestamp":1787933426795,"hypothesisId":"B","runId":"ipad-fix2"}
{"sessionId":"6c5c15","location":"pageInkDom.ts:resolvePageDomHit","message":"dom hit resolved","data":{"clientX":648,"clientY":311,"method":"rect","hitKind":null},"timestamp":1787933426803,"hypothesisId":"B","runId":"ipad-fix2"}
{"sessionId":"6c5c15","location":"pageInkDom.ts:resolvePageDomHit","message":"dom hit resolved","data":{"clientX":648,"clientY":311,"method":"rect","hitKind":null},"timestamp":1787933426804,"hypothesisId":"B","runId":"ipad-fix2"}
{"sessionId":"6c5c15","location":"pageInkDom.ts:resolvePageDomHit","message":"dom hit resolved","data":{"clientX":648,"clientY":311,"method":"rect","hitKind":null},"timestamp":1787933426812,"hypothesisId":"B","runId":"ipad-fix2"}
{"sessionId":"6c5c15","location":"pageInkDom.ts:resolvePageDomHit","message":"dom hit resolved","data":{"clientX":647.5,"clientY":311,"method":"rect","hitKind":null},"timestamp":1787933426820,"hypothesisId":"B","runId":"ipad-fix2"}
{"sessionId":"6c5c15","location":"pageInkDom.ts:resolvePageDomHit","message":"dom hit resolved","data":{"clientX":647.5,"clientY":311,"method":"rect","hitKind":null},"timestamp":1787933426820,"hypothesisId":"B","runId":"ipad-fix2"}
{"sessionId":"6c5c15","location":"pageInkDom.ts:resolvePageDomHit","message":"dom hit resolved","data":{"clientX":647,"clientY":311,"method":"rect","hitKind":null},"timestamp":1787933426828,"hypothesisId":"B","runId":"ipad-fix2"}
{"sessionId":"6c5c15","location":"pageInkDom.ts:resolvePageDomHit","message":"dom hit resolved","data":{"clientX":647,"clientY":311,"method":"rect","hitKind":null},"timestamp":1787933426829,"hypothesisId":"B","runId":"ipad-fix2"}
{"sessionId":"6c5c15","location":"useEditorController.tsx:textTapUp","message":"text tap up","data":{"pointerType":"pen","hasPending":false,"dist":7.280109889280518},"timestamp":1787933426829,"hypothesisId":"A,E","runId":"post-fix2"}
{"sessionId":"6c5c15","location":"pageInkDom.ts:resolvePageDomHit","message":"dom hit resolved","data":{"clientX":647,"clientY":310.5,"method":"rect","hitKind":null},"timestamp":1787933426829,"hypothesisId":"B","runId":"ipad-fix2"}
{"sessionId":"516081","runId":"post-fix","hypothesisId":"A,B,C,D","location":"gestures/index.ts:dispatch","message":"workspace pointer","data":{"phase":"up","pointerType":"pen","kind":"pencil","tool":"text","hitKind":"page","localX":0,"localY":0,"effectTypes":[],"isPrimary":true,"clientX":647,"clientY":310.5,"wrapCount":2,"nearest":[{"id":"0434644a-948c-429d-9b35-70326a337e62","w":12,"h":52,"l":388,"t":258,"r":400,"b":311,"inside":false},{"id":"b33a1f67-4108-4509-82bd-a5c9ccb050ed","w":12,"h":52,"l":547,"t":258,"r":559,"b":311,"inside":false}]},"timestamp":1787933426829}
{"sessionId":"6c5c15","location":"useEditorController.tsx:textTapDown","message":"global pointerdown","data":{"pointerType":"pen","tracked":true},"timestamp":1787933427770,"hypothesisId":"A","runId":"post-fix"}
{"sessionId":"6c5c15","location":"pageInkDom.ts:resolvePageDomHit","message":"dom hit resolved","data":{"clientX":615,"clientY":325,"method":"rect","hitKind":null},"timestamp":1787933427770,"hypothesisId":"B","runId":"ipad-fix2"}
{"sessionId":"516081","runId":"post-fix","hypothesisId":"A,B,C,D","location":"gestures/index.ts:dispatch","message":"workspace pointer","data":{"phase":"down","pointerType":"pen","kind":"pencil","tool":"text","hitKind":"page","localX":0,"localY":0,"effectTypes":[],"isPrimary":true,"clientX":615,"clientY":325,"wrapCount":2,"nearest":[{"id":"0434644a-948c-429d-9b35-70326a337e62","w":12,"h":52,"l":388,"t":258,"r":400,"b":311,"inside":false},{"id":"b33a1f67-4108-4509-82bd-a5c9ccb050ed","w":12,"h":52,"l":547,"t":258,"r":559,"b":311,"inside":false}]},"timestamp":1787933427773}
{"sessionId":"6c5c15","location":"pageInkDom.ts:resolvePageDomHit","message":"dom hit resolved","data":{"clientX":614.5,"clientY":325,"method":"rect","hitKind":null},"timestamp":1787933427779,"hypothesisId":"B","runId":"ipad-fix2"}
{"sessionId":"6c5c15","location":"pageInkDom.ts:resolvePageDomHit","message":"dom hit resolved","data":{"clientX":614.5,"clientY":325,"method":"rect","hitKind":null},"timestamp":1787933427779,"hypothesisId":"B","runId":"ipad-fix2"}
{"sessionId":"6c5c15","location":"pageInkDom.ts:resolvePageDomHit","message":"dom hit resolved","data":{"clientX":614.5,"clientY":325,"method":"rect","hitKind":null},"timestamp":1787933427780,"hypothesisId":"B","runId":"ipad-fix2"}
{"sessionId":"6c5c15","location":"pageInkDom.ts:resolvePageDomHit","message":"dom hit resolved","data":{"clientX":615,"clientY":324.5,"method":"rect","hitKind":null},"timestamp":1787933427787,"hypothesisId":"B","runId":"ipad-fix2"}
{"sessionId":"6c5c15","location":"pageInkDom.ts:resolvePageDomHit","message":"dom hit resolved","data":{"clientX":615,"clientY":324.5,"method":"rect","hitKind":null},"timestamp":1787933427788,"hypothesisId":"B","runId":"ipad-fix2"}
{"sessionId":"6c5c15","location":"pageInkDom.ts:resolvePageDomHit","message":"dom hit resolved","data":{"clientX":616,"clientY":323.5,"method":"rect","hitKind":null},"timestamp":1787933427795,"hypothesisId":"B","runId":"ipad-fix2"}
{"sessionId":"6c5c15","location":"pageInkDom.ts:resolvePageDomHit","message":"dom hit resolved","data":{"clientX":616,"clientY":323.5,"method":"rect","hitKind":null},"timestamp":1787933427796,"hypothesisId":"B","runId":"ipad-fix2"}
{"sessionId":"6c5c15","location":"pageInkDom.ts:resolvePageDomHit","message":"dom hit resolved","data":{"clientX":617.5,"clientY":322.5,"method":"rect","hitKind":null},"timestamp":1787933427804,"hypothesisId":"B","runId":"ipad-fix2"}
{"sessionId":"6c5c15","location":"pageInkDom.ts:resolvePageDomHit","message":"dom hit resolved","data":{"clientX":617.5,"clientY":322.5,"method":"rect","hitKind":null},"timestamp":1787933427804,"hypothesisId":"B","runId":"ipad-fix2"}
{"sessionId":"6c5c15","location":"pageInkDom.ts:resolvePageDomHit","message":"dom hit resolved","data":{"clientX":618,"clientY":322,"method":"rect","hitKind":null},"timestamp":1787933427812,"hypothesisId":"B","runId":"ipad-fix2"}
{"sessionId":"6c5c15","location":"pageInkDom.ts:resolvePageDomHit","message":"dom hit resolved","data":{"clientX":618,"clientY":322,"method":"rect","hitKind":null},"timestamp":1787933427813,"hypothesisId":"B","runId":"ipad-fix2"}
{"sessionId":"6c5c15","location":"useEditorController.tsx:textTapUp","message":"text tap up","data":{"pointerType":"pen","hasPending":false,"dist":5.656854249492381},"timestamp":1787933427813,"hypothesisId":"A,E","runId":"post-fix2"}
{"sessionId":"6c5c15","location":"pageInkDom.ts:resolvePageDomHit","message":"dom hit resolved","data":{"clientX":619,"clientY":321,"method":"rect","hitKind":null},"timestamp":1787933427813,"hypothesisId":"B","runId":"ipad-fix2"}
{"sessionId":"516081","runId":"post-fix","hypothesisId":"A,B,C,D","location":"gestures/index.ts:dispatch","message":"workspace pointer","data":{"phase":"up","pointerType":"pen","kind":"pencil","tool":"text","hitKind":"page","localX":0,"localY":0,"effectTypes":[],"isPrimary":true,"clientX":619,"clientY":321,"wrapCount":2,"nearest":[{"id":"0434644a-948c-429d-9b35-70326a337e62","w":12,"h":52,"l":388,"t":258,"r":400,"b":311,"inside":false},{"id":"b33a1f67-4108-4509-82bd-a5c9ccb050ed","w":12,"h":52,"l":547,"t":258,"r":559,"b":311,"inside":false}]},"timestamp":1787933427813}
{"sessionId":"6c5c15","location":"useEditorController.tsx:textTapDown","message":"global pointerdown","data":{"pointerType":"pen","tracked":true},"timestamp":1787933428318,"hypothesisId":"A","runId":"post-fix"}
{"sessionId":"6c5c15","location":"pageInkDom.ts:resolvePageDomHit","message":"dom hit resolved","data":{"clientX":618,"clientY":318,"method":"rect","hitKind":null},"timestamp":1787933428319,"hypothesisId":"B","runId":"ipad-fix2"}
{"sessionId":"516081","runId":"post-fix","hypothesisId":"A,B,C,D","location":"gestures/index.ts:dispatch","message":"workspace pointer","data":{"phase":"down","pointerType":"pen","kind":"pencil","tool":"text","hitKind":"page","localX":0,"localY":0,"effectTypes":[],"isPrimary":true,"clientX":618,"clientY":318,"wrapCount":2,"nearest":[{"id":"0434644a-948c-429d-9b35-70326a337e62","w":12,"h":52,"l":388,"t":258,"r":400,"b":311,"inside":false},{"id":"b33a1f67-4108-4509-82bd-a5c9ccb050ed","w":12,"h":52,"l":547,"t":258,"r":559,"b":311,"inside":false}]},"timestamp":1787933428321}
{"sessionId":"6c5c15","location":"pageInkDom.ts:resolvePageDomHit","message":"dom hit resolved","data":{"clientX":618,"clientY":318.5,"method":"rect","hitKind":null},"timestamp":1787933428334,"hypothesisId":"B","runId":"ipad-fix2"}
{"sessionId":"6c5c15","location":"pageInkDom.ts:resolvePageDomHit","message":"dom hit resolved","data":{"clientX":616.5,"clientY":318.5,"method":"rect","hitKind":null},"timestamp":1787933428337,"hypothesisId":"B","runId":"ipad-fix2"}
{"sessionId":"6c5c15","location":"pageInkDom.ts:resolvePageDomHit","message":"dom hit resolved","data":{"clientX":616.5,"clientY":318.5,"method":"rect","hitKind":null},"timestamp":1787933428338,"hypothesisId":"B","runId":"ipad-fix2"}
{"sessionId":"6c5c15","location":"pageInkDom.ts:resolvePageDomHit","message":"dom hit resolved","data":{"clientX":617,"clientY":319,"method":"rect","hitKind":null},"timestamp":1787933428346,"hypothesisId":"B","runId":"ipad-fix2"}
{"sessionId":"6c5c15","location":"pageInkDom.ts:resolvePageDomHit","message":"dom hit resolved","data":{"clientX":617,"clientY":319,"method":"rect","hitKind":null},"timestamp":1787933428346,"hypothesisId":"B","runId":"ipad-fix2"}
{"sessionId":"6c5c15","location":"pageInkDom.ts:resolvePageDomHit","message":"dom hit resolved","data":{"clientX":617,"clientY":319.5,"method":"rect","hitKind":null},"timestamp":1787933428354,"hypothesisId":"B","runId":"ipad-fix2"}
{"sessionId":"6c5c15","location":"pageInkDom.ts:resolvePageDomHit","message":"dom hit resolved","data":{"clientX":617,"clientY":319.5,"method":"rect","hitKind":null},"timestamp":1787933428354,"hypothesisId":"B","runId":"ipad-fix2"}
{"sessionId":"6c5c15","location":"pageInkDom.ts:resolvePageDomHit","message":"dom hit resolved","data":{"clientX":617.5,"clientY":320,"method":"rect","hitKind":null},"timestamp":1787933428362,"hypothesisId":"B","runId":"ipad-fix2"}
{"sessionId":"6c5c15","location":"pageInkDom.ts:resolvePageDomHit","message":"dom hit resolved","data":{"clientX":617.5,"clientY":320,"method":"rect","hitKind":null},"timestamp":1787933428363,"hypothesisId":"B","runId":"ipad-fix2"}
{"sessionId":"6c5c15","location":"pageInkDom.ts:resolvePageDomHit","message":"dom hit resolved","data":{"clientX":618,"clientY":320,"method":"rect","hitKind":null},"timestamp":1787933428371,"hypothesisId":"B","runId":"ipad-fix2"}
{"sessionId":"6c5c15","location":"pageInkDom.ts:resolvePageDomHit","message":"dom hit resolved","data":{"clientX":618,"clientY":320,"method":"rect","hitKind":null},"timestamp":1787933428371,"hypothesisId":"B","runId":"ipad-fix2"}
{"sessionId":"6c5c15","location":"useEditorController.tsx:textTapUp","message":"text tap up","data":{"pointerType":"pen","hasPending":false,"dist":2.0615528128088303},"timestamp":1787933428372,"hypothesisId":"A,E","runId":"post-fix2"}
{"sessionId":"6c5c15","location":"pageInkDom.ts:resolvePageDomHit","message":"dom hit resolved","data":{"clientX":618.5,"clientY":320,"method":"rect","hitKind":null},"timestamp":1787933428372,"hypothesisId":"B","runId":"ipad-fix2"}
{"sessionId":"516081","runId":"post-fix","hypothesisId":"A,B,C,D","location":"gestures/index.ts:dispatch","message":"workspace pointer","data":{"phase":"up","pointerType":"pen","kind":"pencil","tool":"text","hitKind":"page","localX":0,"localY":0,"effectTypes":[],"isPrimary":true,"clientX":618.5,"clientY":320,"wrapCount":2,"nearest":[{"id":"0434644a-948c-429d-9b35-70326a337e62","w":12,"h":52,"l":388,"t":258,"r":400,"b":311,"inside":false},{"id":"b33a1f67-4108-4509-82bd-a5c9ccb050ed","w":12,"h":52,"l":547,"t":258,"r":559,"b":311,"inside":false}]},"timestamp":1787933428372}
{"sessionId":"6c5c15","location":"pageInkDom.ts:resolvePageDomHit","message":"dom hit resolved","data":{"clientX":494,"clientY":315.5,"method":"rect","hitKind":null},"timestamp":1787933428821,"hypothesisId":"B","runId":"ipad-fix2"}
{"sessionId":"516081","runId":"post-fix","hypothesisId":"A,B,C,D","location":"gestures/index.ts:dispatch","message":"workspace pointer","data":{"phase":"down","pointerType":"pen","kind":"pencil","tool":"text","hitKind":"page","localX":0,"localY":0,"effectTypes":[],"isPrimary":true,"clientX":494,"clientY":315.5,"wrapCount":2,"nearest":[{"id":"0434644a-948c-429d-9b35-70326a337e62","w":12,"h":52,"l":388,"t":258,"r":400,"b":311,"inside":false},{"id":"b33a1f67-4108-4509-82bd-a5c9ccb050ed","w":12,"h":52,"l":547,"t":258,"r":559,"b":311,"inside":false}]},"timestamp":1787933428822}
{"sessionId":"6c5c15","location":"useEditorController.tsx:textTapDown","message":"global pointerdown","data":{"pointerType":"pen","tracked":true},"timestamp":1787933428819,"hypothesisId":"A","runId":"post-fix"}
{"sessionId":"6c5c15","location":"pageInkDom.ts:resolvePageDomHit","message":"dom hit resolved","data":{"clientX":488,"clientY":316.5,"method":"rect","hitKind":null},"timestamp":1787933428837,"hypothesisId":"B","runId":"ipad-fix2"}
{"sessionId":"6c5c15","location":"pageInkDom.ts:resolvePageDomHit","message":"dom hit resolved","data":{"clientX":490.5,"clientY":316.5,"method":"rect","hitKind":null},"timestamp":1787933428837,"hypothesisId":"B","runId":"ipad-fix2"}
{"sessionId":"6c5c15","location":"pageInkDom.ts:resolvePageDomHit","message":"dom hit resolved","data":{"clientX":489,"clientY":321.5,"method":"rect","hitKind":null},"timestamp":1787933428846,"hypothesisId":"B","runId":"ipad-fix2"}
{"sessionId":"6c5c15","location":"pageInkDom.ts:resolvePageDomHit","message":"dom hit resolved","data":{"clientX":489,"clientY":321.5,"method":"rect","hitKind":null},"timestamp":1787933428847,"hypothesisId":"B","runId":"ipad-fix2"}
{"sessionId":"6c5c15","location":"pageInkDom.ts:resolvePageDomHit","message":"dom hit resolved","data":{"clientX":490,"clientY":322,"method":"rect","hitKind":null},"timestamp":1787933428854,"hypothesisId":"B","runId":"ipad-fix2"}
{"sessionId":"6c5c15","location":"pageInkDom.ts:resolvePageDomHit","message":"dom hit resolved","data":{"clientX":490,"clientY":322,"method":"rect","hitKind":null},"timestamp":1787933428855,"hypothesisId":"B","runId":"ipad-fix2"}
{"sessionId":"6c5c15","location":"useEditorController.tsx:textTapUp","message":"text tap up","data":{"pointerType":"pen","hasPending":false,"dist":7.615773105863909},"timestamp":1787933428855,"hypothesisId":"A,E","runId":"post-fix2"}
{"sessionId":"6c5c15","location":"pageInkDom.ts:resolvePageDomHit","message":"dom hit resolved","data":{"clientX":491,"clientY":322.5,"method":"rect","hitKind":null},"timestamp":1787933428855,"hypothesisId":"B","runId":"ipad-fix2"}
{"sessionId":"516081","runId":"post-fix","hypothesisId":"A,B,C,D","location":"gestures/index.ts:dispatch","message":"workspace pointer","data":{"phase":"up","pointerType":"pen","kind":"pencil","tool":"text","hitKind":"page","localX":0,"localY":0,"effectTypes":[],"isPrimary":true,"clientX":491,"clientY":322.5,"wrapCount":2,"nearest":[{"id":"0434644a-948c-429d-9b35-70326a337e62","w":12,"h":52,"l":388,"t":258,"r":400,"b":311,"inside":false},{"id":"b33a1f67-4108-4509-82bd-a5c9ccb050ed","w":12,"h":52,"l":547,"t":258,"r":559,"b":311,"inside":false}]},"timestamp":1787933428856}
{"sessionId":"6c5c15","location":"useEditorController.tsx:textTapDown","message":"global pointerdown","data":{"pointerType":"pen","tracked":true},"timestamp":1787933429278,"hypothesisId":"A","runId":"post-fix"}
{"sessionId":"6c5c15","location":"pageInkDom.ts:resolvePageDomHit","message":"dom hit resolved","data":{"clientX":481,"clientY":315.5,"method":"rect","hitKind":null},"timestamp":1787933429280,"hypothesisId":"B","runId":"ipad-fix2"}
{"sessionId":"516081","runId":"post-fix","hypothesisId":"A,B,C,D","location":"gestures/index.ts:dispatch","message":"workspace pointer","data":{"phase":"down","pointerType":"pen","kind":"pencil","tool":"text","hitKind":"page","localX":0,"localY":0,"effectTypes":[],"isPrimary":true,"clientX":481,"clientY":315.5,"wrapCount":2,"nearest":[{"id":"0434644a-948c-429d-9b35-70326a337e62","w":12,"h":52,"l":388,"t":258,"r":400,"b":311,"inside":false},{"id":"b33a1f67-4108-4509-82bd-a5c9ccb050ed","w":12,"h":52,"l":547,"t":258,"r":559,"b":311,"inside":false}]},"timestamp":1787933429281}
{"sessionId":"6c5c15","location":"pageInkDom.ts:resolvePageDomHit","message":"dom hit resolved","data":{"clientX":479.5,"clientY":316,"method":"rect","hitKind":null},"timestamp":1787933429293,"hypothesisId":"B","runId":"ipad-fix2"}
{"sessionId":"6c5c15","location":"pageInkDom.ts:resolvePageDomHit","message":"dom hit resolved","data":{"clientX":478,"clientY":316,"method":"rect","hitKind":null},"timestamp":1787933429294,"hypothesisId":"B","runId":"ipad-fix2"}
{"sessionId":"6c5c15","location":"pageInkDom.ts:resolvePageDomHit","message":"dom hit resolved","data":{"clientX":475.5,"clientY":322,"method":"rect","hitKind":null},"timestamp":1787933429296,"hypothesisId":"B","runId":"ipad-fix2"}
{"sessionId":"6c5c15","location":"pageInkDom.ts:resolvePageDomHit","message":"dom hit resolved","data":{"clientX":475.5,"clientY":322,"method":"rect","hitKind":null},"timestamp":1787933429296,"hypothesisId":"B","runId":"ipad-fix2"}
{"sessionId":"6c5c15","location":"pageInkDom.ts:resolvePageDomHit","message":"dom hit resolved","data":{"clientX":475,"clientY":323.5,"method":"rect","hitKind":null},"timestamp":1787933429305,"hypothesisId":"B","runId":"ipad-fix2"}
{"sessionId":"6c5c15","location":"pageInkDom.ts:resolvePageDomHit","message":"dom hit resolved","data":{"clientX":475,"clientY":323.5,"method":"rect","hitKind":null},"timestamp":1787933429305,"hypothesisId":"B","runId":"ipad-fix2"}
{"sessionId":"6c5c15","location":"pageInkDom.ts:resolvePageDomHit","message":"dom hit resolved","data":{"clientX":475,"clientY":325,"method":"rect","hitKind":null},"timestamp":1787933429313,"hypothesisId":"B","runId":"ipad-fix2"}
{"sessionId":"6c5c15","location":"pageInkDom.ts:resolvePageDomHit","message":"dom hit resolved","data":{"clientX":475,"clientY":325,"method":"rect","hitKind":null},"timestamp":1787933429313,"hypothesisId":"B","runId":"ipad-fix2"}
{"sessionId":"6c5c15","location":"pageInkDom.ts:resolvePageDomHit","message":"dom hit resolved","data":{"clientX":475,"clientY":325.5,"method":"rect","hitKind":null},"timestamp":1787933429321,"hypothesisId":"B","runId":"ipad-fix2"}
{"sessionId":"6c5c15","location":"pageInkDom.ts:resolvePageDomHit","message":"dom hit resolved","data":{"clientX":475,"clientY":325.5,"method":"rect","hitKind":null},"timestamp":1787933429322,"hypothesisId":"B","runId":"ipad-fix2"}
{"sessionId":"6c5c15","location":"pageInkDom.ts:resolvePageDomHit","message":"dom hit resolved","data":{"clientX":475,"clientY":326,"method":"rect","hitKind":null},"timestamp":1787933429330,"hypothesisId":"B","runId":"ipad-fix2"}
{"sessionId":"6c5c15","location":"pageInkDom.ts:resolvePageDomHit","message":"dom hit resolved","data":{"clientX":475,"clientY":326,"method":"rect","hitKind":null},"timestamp":1787933429330,"hypothesisId":"B","runId":"ipad-fix2"}
{"sessionId":"6c5c15","location":"pageInkDom.ts:resolvePageDomHit","message":"dom hit resolved","data":{"clientX":474.5,"clientY":326,"method":"rect","hitKind":null},"timestamp":1787933429338,"hypothesisId":"B","runId":"ipad-fix2"}
{"sessionId":"6c5c15","location":"pageInkDom.ts:resolvePageDomHit","message":"dom hit resolved","data":{"clientX":474.5,"clientY":326,"method":"rect","hitKind":null},"timestamp":1787933429338,"hypothesisId":"B","runId":"ipad-fix2"}
{"sessionId":"6c5c15","location":"pageInkDom.ts:resolvePageDomHit","message":"dom hit resolved","data":{"clientX":474.5,"clientY":325.5,"method":"rect","hitKind":null},"timestamp":1787933429346,"hypothesisId":"B","runId":"ipad-fix2"}
{"sessionId":"6c5c15","location":"pageInkDom.ts:resolvePageDomHit","message":"dom hit resolved","data":{"clientX":474.5,"clientY":325.5,"method":"rect","hitKind":null},"timestamp":1787933429347,"hypothesisId":"B","runId":"ipad-fix2"}
{"sessionId":"6c5c15","location":"pageInkDom.ts:resolvePageDomHit","message":"dom hit resolved","data":{"clientX":474,"clientY":323.5,"method":"rect","hitKind":null},"timestamp":1787933429354,"hypothesisId":"B","runId":"ipad-fix2"}
{"sessionId":"6c5c15","location":"useEditorController.tsx:textTapUp","message":"text tap up","data":{"pointerType":"pen","hasPending":false,"dist":10.259142264341596},"timestamp":1787933429363,"hypothesisId":"A,E","runId":"post-fix2"}
{"sessionId":"6c5c15","location":"pageInkDom.ts:resolvePageDomHit","message":"dom hit resolved","data":{"clientX":473.5,"clientY":322.5,"method":"rect","hitKind":null},"timestamp":1787933429363,"hypothesisId":"B","runId":"ipad-fix2"}
{"sessionId":"516081","runId":"post-fix","hypothesisId":"A,B,C,D","location":"gestures/index.ts:dispatch","message":"workspace pointer","data":{"phase":"up","pointerType":"pen","kind":"pencil","tool":"text","hitKind":"page","localX":0,"localY":0,"effectTypes":[],"isPrimary":true,"clientX":473.5,"clientY":322.5,"wrapCount":2,"nearest":[{"id":"0434644a-948c-429d-9b35-70326a337e62","w":12,"h":52,"l":388,"t":258,"r":400,"b":311,"inside":false},{"id":"b33a1f67-4108-4509-82bd-a5c9ccb050ed","w":12,"h":52,"l":547,"t":258,"r":559,"b":311,"inside":false}]},"timestamp":1787933429363}
{"sessionId":"6c5c15","location":"useEditorController.tsx:textTapDown","message":"global pointerdown","data":{"pointerType":"touch","tracked":true},"timestamp":1787933430523,"hypothesisId":"A","runId":"post-fix"}
{"sessionId":"6c5c15","location":"pageInkDom.ts:resolvePageDomHit","message":"dom hit resolved","data":{"clientX":488.5,"clientY":336,"method":"rect","hitKind":null},"timestamp":1787933430526,"hypothesisId":"B","runId":"ipad-fix2"}
{"sessionId":"516081","runId":"post-fix","hypothesisId":"A,B,C,D","location":"gestures/index.ts:dispatch","message":"workspace pointer","data":{"phase":"down","pointerType":"touch","kind":"finger","tool":"text","hitKind":"page","localX":0,"localY":0,"effectTypes":[],"isPrimary":true,"clientX":488.5,"clientY":336,"wrapCount":2,"nearest":[{"id":"0434644a-948c-429d-9b35-70326a337e62","w":12,"h":52,"l":388,"t":258,"r":400,"b":311,"inside":false},{"id":"b33a1f67-4108-4509-82bd-a5c9ccb050ed","w":12,"h":52,"l":547,"t":258,"r":559,"b":311,"inside":false}]},"timestamp":1787933430527}
{"sessionId":"6c5c15","location":"useEditorController.tsx:textTapUp","message":"text tap up","data":{"pointerType":"touch","hasPending":false,"dist":0},"timestamp":1787933430572,"hypothesisId":"A,E","runId":"post-fix2"}
{"sessionId":"6c5c15","location":"pageInkDom.ts:resolvePageDomHit","message":"dom hit resolved","data":{"clientX":488.5,"clientY":336,"method":"rect","hitKind":null},"timestamp":1787933430573,"hypothesisId":"B","runId":"ipad-fix2"}
{"sessionId":"6c5c15","location":"workspaceFsm.tsx:fingerTapUp","message":"finger tap up","data":{"tool":"text","downHitKind":"page","upHitKind":"page","usedHitKind":"page","effectTypes":[],"clientX":488.5,"clientY":336},"timestamp":1787933430574,"hypothesisId":"A,D,F","runId":"ipad-fix3"}
{"sessionId":"516081","runId":"post-fix","hypothesisId":"A,B,C,D","location":"gestures/index.ts:dispatch","message":"workspace pointer","data":{"phase":"up","pointerType":"touch","kind":"finger","tool":"text","hitKind":"page","localX":0,"localY":0,"effectTypes":[],"isPrimary":true,"clientX":488.5,"clientY":336,"wrapCount":2,"nearest":[{"id":"0434644a-948c-429d-9b35-70326a337e62","w":12,"h":52,"l":388,"t":258,"r":400,"b":311,"inside":false},{"id":"b33a1f67-4108-4509-82bd-a5c9ccb050ed","w":12,"h":52,"l":547,"t":258,"r":559,"b":311,"inside":false}]},"timestamp":1787933430574}
{"sessionId":"6c5c15","location":"useEditorController.tsx:textTapDown","message":"global pointerdown","data":{"pointerType":"touch","tracked":true},"timestamp":1787933430727,"hypothesisId":"A","runId":"post-fix"}
{"sessionId":"6c5c15","location":"pageInkDom.ts:resolvePageDomHit","message":"dom hit resolved","data":{"clientX":491,"clientY":323,"method":"rect","hitKind":null},"timestamp":1787933430729,"hypothesisId":"B","runId":"ipad-fix2"}
{"sessionId":"516081","runId":"post-fix","hypothesisId":"A,B,C,D","location":"gestures/index.ts:dispatch","message":"workspace pointer","data":{"phase":"down","pointerType":"touch","kind":"finger","tool":"text","hitKind":"page","localX":0,"localY":0,"effectTypes":[],"isPrimary":true,"clientX":491,"clientY":323,"wrapCount":2,"nearest":[{"id":"0434644a-948c-429d-9b35-70326a337e62","w":12,"h":52,"l":388,"t":258,"r":400,"b":311,"inside":false},{"id":"b33a1f67-4108-4509-82bd-a5c9ccb050ed","w":12,"h":52,"l":547,"t":258,"r":559,"b":311,"inside":false}]},"timestamp":1787933430730}
{"sessionId":"6c5c15","location":"useEditorController.tsx:textTapUp","message":"text tap up","data":{"pointerType":"touch","hasPending":false,"dist":0},"timestamp":1787933430781,"hypothesisId":"A,E","runId":"post-fix2"}
{"sessionId":"6c5c15","location":"pageInkDom.ts:resolvePageDomHit","message":"dom hit resolved","data":{"clientX":491,"clientY":323,"method":"rect","hitKind":null},"timestamp":1787933430782,"hypothesisId":"B","runId":"ipad-fix2"}
{"sessionId":"6c5c15","location":"workspaceFsm.tsx:fingerTapUp","message":"finger tap up","data":{"tool":"text","downHitKind":"page","upHitKind":"page","usedHitKind":"page","effectTypes":[],"clientX":491,"clientY":323},"timestamp":1787933430782,"hypothesisId":"A,D,F","runId":"ipad-fix3"}
{"sessionId":"516081","runId":"post-fix","hypothesisId":"A,B,C,D","location":"gestures/index.ts:dispatch","message":"workspace pointer","data":{"phase":"up","pointerType":"touch","kind":"finger","tool":"text","hitKind":"page","localX":0,"localY":0,"effectTypes":[],"isPrimary":true,"clientX":491,"clientY":323,"wrapCount":2,"nearest":[{"id":"0434644a-948c-429d-9b35-70326a337e62","w":12,"h":52,"l":388,"t":258,"r":400,"b":311,"inside":false},{"id":"b33a1f67-4108-4509-82bd-a5c9ccb050ed","w":12,"h":52,"l":547,"t":258,"r":559,"b":311,"inside":false}]},"timestamp":1787933430783}
{"sessionId":"6c5c15","location":"pageInkDom.ts:resolvePageDomHit","message":"dom hit resolved","data":{"clientX":743.6666870117188,"clientY":414.66668701171875,"method":"rect","hitKind":null},"timestamp":1787933455235,"hypothesisId":"B","runId":"ipad-fix2"}
{"sessionId":"6c5c15","location":"pageInkDom.ts:resolvePageDomHit","message":"dom hit resolved","data":{"clientX":735.6666870117188,"clientY":406.66668701171875,"method":"rect","hitKind":null},"timestamp":1787933455237,"hypothesisId":"B","runId":"ipad-fix2"}
{"sessionId":"6c5c15","location":"pageInkDom.ts:resolvePageDomHit","message":"dom hit resolved","data":{"clientX":729.6666870117188,"clientY":397.3333435058594,"method":"rect","hitKind":null},"timestamp":1787933455238,"hypothesisId":"B","runId":"ipad-fix2"}
{"sessionId":"6c5c15","location":"pageInkDom.ts:resolvePageDomHit","message":"dom hit resolved","data":{"clientX":723,"clientY":390.66668701171875,"method":"rect","hitKind":null},"timestamp":1787933455240,"hypothesisId":"B","runId":"ipad-fix2"}
{"sessionId":"6c5c15","location":"pageInkDom.ts:resolvePageDomHit","message":"dom hit resolved","data":{"clientX":715.6666870117188,"clientY":382.66668701171875,"method":"rect","hitKind":null},"timestamp":1787933455241,"hypothesisId":"B","runId":"ipad-fix2"}
{"sessionId":"6c5c15","location":"pageInkDom.ts:resolvePageDomHit","message":"dom hit resolved","data":{"clientX":701.6666870117188,"clientY":366.66668701171875,"method":"rect","hitKind":null},"timestamp":1787933455241,"hypothesisId":"B","runId":"ipad-fix2"}
{"sessionId":"6c5c15","location":"pageInkDom.ts:resolvePageDomHit","message":"dom hit resolved","data":{"clientX":689,"clientY":349.3333435058594,"method":"rect","hitKind":null},"timestamp":1787933455242,"hypothesisId":"B","runId":"ipad-fix2"}
{"sessionId":"6c5c15","location":"pageInkDom.ts:resolvePageDomHit","message":"dom hit resolved","data":{"clientX":681,"clientY":341.3333435058594,"method":"rect","hitKind":null},"timestamp":1787933455243,"hypothesisId":"B","runId":"ipad-fix2"}
{"sessionId":"6c5c15","location":"pageInkDom.ts:resolvePageDomHit","message":"dom hit resolved","data":{"clientX":673.6666870117188,"clientY":333.3333435058594,"method":"rect","hitKind":null},"timestamp":1787933455244,"hypothesisId":"B","runId":"ipad-fix2"}
{"sessionId":"6c5c15","location":"pageInkDom.ts:resolvePageDomHit","message":"dom hit resolved","data":{"clientX":667.6666870117188,"clientY":325.3333435058594,"method":"rect","hitKind":null},"timestamp":1787933455245,"hypothesisId":"B","runId":"ipad-fix2"}
{"sessionId":"6c5c15","location":"pageInkDom.ts:resolvePageDomHit","message":"dom hit resolved","data":{"clientX":661,"clientY":317.3333435058594,"method":"rect","hitKind":null},"timestamp":1787933455246,"hypothesisId":"B","runId":"ipad-fix2"}
{"sessionId":"6c5c15","location":"pageInkDom.ts:resolvePageDomHit","message":"dom hit resolved","data":{"clientX":653.6666870117188,"clientY":309.3333435058594,"method":"rect","hitKind":null},"timestamp":1787933455247,"hypothesisId":"B","runId":"ipad-fix2"}
{"sessionId":"6c5c15","location":"pageInkDom.ts:resolvePageDomHit","message":"dom hit resolved","data":{"clientX":647.6666870117188,"clientY":301.3333435058594,"method":"rect","hitKind":null},"timestamp":1787933455248,"hypothesisId":"B","runId":"ipad-fix2"}
{"sessionId":"6c5c15","location":"pageInkDom.ts:resolvePageDomHit","message":"dom hit resolved","data":{"clientX":641,"clientY":293.3333435058594,"method":"rect","hitKind":null},"timestamp":1787933455249,"hypothesisId":"B","runId":"ipad-fix2"}
{"sessionId":"6c5c15","location":"pageInkDom.ts:resolvePageDomHit","message":"dom hit resolved","data":{"clientX":629,"clientY":276.66668701171875,"method":"rect","hitKind":null},"timestamp":1787933455249,"hypothesisId":"B","runId":"ipad-fix2"}
{"sessionId":"6c5c15","location":"pageInkDom.ts:resolvePageDomHit","message":"dom hit resolved","data":{"clientX":623,"clientY":268.66668701171875,"method":"rect","hitKind":null},"timestamp":1787933455251,"hypothesisId":"B","runId":"ipad-fix2"}
{"sessionId":"6c5c15","location":"pageInkDom.ts:resolvePageDomHit","message":"dom hit resolved","data":{"clientX":617,"clientY":260.66668701171875,"method":"rect","hitKind":null},"timestamp":1787933455252,"hypothesisId":"B","runId":"ipad-fix2"}
{"sessionId":"6c5c15","location":"pageInkDom.ts:resolvePageDomHit","message":"dom hit resolved","data":{"clientX":611.6666870117188,"clientY":252.6666717529297,"method":"rect","hitKind":null},"timestamp":1787933455252,"hypothesisId":"B","runId":"ipad-fix2"}
{"sessionId":"6c5c15","location":"pageInkDom.ts:resolvePageDomHit","message":"dom hit resolved","data":{"clientX":605.6666870117188,"clientY":244.6666717529297,"method":"rect","hitKind":null},"timestamp":1787933455254,"hypothesisId":"B","runId":"ipad-fix2"}
{"sessionId":"6c5c15","location":"pageInkDom.ts:resolvePageDomHit","message":"dom hit resolved","data":{"clientX":601,"clientY":235.33334350585938,"method":"rect","hitKind":null},"timestamp":1787933455254,"hypothesisId":"B","runId":"ipad-fix2"}
{"sessionId":"6c5c15","location":"pageInkDom.ts:resolvePageDomHit","message":"dom hit resolved","data":{"clientX":597,"clientY":227.33334350585938,"method":"rect","hitKind":null},"timestamp":1787933455255,"hypothesisId":"B","runId":"ipad-fix2"}
{"sessionId":"6c5c15","location":"pageInkDom.ts:resolvePageDomHit","message":"dom hit resolved","data":{"clientX":587,"clientY":211.33334350585938,"method":"rect","hitKind":null},"timestamp":1787933455257,"hypothesisId":"B","runId":"ipad-fix2"}
{"sessionId":"6c5c15","location":"pageInkDom.ts:resolvePageDomHit","message":"dom hit resolved","data":{"clientX":583,"clientY":202.6666717529297,"method":"rect","hitKind":null},"timestamp":1787933455257,"hypothesisId":"B","runId":"ipad-fix2"}
{"sessionId":"6c5c15","location":"pageInkDom.ts:resolvePageDomHit","message":"dom hit resolved","data":{"clientX":579,"clientY":193.33334350585938,"method":"rect","hitKind":null},"timestamp":1787933455258,"hypothesisId":"B","runId":"ipad-fix2"}
{"sessionId":"6c5c15","location":"pageInkDom.ts:resolvePageDomHit","message":"dom hit resolved","data":{"clientX":575.6666870117188,"clientY":184.6666717529297,"method":"rect","hitKind":null},"timestamp":1787933455259,"hypothesisId":"B","runId":"ipad-fix2"}
{"sessionId":"6c5c15","location":"pageInkDom.ts:resolvePageDomHit","message":"dom hit resolved","data":{"clientX":573,"clientY":175.33334350585938,"method":"rect","hitKind":"pageNumber","pageId":"60311903-f7d1-4f60-a865-4989247e72a0"},"timestamp":1787933455260,"hypothesisId":"B","runId":"ipad-fix2"}
{"sessionId":"6c5c15","location":"pageInkDom.ts:resolvePageDomHit","message":"dom hit resolved","data":{"clientX":569.6666870117188,"clientY":166.6666717529297,"method":"rect","hitKind":"pageNumber","pageId":"60311903-f7d1-4f60-a865-4989247e72a0"},"timestamp":1787933455261,"hypothesisId":"B","runId":"ipad-fix2"}
{"sessionId":"6c5c15","location":"pageInkDom.ts:resolvePageDomHit","message":"dom hit resolved","data":{"clientX":567,"clientY":156.6666717529297,"method":"rect","hitKind":"pageNumber","pageId":"60311903-f7d1-4f60-a865-4989247e72a0"},"timestamp":1787933455262,"hypothesisId":"B","runId":"ipad-fix2"}
{"sessionId":"6c5c15","location":"pageInkDom.ts:resolvePageDomHit","message":"dom hit resolved","data":{"clientX":563.6666870117188,"clientY":147.33334350585938,"method":"rect","hitKind":"pageNumber","pageId":"60311903-f7d1-4f60-a865-4989247e72a0"},"timestamp":1787933455263,"hypothesisId":"B","runId":"ipad-fix2"}
{"sessionId":"6c5c15","location":"pageInkDom.ts:resolvePageDomHit","message":"dom hit resolved","data":{"clientX":559.6666870117188,"clientY":128.6666717529297,"method":"rect","hitKind":null},"timestamp":1787933455265,"hypothesisId":"B","runId":"ipad-fix2"}
{"sessionId":"6c5c15","location":"pageInkDom.ts:resolvePageDomHit","message":"dom hit resolved","data":{"clientX":789.6666870117188,"clientY":315.3333435058594,"method":"rect","hitKind":null},"timestamp":1787933471840,"hypothesisId":"B","runId":"ipad-fix2"}
{"sessionId":"6c5c15","location":"pageInkDom.ts:resolvePageDomHit","message":"dom hit resolved","data":{"clientX":787,"clientY":316,"method":"rect","hitKind":null},"timestamp":1787933471841,"hypothesisId":"B","runId":"ipad-fix2"}
{"sessionId":"6c5c15","location":"pageInkDom.ts:resolvePageDomHit","message":"dom hit resolved","data":{"clientX":785.6666870117188,"clientY":316,"method":"rect","hitKind":null},"timestamp":1787933471843,"hypothesisId":"B","runId":"ipad-fix2"}
{"sessionId":"6c5c15","location":"pageInkDom.ts:resolvePageDomHit","message":"dom hit resolved","data":{"clientX":783.6666870117188,"clientY":316,"method":"rect","hitKind":null},"timestamp":1787933471844,"hypothesisId":"B","runId":"ipad-fix2"}
{"sessionId":"6c5c15","location":"pageInkDom.ts:resolvePageDomHit","message":"dom hit resolved","data":{"clientX":777.6666870117188,"clientY":317.3333435058594,"method":"rect","hitKind":null},"timestamp":1787933471845,"hypothesisId":"B","runId":"ipad-fix2"}
{"sessionId":"6c5c15","location":"pageInkDom.ts:resolvePageDomHit","message":"dom hit resolved","data":{"clientX":781,"clientY":317.3333435058594,"method":"rect","hitKind":null},"timestamp":1787933471844,"hypothesisId":"B","runId":"ipad-fix2"}
{"sessionId":"6c5c15","location":"pageInkDom.ts:resolvePageDomHit","message":"dom hit resolved","data":{"clientX":775.6666870117188,"clientY":318,"method":"rect","hitKind":null},"timestamp":1787933471846,"hypothesisId":"B","runId":"ipad-fix2"}
{"sessionId":"6c5c15","location":"pageInkDom.ts:resolvePageDomHit","message":"dom hit resolved","data":{"clientX":771.6666870117188,"clientY":320,"method":"rect","hitKind":null},"timestamp":1787933471847,"hypothesisId":"B","runId":"ipad-fix2"}
{"sessionId":"6c5c15","location":"pageInkDom.ts:resolvePageDomHit","message":"dom hit resolved","data":{"clientX":769.6666870117188,"clientY":320,"method":"rect","hitKind":null},"timestamp":1787933471849,"hypothesisId":"B","runId":"ipad-fix2"}
{"sessionId":"6c5c15","location":"pageInkDom.ts:resolvePageDomHit","message":"dom hit resolved","data":{"clientX":767.6666870117188,"clientY":321.3333435058594,"method":"rect","hitKind":null},"timestamp":1787933471850,"hypothesisId":"B","runId":"ipad-fix2"}
{"sessionId":"6c5c15","location":"pageInkDom.ts:resolvePageDomHit","message":"dom hit resolved","data":{"clientX":765.6666870117188,"clientY":321.3333435058594,"method":"rect","hitKind":null},"timestamp":1787933471851,"hypothesisId":"B","runId":"ipad-fix2"}
{"sessionId":"6c5c15","location":"pageInkDom.ts:resolvePageDomHit","message":"dom hit resolved","data":{"clientX":763.6666870117188,"clientY":322,"method":"rect","hitKind":null},"timestamp":1787933471851,"hypothesisId":"B","runId":"ipad-fix2"}
{"sessionId":"6c5c15","location":"pageInkDom.ts:resolvePageDomHit","message":"dom hit resolved","data":{"clientX":761.6666870117188,"clientY":323.3333435058594,"method":"rect","hitKind":null},"timestamp":1787933471853,"hypothesisId":"B","runId":"ipad-fix2"}
{"sessionId":"6c5c15","location":"pageInkDom.ts:resolvePageDomHit","message":"dom hit resolved","data":{"clientX":759.6666870117188,"clientY":324,"method":"rect","hitKind":null},"timestamp":1787933471853,"hypothesisId":"B","runId":"ipad-fix2"}
{"sessionId":"6c5c15","location":"pageInkDom.ts:resolvePageDomHit","message":"dom hit resolved","data":{"clientX":757.6666870117188,"clientY":324,"method":"rect","hitKind":null},"timestamp":1787933471856,"hypothesisId":"B","runId":"ipad-fix2"}
{"sessionId":"6c5c15","location":"pageInkDom.ts:resolvePageDomHit","message":"dom hit resolved","data":{"clientX":755,"clientY":326,"method":"rect","hitKind":null},"timestamp":1787933471856,"hypothesisId":"B","runId":"ipad-fix2"}
{"sessionId":"6c5c15","location":"pageInkDom.ts:resolvePageDomHit","message":"dom hit resolved","data":{"clientX":753,"clientY":327.3333435058594,"method":"rect","hitKind":null},"timestamp":1787933471857,"hypothesisId":"B","runId":"ipad-fix2"}
{"sessionId":"6c5c15","location":"pageInkDom.ts:resolvePageDomHit","message":"dom hit resolved","data":{"clientX":751.6666870117188,"clientY":328,"method":"rect","hitKind":null},"timestamp":1787933471857,"hypothesisId":"B","runId":"ipad-fix2"}
{"sessionId":"6c5c15","location":"pageInkDom.ts:resolvePageDomHit","message":"dom hit resolved","data":{"clientX":749.6666870117188,"clientY":329.3333435058594,"method":"rect","hitKind":null},"timestamp":1787933471858,"hypothesisId":"B","runId":"ipad-fix2"}
{"sessionId":"6c5c15","location":"pageInkDom.ts:resolvePageDomHit","message":"dom hit resolved","data":{"clientX":747.6666870117188,"clientY":330,"method":"rect","hitKind":null},"timestamp":1787933471859,"hypothesisId":"B","runId":"ipad-fix2"}
{"sessionId":"6c5c15","location":"pageInkDom.ts:resolvePageDomHit","message":"dom hit resolved","data":{"clientX":745.6666870117188,"clientY":331.3333435058594,"method":"rect","hitKind":null},"timestamp":1787933471861,"hypothesisId":"B","runId":"ipad-fix2"}
{"sessionId":"6c5c15","location":"pageInkDom.ts:resolvePageDomHit","message":"dom hit resolved","data":{"clientX":743.6666870117188,"clientY":332,"method":"rect","hitKind":null},"timestamp":1787933471863,"hypothesisId":"B","runId":"ipad-fix2"}
{"sessionId":"6c5c15","location":"pageInkDom.ts:resolvePageDomHit","message":"dom hit resolved","data":{"clientX":741.6666870117188,"clientY":333.3333435058594,"method":"rect","hitKind":null},"timestamp":1787933471863,"hypothesisId":"B","runId":"ipad-fix2"}
{"sessionId":"6c5c15","location":"pageInkDom.ts:resolvePageDomHit","message":"dom hit resolved","data":{"clientX":739,"clientY":335.3333435058594,"method":"rect","hitKind":null},"timestamp":1787933471864,"hypothesisId":"B","runId":"ipad-fix2"}
{"sessionId":"6c5c15","location":"pageInkDom.ts:resolvePageDomHit","message":"dom hit resolved","data":{"clientX":737.6666870117188,"clientY":336,"method":"rect","hitKind":null},"timestamp":1787933471864,"hypothesisId":"B","runId":"ipad-fix2"}
{"sessionId":"6c5c15","location":"pageInkDom.ts:resolvePageDomHit","message":"dom hit resolved","data":{"clientX":735.6666870117188,"clientY":337.3333435058594,"method":"rect","hitKind":null},"timestamp":1787933471865,"hypothesisId":"B","runId":"ipad-fix2"}
{"sessionId":"6c5c15","location":"pageInkDom.ts:resolvePageDomHit","message":"dom hit resolved","data":{"clientX":733.6666870117188,"clientY":339.3333435058594,"method":"rect","hitKind":null},"timestamp":1787933471866,"hypothesisId":"B","runId":"ipad-fix2"}
{"sessionId":"6c5c15","location":"pageInkDom.ts:resolvePageDomHit","message":"dom hit resolved","data":{"clientX":731.6666870117188,"clientY":340,"method":"rect","hitKind":null},"timestamp":1787933471868,"hypothesisId":"B","runId":"ipad-fix2"}
{"sessionId":"6c5c15","location":"pageInkDom.ts:resolvePageDomHit","message":"dom hit resolved","data":{"clientX":731,"clientY":341.3333435058594,"method":"rect","hitKind":null},"timestamp":1787933471869,"hypothesisId":"B","runId":"ipad-fix2"}
{"sessionId":"6c5c15","location":"pageInkDom.ts:resolvePageDomHit","message":"dom hit resolved","data":{"clientX":729,"clientY":343.3333435058594,"method":"rect","hitKind":null},"timestamp":1787933471869,"hypothesisId":"B","runId":"ipad-fix2"}
{"sessionId":"6c5c15","location":"pageInkDom.ts:resolvePageDomHit","message":"dom hit resolved","data":{"clientX":727,"clientY":344,"method":"rect","hitKind":null},"timestamp":1787933471871,"hypothesisId":"B","runId":"ipad-fix2"}
{"sessionId":"6c5c15","location":"pageInkDom.ts:resolvePageDomHit","message":"dom hit resolved","data":{"clientX":723.6666870117188,"clientY":346,"method":"rect","hitKind":null},"timestamp":1787933471872,"hypothesisId":"B","runId":"ipad-fix2"}
{"sessionId":"6c5c15","location":"pageInkDom.ts:resolvePageDomHit","message":"dom hit resolved","data":{"clientX":723,"clientY":348,"method":"rect","hitKind":null},"timestamp":1787933471872,"hypothesisId":"B","runId":"ipad-fix2"}
{"sessionId":"6c5c15","location":"pageInkDom.ts:resolvePageDomHit","message":"dom hit resolved","data":{"clientX":721,"clientY":349.3333435058594,"method":"rect","hitKind":null},"timestamp":1787933471874,"hypothesisId":"B","runId":"ipad-fix2"}
{"sessionId":"6c5c15","location":"pageInkDom.ts:resolvePageDomHit","message":"dom hit resolved","data":{"clientX":717.6666870117188,"clientY":350,"method":"rect","hitKind":null},"timestamp":1787933471875,"hypothesisId":"B","runId":"ipad-fix2"}
{"sessionId":"6c5c15","location":"pageInkDom.ts:resolvePageDomHit","message":"dom hit resolved","data":{"clientX":715.6666870117188,"clientY":352,"method":"rect","hitKind":null},"timestamp":1787933471875,"hypothesisId":"B","runId":"ipad-fix2"}
{"sessionId":"6c5c15","location":"pageInkDom.ts:resolvePageDomHit","message":"dom hit resolved","data":{"clientX":715,"clientY":353.3333435058594,"method":"rect","hitKind":null},"timestamp":1787933471876,"hypothesisId":"B","runId":"ipad-fix2"}
{"sessionId":"6c5c15","location":"pageInkDom.ts:resolvePageDomHit","message":"dom hit resolved","data":{"clientX":713,"clientY":355.3333435058594,"method":"rect","hitKind":null},"timestamp":1787933471878,"hypothesisId":"B","runId":"ipad-fix2"}
{"sessionId":"6c5c15","location":"pageInkDom.ts:resolvePageDomHit","message":"dom hit resolved","data":{"clientX":709,"clientY":357.3333435058594,"method":"rect","hitKind":null},"timestamp":1787933471879,"hypothesisId":"B","runId":"ipad-fix2"}
{"sessionId":"6c5c15","location":"pageInkDom.ts:resolvePageDomHit","message":"dom hit resolved","data":{"clientX":707,"clientY":359.3333435058594,"method":"rect","hitKind":null},"timestamp":1787933471883,"hypothesisId":"B","runId":"ipad-fix2"}
{"sessionId":"6c5c15","location":"pageInkDom.ts:resolvePageDomHit","message":"dom hit resolved","data":{"clientX":705.6666870117188,"clientY":360,"method":"rect","hitKind":null},"timestamp":1787933471883,"hypothesisId":"B","runId":"ipad-fix2"}
{"sessionId":"6c5c15","location":"pageInkDom.ts:resolvePageDomHit","message":"dom hit resolved","data":{"clientX":701.6666870117188,"clientY":363.3333435058594,"method":"rect","hitKind":null},"timestamp":1787933471884,"hypothesisId":"B","runId":"ipad-fix2"}
{"sessionId":"6c5c15","location":"pageInkDom.ts:resolvePageDomHit","message":"dom hit resolved","data":{"clientX":699.6666870117188,"clientY":364,"method":"rect","hitKind":null},"timestamp":1787933471884,"hypothesisId":"B","runId":"ipad-fix2"}
{"sessionId":"6c5c15","location":"pageInkDom.ts:resolvePageDomHit","message":"dom hit resolved","data":{"clientX":697.6666870117188,"clientY":366,"method":"rect","hitKind":null},"timestamp":1787933471884,"hypothesisId":"B","runId":"ipad-fix2"}
{"sessionId":"6c5c15","location":"pageInkDom.ts:resolvePageDomHit","message":"dom hit resolved","data":{"clientX":695,"clientY":367.3333435058594,"method":"rect","hitKind":null},"timestamp":1787933471886,"hypothesisId":"B","runId":"ipad-fix2"}
{"sessionId":"6c5c15","location":"pageInkDom.ts:resolvePageDomHit","message":"dom hit resolved","data":{"clientX":691.6666870117188,"clientY":370,"method":"rect","hitKind":null},"timestamp":1787933471887,"hypothesisId":"B","runId":"ipad-fix2"}
{"sessionId":"6c5c15","location":"pageInkDom.ts:resolvePageDomHit","message":"dom hit resolved","data":{"clientX":689.6666870117188,"clientY":371.3333435058594,"method":"rect","hitKind":null},"timestamp":1787933471887,"hypothesisId":"B","runId":"ipad-fix2"}
{"sessionId":"6c5c15","location":"pageInkDom.ts:resolvePageDomHit","message":"dom hit resolved","data":{"clientX":687.6666870117188,"clientY":373.3333435058594,"method":"rect","hitKind":null},"timestamp":1787933471888,"hypothesisId":"B","runId":"ipad-fix2"}
{"sessionId":"6c5c15","location":"pageInkDom.ts:resolvePageDomHit","message":"dom hit resolved","data":{"clientX":685.6666870117188,"clientY":373.3333435058594,"method":"rect","hitKind":null},"timestamp":1787933471889,"hypothesisId":"B","runId":"ipad-fix2"}
{"sessionId":"6c5c15","location":"pageInkDom.ts:resolvePageDomHit","message":"dom hit resolved","data":{"clientX":683.6666870117188,"clientY":375.3333435058594,"method":"rect","hitKind":null},"timestamp":1787933471890,"hypothesisId":"B","runId":"ipad-fix2"}
{"sessionId":"6c5c15","location":"pageInkDom.ts:resolvePageDomHit","message":"dom hit resolved","data":{"clientX":681.6666870117188,"clientY":376,"method":"rect","hitKind":null},"timestamp":1787933471892,"hypothesisId":"B","runId":"ipad-fix2"}
{"sessionId":"6c5c15","location":"pageInkDom.ts:resolvePageDomHit","message":"dom hit resolved","data":{"clientX":679,"clientY":378,"method":"rect","hitKind":null},"timestamp":1787933471893,"hypothesisId":"B","runId":"ipad-fix2"}
{"sessionId":"6c5c15","location":"pageInkDom.ts:resolvePageDomHit","message":"dom hit resolved","data":{"clientX":677,"clientY":379.3333435058594,"method":"rect","hitKind":null},"timestamp":1787933471894,"hypothesisId":"B","runId":"ipad-fix2"}
{"sessionId":"6c5c15","location":"pageInkDom.ts:resolvePageDomHit","message":"dom hit resolved","data":{"clientX":673.6666870117188,"clientY":382,"method":"rect","hitKind":null},"timestamp":1787933471895,"hypothesisId":"B","runId":"ipad-fix2"}
{"sessionId":"6c5c15","location":"pageInkDom.ts:resolvePageDomHit","message":"dom hit resolved","data":{"clientX":671.6666870117188,"clientY":382,"method":"rect","hitKind":null},"timestamp":1787933471896,"hypothesisId":"B","runId":"ipad-fix2"}
{"sessionId":"6c5c15","location":"pageInkDom.ts:resolvePageDomHit","message":"dom hit resolved","data":{"clientX":669,"clientY":384,"method":"rect","hitKind":null},"timestamp":1787933471896,"hypothesisId":"B","runId":"ipad-fix2"}
{"sessionId":"6c5c15","location":"pageInkDom.ts:resolvePageDomHit","message":"dom hit resolved","data":{"clientX":667,"clientY":385.3333435058594,"method":"rect","hitKind":null},"timestamp":1787933471898,"hypothesisId":"B","runId":"ipad-fix2"}
{"sessionId":"6c5c15","location":"pageInkDom.ts:resolvePageDomHit","message":"dom hit resolved","data":{"clientX":665.6666870117188,"clientY":386,"method":"rect","hitKind":null},"timestamp":1787933471899,"hypothesisId":"B","runId":"ipad-fix2"}
{"sessionId":"6c5c15","location":"pageInkDom.ts:resolvePageDomHit","message":"dom hit resolved","data":{"clientX":663.6666870117188,"clientY":387.3333435058594,"method":"rect","hitKind":null},"timestamp":1787933471900,"hypothesisId":"B","runId":"ipad-fix2"}
{"sessionId":"6c5c15","location":"pageInkDom.ts:resolvePageDomHit","message":"dom hit resolved","data":{"clientX":661.6666870117188,"clientY":388,"method":"rect","hitKind":null},"timestamp":1787933471901,"hypothesisId":"B","runId":"ipad-fix2"}
{"sessionId":"6c5c15","location":"pageInkDom.ts:resolvePageDomHit","message":"dom hit resolved","data":{"clientX":657,"clientY":391.3333435058594,"method":"rect","hitKind":null},"timestamp":1787933471902,"hypothesisId":"B","runId":"ipad-fix2"}
{"sessionId":"6c5c15","location":"pageInkDom.ts:resolvePageDomHit","message":"dom hit resolved","data":{"clientX":655,"clientY":392,"method":"rect","hitKind":null},"timestamp":1787933471902,"hypothesisId":"B","runId":"ipad-fix2"}
{"sessionId":"6c5c15","location":"pageInkDom.ts:resolvePageDomHit","message":"dom hit resolved","data":{"clientX":653,"clientY":393.3333435058594,"method":"rect","hitKind":null},"timestamp":1787933471904,"hypothesisId":"B","runId":"ipad-fix2"}
{"sessionId":"6c5c15","location":"pageInkDom.ts:resolvePageDomHit","message":"dom hit resolved","data":{"clientX":649.6666870117188,"clientY":394,"method":"rect","hitKind":null},"timestamp":1787933471904,"hypothesisId":"B","runId":"ipad-fix2"}
{"sessionId":"6c5c15","location":"pageInkDom.ts:resolvePageDomHit","message":"dom hit resolved","data":{"clientX":647.6666870117188,"clientY":395.3333435058594,"method":"rect","hitKind":null},"timestamp":1787933471905,"hypothesisId":"B","runId":"ipad-fix2"}
{"sessionId":"6c5c15","location":"pageInkDom.ts:resolvePageDomHit","message":"dom hit resolved","data":{"clientX":645.6666870117188,"clientY":396,"method":"rect","hitKind":null},"timestamp":1787933471907,"hypothesisId":"B","runId":"ipad-fix2"}
{"sessionId":"6c5c15","location":"pageInkDom.ts:resolvePageDomHit","message":"dom hit resolved","data":{"clientX":643.6666870117188,"clientY":397.3333435058594,"method":"rect","hitKind":null},"timestamp":1787933471907,"hypothesisId":"B","runId":"ipad-fix2"}
{"sessionId":"6c5c15","location":"pageInkDom.ts:resolvePageDomHit","message":"dom hit resolved","data":{"clientX":641.6666870117188,"clientY":398,"method":"rect","hitKind":null},"timestamp":1787933471908,"hypothesisId":"B","runId":"ipad-fix2"}
{"sessionId":"6c5c15","location":"pageInkDom.ts:resolvePageDomHit","message":"dom hit resolved","data":{"clientX":637,"clientY":399.3333435058594,"method":"rect","hitKind":null},"timestamp":1787933471909,"hypothesisId":"B","runId":"ipad-fix2"}
{"sessionId":"6c5c15","location":"pageInkDom.ts:resolvePageDomHit","message":"dom hit resolved","data":{"clientX":635,"clientY":401.3333435058594,"method":"rect","hitKind":null},"timestamp":1787933471910,"hypothesisId":"B","runId":"ipad-fix2"}
{"sessionId":"6c5c15","location":"pageInkDom.ts:resolvePageDomHit","message":"dom hit resolved","data":{"clientX":631.6666870117188,"clientY":401.3333435058594,"method":"rect","hitKind":null},"timestamp":1787933471912,"hypothesisId":"B","runId":"ipad-fix2"}
{"sessionId":"6c5c15","location":"pageInkDom.ts:resolvePageDomHit","message":"dom hit resolved","data":{"clientX":629.6666870117188,"clientY":402,"method":"rect","hitKind":null},"timestamp":1787933471912,"hypothesisId":"B","runId":"ipad-fix2"}
{"sessionId":"6c5c15","location":"pageInkDom.ts:resolvePageDomHit","message":"dom hit resolved","data":{"clientX":627,"clientY":403.3333435058594,"method":"rect","hitKind":null},"timestamp":1787933471913,"hypothesisId":"B","runId":"ipad-fix2"}
{"sessionId":"6c5c15","location":"pageInkDom.ts:resolvePageDomHit","message":"dom hit resolved","data":{"clientX":623.6666870117188,"clientY":403.3333435058594,"method":"rect","hitKind":null},"timestamp":1787933471915,"hypothesisId":"B","runId":"ipad-fix2"}
{"sessionId":"6c5c15","location":"pageInkDom.ts:resolvePageDomHit","message":"dom hit resolved","data":{"clientX":435.66668701171875,"clientY":401.3333435058594,"method":"rect","hitKind":null},"timestamp":1787933471964,"hypothesisId":"B","runId":"ipad-fix2"}
{"sessionId":"6c5c15","location":"pageInkDom.ts:resolvePageDomHit","message":"dom hit resolved","data":{"clientX":429,"clientY":399.3333435058594,"method":"rect","hitKind":null},"timestamp":1787933471965,"hypothesisId":"B","runId":"ipad-fix2"}
{"sessionId":"6c5c15","location":"pageInkDom.ts:resolvePageDomHit","message":"dom hit resolved","data":{"clientX":425.66668701171875,"clientY":399.3333435058594,"method":"rect","hitKind":null},"timestamp":1787933471966,"hypothesisId":"B","runId":"ipad-fix2"}
{"sessionId":"6c5c15","location":"pageInkDom.ts:resolvePageDomHit","message":"dom hit resolved","data":{"clientX":421,"clientY":398.66668701171875,"method":"rect","hitKind":null},"timestamp":1787933471968,"hypothesisId":"B","runId":"ipad-fix2"}
{"sessionId":"6c5c15","location":"pageInkDom.ts:resolvePageDomHit","message":"dom hit resolved","data":{"clientX":417.66668701171875,"clientY":396.66668701171875,"method":"rect","hitKind":null},"timestamp":1787933471969,"hypothesisId":"B","runId":"ipad-fix2"}
{"sessionId":"6c5c15","location":"pageInkDom.ts:resolvePageDomHit","message":"dom hit resolved","data":{"clientX":413.66668701171875,"clientY":395.3333435058594,"method":"rect","hitKind":null},"timestamp":1787933471972,"hypothesisId":"B","runId":"ipad-fix2"}
{"sessionId":"6c5c15","location":"pageInkDom.ts:resolvePageDomHit","message":"dom hit resolved","data":{"clientX":407,"clientY":393.3333435058594,"method":"rect","hitKind":null},"timestamp":1787933471974,"hypothesisId":"B","runId":"ipad-fix2"}
{"sessionId":"6c5c15","location":"pageInkDom.ts:resolvePageDomHit","message":"dom hit resolved","data":{"clientX":395.66668701171875,"clientY":390.66668701171875,"method":"rect","hitKind":null},"timestamp":1787933471974,"hypothesisId":"B","runId":"ipad-fix2"}
{"sessionId":"6c5c15","location":"pageInkDom.ts:resolvePageDomHit","message":"dom hit resolved","data":{"clientX":393,"clientY":388.66668701171875,"method":"rect","hitKind":null},"timestamp":1787933471975,"hypothesisId":"B","runId":"ipad-fix2"}
{"sessionId":"6c5c15","location":"pageInkDom.ts:resolvePageDomHit","message":"dom hit resolved","data":{"clientX":389,"clientY":387.3333435058594,"method":"rect","hitKind":null},"timestamp":1787933471975,"hypothesisId":"B","runId":"ipad-fix2"}
{"sessionId":"6c5c15","location":"pageInkDom.ts:resolvePageDomHit","message":"dom hit resolved","data":{"clientX":385,"clientY":386.66668701171875,"method":"rect","hitKind":null},"timestamp":1787933471975,"hypothesisId":"B","runId":"ipad-fix2"}
{"sessionId":"6c5c15","location":"pageInkDom.ts:resolvePageDomHit","message":"dom hit resolved","data":{"clientX":381,"clientY":385.3333435058594,"method":"rect","hitKind":null},"timestamp":1787933471976,"hypothesisId":"B","runId":"ipad-fix2"}
{"sessionId":"6c5c15","location":"pageInkDom.ts:resolvePageDomHit","message":"dom hit resolved","data":{"clientX":377.66668701171875,"clientY":383.3333435058594,"method":"rect","hitKind":null},"timestamp":1787933471978,"hypothesisId":"B","runId":"ipad-fix2"}
{"sessionId":"6c5c15","location":"pageInkDom.ts:resolvePageDomHit","message":"dom hit resolved","data":{"clientX":373.66668701171875,"clientY":382.66668701171875,"method":"rect","hitKind":null},"timestamp":1787933471978,"hypothesisId":"B","runId":"ipad-fix2"}
{"sessionId":"6c5c15","location":"pageInkDom.ts:resolvePageDomHit","message":"dom hit resolved","data":{"clientX":369.66668701171875,"clientY":381.3333435058594,"method":"rect","hitKind":null},"timestamp":1787933471979,"hypothesisId":"B","runId":"ipad-fix2"}
{"sessionId":"6c5c15","location":"pageInkDom.ts:resolvePageDomHit","message":"dom hit resolved","data":{"clientX":363,"clientY":378.66668701171875,"method":"rect","hitKind":null},"timestamp":1787933471980,"hypothesisId":"B","runId":"ipad-fix2"}
{"sessionId":"6c5c15","location":"pageInkDom.ts:resolvePageDomHit","message":"dom hit resolved","data":{"clientX":359,"clientY":377.3333435058594,"method":"rect","hitKind":null},"timestamp":1787933471982,"hypothesisId":"B","runId":"ipad-fix2"}
{"sessionId":"6c5c15","location":"pageInkDom.ts:resolvePageDomHit","message":"dom hit resolved","data":{"clientX":355,"clientY":376.66668701171875,"method":"rect","hitKind":null},"timestamp":1787933471983,"hypothesisId":"B","runId":"ipad-fix2"}
{"sessionId":"6c5c15","location":"pageInkDom.ts:resolvePageDomHit","message":"dom hit resolved","data":{"clientX":351.66668701171875,"clientY":374.66668701171875,"method":"rect","hitKind":null},"timestamp":1787933471983,"hypothesisId":"B","runId":"ipad-fix2"}
{"sessionId":"6c5c15","location":"pageInkDom.ts:resolvePageDomHit","message":"dom hit resolved","data":{"clientX":349,"clientY":372.66668701171875,"method":"rect","hitKind":null},"timestamp":1787933471983,"hypothesisId":"B","runId":"ipad-fix2"}
{"sessionId":"6c5c15","location":"pageInkDom.ts:resolvePageDomHit","message":"dom hit resolved","data":{"clientX":345,"clientY":371.3333435058594,"method":"rect","hitKind":null},"timestamp":1787933471985,"hypothesisId":"B","runId":"ipad-fix2"}
{"sessionId":"6c5c15","location":"pageInkDom.ts:resolvePageDomHit","message":"dom hit resolved","data":{"clientX":341,"clientY":369.3333435058594,"method":"rect","hitKind":null},"timestamp":1787933471985,"hypothesisId":"B","runId":"ipad-fix2"}
{"sessionId":"6c5c15","location":"pageInkDom.ts:resolvePageDomHit","message":"dom hit resolved","data":{"clientX":337.66668701171875,"clientY":367.3333435058594,"method":"rect","hitKind":null},"timestamp":1787933471987,"hypothesisId":"B","runId":"ipad-fix2"}
{"sessionId":"6c5c15","location":"pageInkDom.ts:resolvePageDomHit","message":"dom hit resolved","data":{"clientX":329.66668701171875,"clientY":365.3333435058594,"method":"rect","hitKind":null},"timestamp":1787933471988,"hypothesisId":"B","runId":"ipad-fix2"}
{"sessionId":"6c5c15","location":"pageInkDom.ts:resolvePageDomHit","message":"dom hit resolved","data":{"clientX":325.66668701171875,"clientY":363.3333435058594,"method":"rect","hitKind":null},"timestamp":1787933471990,"hypothesisId":"B","runId":"ipad-fix2"}
{"sessionId":"6c5c15","location":"pageInkDom.ts:resolvePageDomHit","message":"dom hit resolved","data":{"clientX":323,"clientY":362.66668701171875,"method":"rect","hitKind":null},"timestamp":1787933471990,"hypothesisId":"B","runId":"ipad-fix2"}
{"sessionId":"6c5c15","location":"pageInkDom.ts:resolvePageDomHit","message":"dom hit resolved","data":{"clientX":319,"clientY":360.66668701171875,"method":"rect","hitKind":null},"timestamp":1787933471991,"hypothesisId":"B","runId":"ipad-fix2"}
{"sessionId":"6c5c15","location":"pageInkDom.ts:resolvePageDomHit","message":"dom hit resolved","data":{"clientX":315,"clientY":358.66668701171875,"method":"rect","hitKind":null},"timestamp":1787933471993,"hypothesisId":"B","runId":"ipad-fix2"}
{"sessionId":"6c5c15","location":"pageInkDom.ts:resolvePageDomHit","message":"dom hit resolved","data":{"clientX":311.66668701171875,"clientY":356.66668701171875,"method":"rect","hitKind":null},"timestamp":1787933471993,"hypothesisId":"B","runId":"ipad-fix2"}
{"sessionId":"6c5c15","location":"pageInkDom.ts:resolvePageDomHit","message":"dom hit resolved","data":{"clientX":309,"clientY":355.3333435058594,"method":"rect","hitKind":null},"timestamp":1787933471995,"hypothesisId":"B","runId":"ipad-fix2"}
{"sessionId":"6c5c15","location":"pageInkDom.ts:resolvePageDomHit","message":"dom hit resolved","data":{"clientX":301,"clientY":352.66668701171875,"method":"rect","hitKind":null},"timestamp":1787933471996,"hypothesisId":"B","runId":"ipad-fix2"}
{"sessionId":"6c5c15","location":"pageInkDom.ts:resolvePageDomHit","message":"dom hit resolved","data":{"clientX":297.66668701171875,"clientY":350.66668701171875,"method":"rect","hitKind":null},"timestamp":1787933471998,"hypothesisId":"B","runId":"ipad-fix2"}
{"sessionId":"6c5c15","location":"pageInkDom.ts:resolvePageDomHit","message":"dom hit resolved","data":{"clientX":293.66668701171875,"clientY":349.3333435058594,"method":"rect","hitKind":null},"timestamp":1787933471999,"hypothesisId":"B","runId":"ipad-fix2"}
{"sessionId":"6c5c15","location":"pageInkDom.ts:resolvePageDomHit","message":"dom hit resolved","data":{"clientX":291,"clientY":347.3333435058594,"method":"rect","hitKind":null},"timestamp":1787933472000,"hypothesisId":"B","runId":"ipad-fix2"}
{"sessionId":"6c5c15","location":"pageInkDom.ts:resolvePageDomHit","message":"dom hit resolved","data":{"clientX":287,"clientY":345.3333435058594,"method":"rect","hitKind":null},"timestamp":1787933472001,"hypothesisId":"B","runId":"ipad-fix2"}
{"sessionId":"6c5c15","location":"pageInkDom.ts:resolvePageDomHit","message":"dom hit resolved","data":{"clientX":279.66668701171875,"clientY":342.66668701171875,"method":"rect","hitKind":null},"timestamp":1787933472003,"hypothesisId":"B","runId":"ipad-fix2"}
{"sessionId":"6c5c15","location":"pageInkDom.ts:resolvePageDomHit","message":"dom hit resolved","data":{"clientX":275.66668701171875,"clientY":340.66668701171875,"method":"rect","hitKind":null},"timestamp":1787933472006,"hypothesisId":"B","runId":"ipad-fix2"}
{"sessionId":"6c5c15","location":"pageInkDom.ts:resolvePageDomHit","message":"dom hit resolved","data":{"clientX":269,"clientY":337.3333435058594,"method":"rect","hitKind":null},"timestamp":1787933472007,"hypothesisId":"B","runId":"ipad-fix2"}
{"sessionId":"6c5c15","location":"pageInkDom.ts:resolvePageDomHit","message":"dom hit resolved","data":{"clientX":259,"clientY":332.66668701171875,"method":"rect","hitKind":null},"timestamp":1787933472008,"hypothesisId":"B","runId":"ipad-fix2"}
{"sessionId":"6c5c15","location":"pageInkDom.ts:resolvePageDomHit","message":"dom hit resolved","data":{"clientX":255,"clientY":331.3333435058594,"method":"rect","hitKind":null},"timestamp":1787933472008,"hypothesisId":"B","runId":"ipad-fix2"}
{"sessionId":"6c5c15","location":"pageInkDom.ts:resolvePageDomHit","message":"dom hit resolved","data":{"clientX":251.6666717529297,"clientY":329.3333435058594,"method":"rect","hitKind":null},"timestamp":1787933472008,"hypothesisId":"B","runId":"ipad-fix2"}
{"sessionId":"6c5c15","location":"pageInkDom.ts:resolvePageDomHit","message":"dom hit resolved","data":{"clientX":249,"clientY":327.3333435058594,"method":"rect","hitKind":null},"timestamp":1787933472009,"hypothesisId":"B","runId":"ipad-fix2"}
{"sessionId":"6c5c15","location":"pageInkDom.ts:resolvePageDomHit","message":"dom hit resolved","data":{"clientX":245,"clientY":325.3333435058594,"method":"rect","hitKind":null},"timestamp":1787933472010,"hypothesisId":"B","runId":"ipad-fix2"}
{"sessionId":"6c5c15","location":"pageInkDom.ts:resolvePageDomHit","message":"dom hit resolved","data":{"clientX":239,"clientY":322.66668701171875,"method":"rect","hitKind":null},"timestamp":1787933472011,"hypothesisId":"B","runId":"ipad-fix2"}
{"sessionId":"6c5c15","location":"pageInkDom.ts:resolvePageDomHit","message":"dom hit resolved","data":{"clientX":235.6666717529297,"clientY":320.66668701171875,"method":"rect","hitKind":null},"timestamp":1787933472012,"hypothesisId":"B","runId":"ipad-fix2"}
{"sessionId":"6c5c15","location":"pageInkDom.ts:resolvePageDomHit","message":"dom hit resolved","data":{"clientX":231.6666717529297,"clientY":318.66668701171875,"method":"rect","hitKind":null},"timestamp":1787933472014,"hypothesisId":"B","runId":"ipad-fix2"}
{"sessionId":"6c5c15","location":"pageInkDom.ts:resolvePageDomHit","message":"dom hit resolved","data":{"clientX":229,"clientY":317.3333435058594,"method":"rect","hitKind":null},"timestamp":1787933472014,"hypothesisId":"B","runId":"ipad-fix2"}
{"sessionId":"6c5c15","location":"pageInkDom.ts:resolvePageDomHit","message":"dom hit resolved","data":{"clientX":225.6666717529297,"clientY":315.3333435058594,"method":"rect","hitKind":null},"timestamp":1787933472015,"hypothesisId":"B","runId":"ipad-fix2"}
{"sessionId":"6c5c15","location":"pageInkDom.ts:resolvePageDomHit","message":"dom hit resolved","data":{"clientX":223,"clientY":314.66668701171875,"method":"rect","hitKind":null},"timestamp":1787933472016,"hypothesisId":"B","runId":"ipad-fix2"}
{"sessionId":"6c5c15","location":"pageInkDom.ts:resolvePageDomHit","message":"dom hit resolved","data":{"clientX":219.6666717529297,"clientY":312.66668701171875,"method":"rect","hitKind":null},"timestamp":1787933472016,"hypothesisId":"B","runId":"ipad-fix2"}
{"sessionId":"6c5c15","location":"pageInkDom.ts:resolvePageDomHit","message":"dom hit resolved","data":{"clientX":213.6666717529297,"clientY":308.66668701171875,"method":"rect","hitKind":null},"timestamp":1787933472019,"hypothesisId":"B","runId":"ipad-fix2"}
{"sessionId":"6c5c15","location":"pageInkDom.ts:resolvePageDomHit","message":"dom hit resolved","data":{"clientX":211,"clientY":306.66668701171875,"method":"rect","hitKind":null},"timestamp":1787933472020,"hypothesisId":"B","runId":"ipad-fix2"}
{"sessionId":"6c5c15","location":"pageInkDom.ts:resolvePageDomHit","message":"dom hit resolved","data":{"clientX":207.6666717529297,"clientY":305.3333435058594,"method":"rect","hitKind":null},"timestamp":1787933472020,"hypothesisId":"B","runId":"ipad-fix2"}
{"sessionId":"6c5c15","location":"pageInkDom.ts:resolvePageDomHit","message":"dom hit resolved","data":{"clientX":205,"clientY":303.3333435058594,"method":"rect","hitKind":null},"timestamp":1787933472021,"hypothesisId":"B","runId":"ipad-fix2"}
{"sessionId":"6c5c15","location":"pageInkDom.ts:resolvePageDomHit","message":"dom hit resolved","data":{"clientX":201.6666717529297,"clientY":301.3333435058594,"method":"rect","hitKind":null},"timestamp":1787933472022,"hypothesisId":"B","runId":"ipad-fix2"}
{"sessionId":"6c5c15","location":"pageInkDom.ts:resolvePageDomHit","message":"dom hit resolved","data":{"clientX":199,"clientY":299.3333435058594,"method":"rect","hitKind":null},"timestamp":1787933472023,"hypothesisId":"B","runId":"ipad-fix2"}
{"sessionId":"6c5c15","location":"pageInkDom.ts:resolvePageDomHit","message":"dom hit resolved","data":{"clientX":195.6666717529297,"clientY":298.66668701171875,"method":"rect","hitKind":null},"timestamp":1787933472024,"hypothesisId":"B","runId":"ipad-fix2"}
{"sessionId":"6c5c15","location":"pageInkDom.ts:resolvePageDomHit","message":"dom hit resolved","data":{"clientX":193,"clientY":296.66668701171875,"method":"rect","hitKind":null},"timestamp":1787933472025,"hypothesisId":"B","runId":"ipad-fix2"}
{"sessionId":"6c5c15","location":"pageInkDom.ts:resolvePageDomHit","message":"dom hit resolved","data":{"clientX":187.6666717529297,"clientY":292.66668701171875,"method":"rect","hitKind":null},"timestamp":1787933472025,"hypothesisId":"B","runId":"ipad-fix2"}
{"sessionId":"6c5c15","location":"pageInkDom.ts:resolvePageDomHit","message":"dom hit resolved","data":{"clientX":185.6666717529297,"clientY":290.66668701171875,"method":"rect","hitKind":null},"timestamp":1787933472027,"hypothesisId":"B","runId":"ipad-fix2"}
{"sessionId":"6c5c15","location":"pageInkDom.ts:resolvePageDomHit","message":"dom hit resolved","data":{"clientX":183,"clientY":289.3333435058594,"method":"rect","hitKind":null},"timestamp":1787933472028,"hypothesisId":"B","runId":"ipad-fix2"}
{"sessionId":"6c5c15","location":"pageInkDom.ts:resolvePageDomHit","message":"dom hit resolved","data":{"clientX":179.6666717529297,"clientY":287.3333435058594,"method":"rect","hitKind":null},"timestamp":1787933472028,"hypothesisId":"B","runId":"ipad-fix2"}
{"sessionId":"6c5c15","location":"pageInkDom.ts:resolvePageDomHit","message":"dom hit resolved","data":{"clientX":177,"clientY":285.3333435058594,"method":"rect","hitKind":null},"timestamp":1787933472030,"hypothesisId":"B","runId":"ipad-fix2"}
{"sessionId":"6c5c15","location":"pageInkDom.ts:resolvePageDomHit","message":"dom hit resolved","data":{"clientX":173.6666717529297,"clientY":284.66668701171875,"method":"rect","hitKind":null},"timestamp":1787933472031,"hypothesisId":"B","runId":"ipad-fix2"}
{"sessionId":"6c5c15","location":"pageInkDom.ts:resolvePageDomHit","message":"dom hit resolved","data":{"clientX":171.6666717529297,"clientY":282.66668701171875,"method":"rect","hitKind":null},"timestamp":1787933472032,"hypothesisId":"B","runId":"ipad-fix2"}
{"sessionId":"6c5c15","location":"pageInkDom.ts:resolvePageDomHit","message":"dom hit resolved","data":{"clientX":161,"clientY":275.3333435058594,"method":"rect","hitKind":null},"timestamp":1787933472035,"hypothesisId":"B","runId":"ipad-fix2"}
{"sessionId":"6c5c15","location":"pageInkDom.ts:resolvePageDomHit","message":"dom hit resolved","data":{"clientX":159,"clientY":273.3333435058594,"method":"rect","hitKind":null},"timestamp":1787933472036,"hypothesisId":"B","runId":"ipad-fix2"}
{"sessionId":"6c5c15","location":"pageInkDom.ts:resolvePageDomHit","message":"dom hit resolved","data":{"clientX":155.6666717529297,"clientY":271.3333435058594,"method":"rect","hitKind":null},"timestamp":1787933472037,"hypothesisId":"B","runId":"ipad-fix2"}
{"sessionId":"6c5c15","location":"pageInkDom.ts:resolvePageDomHit","message":"dom hit resolved","data":{"clientX":153.6666717529297,"clientY":269.3333435058594,"method":"rect","hitKind":null},"timestamp":1787933472037,"hypothesisId":"B","runId":"ipad-fix2"}
{"sessionId":"6c5c15","location":"pageInkDom.ts:resolvePageDomHit","message":"dom hit resolved","data":{"clientX":151.6666717529297,"clientY":268.66668701171875,"method":"rect","hitKind":null},"timestamp":1787933472038,"hypothesisId":"B","runId":"ipad-fix2"}
{"sessionId":"6c5c15","location":"pageInkDom.ts:resolvePageDomHit","message":"dom hit resolved","data":{"clientX":149,"clientY":266.66668701171875,"method":"rect","hitKind":null},"timestamp":1787933472040,"hypothesisId":"B","runId":"ipad-fix2"}
{"sessionId":"6c5c15","location":"pageInkDom.ts:resolvePageDomHit","message":"dom hit resolved","data":{"clientX":145.6666717529297,"clientY":264.66668701171875,"method":"rect","hitKind":null},"timestamp":1787933472040,"hypothesisId":"B","runId":"ipad-fix2"}
{"sessionId":"6c5c15","location":"pageInkDom.ts:resolvePageDomHit","message":"dom hit resolved","data":{"clientX":141.6666717529297,"clientY":261.3333435058594,"method":"rect","hitKind":null},"timestamp":1787933472043,"hypothesisId":"B","runId":"ipad-fix2"}
{"sessionId":"6c5c15","location":"pageInkDom.ts:resolvePageDomHit","message":"dom hit resolved","data":{"clientX":139,"clientY":259.3333435058594,"method":"rect","hitKind":null},"timestamp":1787933472043,"hypothesisId":"B","runId":"ipad-fix2"}
{"sessionId":"6c5c15","location":"pageInkDom.ts:resolvePageDomHit","message":"dom hit resolved","data":{"clientX":135.6666717529297,"clientY":257.3333435058594,"method":"rect","hitKind":null},"timestamp":1787933472044,"hypothesisId":"B","runId":"ipad-fix2"}
{"sessionId":"6c5c15","location":"pageInkDom.ts:resolvePageDomHit","message":"dom hit resolved","data":{"clientX":133.6666717529297,"clientY":256.66668701171875,"method":"rect","hitKind":null},"timestamp":1787933472044,"hypothesisId":"B","runId":"ipad-fix2"}
{"sessionId":"6c5c15","location":"pageInkDom.ts:resolvePageDomHit","message":"dom hit resolved","data":{"clientX":131.6666717529297,"clientY":254.6666717529297,"method":"rect","hitKind":null},"timestamp":1787933472046,"hypothesisId":"B","runId":"ipad-fix2"}
{"sessionId":"6c5c15","location":"pageInkDom.ts:resolvePageDomHit","message":"dom hit resolved","data":{"clientX":129.6666717529297,"clientY":252.6666717529297,"method":"rect","hitKind":null},"timestamp":1787933472047,"hypothesisId":"B","runId":"ipad-fix2"}
{"sessionId":"6c5c15","location":"pageInkDom.ts:resolvePageDomHit","message":"dom hit resolved","data":{"clientX":127,"clientY":251.33334350585938,"method":"rect","hitKind":null},"timestamp":1787933472047,"hypothesisId":"B","runId":"ipad-fix2"}
{"sessionId":"6c5c15","location":"pageInkDom.ts:resolvePageDomHit","message":"dom hit resolved","data":{"clientX":121.66667175292969,"clientY":247.33334350585938,"method":"rect","hitKind":null},"timestamp":1787933472049,"hypothesisId":"B","runId":"ipad-fix2"}
{"sessionId":"6c5c15","location":"pageInkDom.ts:resolvePageDomHit","message":"dom hit resolved","data":{"clientX":119,"clientY":245.33334350585938,"method":"rect","hitKind":null},"timestamp":1787933472050,"hypothesisId":"B","runId":"ipad-fix2"}
{"sessionId":"6c5c15","location":"pageInkDom.ts:resolvePageDomHit","message":"dom hit resolved","data":{"clientX":117,"clientY":244.6666717529297,"method":"rect","hitKind":null},"timestamp":1787933472050,"hypothesisId":"B","runId":"ipad-fix2"}
{"sessionId":"6c5c15","location":"pageInkDom.ts:resolvePageDomHit","message":"dom hit resolved","data":{"clientX":113.66667175292969,"clientY":242.6666717529297,"method":"rect","hitKind":null},"timestamp":1787933472051,"hypothesisId":"B","runId":"ipad-fix2"}
{"sessionId":"6c5c15","location":"pageInkDom.ts:resolvePageDomHit","message":"dom hit resolved","data":{"clientX":111.66667175292969,"clientY":240.6666717529297,"method":"rect","hitKind":null},"timestamp":1787933472052,"hypothesisId":"B","runId":"ipad-fix2"}
{"sessionId":"6c5c15","location":"pageInkDom.ts:resolvePageDomHit","message":"dom hit resolved","data":{"clientX":109.66667175292969,"clientY":238.6666717529297,"method":"rect","hitKind":null},"timestamp":1787933472053,"hypothesisId":"B","runId":"ipad-fix2"}
{"sessionId":"6c5c15","location":"pageInkDom.ts:resolvePageDomHit","message":"dom hit resolved","data":{"clientX":107.66667175292969,"clientY":237.33334350585938,"method":"rect","hitKind":null},"timestamp":1787933472055,"hypothesisId":"B","runId":"ipad-fix2"}
{"sessionId":"6c5c15","location":"pageInkDom.ts:resolvePageDomHit","message":"dom hit resolved","data":{"clientX":105,"clientY":235.33334350585938,"method":"rect","hitKind":null},"timestamp":1787933472055,"hypothesisId":"B","runId":"ipad-fix2"}
{"sessionId":"6c5c15","location":"pageInkDom.ts:resolvePageDomHit","message":"dom hit resolved","data":{"clientX":99.66667175292969,"clientY":232.6666717529297,"method":"rect","hitKind":null},"timestamp":1787933472056,"hypothesisId":"B","runId":"ipad-fix2"}
{"sessionId":"6c5c15","location":"pageInkDom.ts:resolvePageDomHit","message":"dom hit resolved","data":{"clientX":97.66667175292969,"clientY":230.6666717529297,"method":"rect","hitKind":null},"timestamp":1787933472058,"hypothesisId":"B","runId":"ipad-fix2"}
{"sessionId":"6c5c15","location":"pageInkDom.ts:resolvePageDomHit","message":"dom hit resolved","data":{"clientX":95.66667175292969,"clientY":228.6666717529297,"method":"rect","hitKind":null},"timestamp":1787933472059,"hypothesisId":"B","runId":"ipad-fix2"}
{"sessionId":"6c5c15","location":"pageInkDom.ts:resolvePageDomHit","message":"dom hit resolved","data":{"clientX":93.66667175292969,"clientY":227.33334350585938,"method":"rect","hitKind":null},"timestamp":1787933472059,"hypothesisId":"B","runId":"ipad-fix2"}
{"sessionId":"6c5c15","location":"pageInkDom.ts:resolvePageDomHit","message":"dom hit resolved","data":{"clientX":89,"clientY":223.33334350585938,"method":"rect","hitKind":null},"timestamp":1787933472063,"hypothesisId":"B","runId":"ipad-fix2"}
{"sessionId":"6c5c15","location":"pageInkDom.ts:resolvePageDomHit","message":"dom hit resolved","data":{"clientX":85.66667175292969,"clientY":222.6666717529297,"method":"rect","hitKind":null},"timestamp":1787933472064,"hypothesisId":"B","runId":"ipad-fix2"}
{"sessionId":"6c5c15","location":"pageInkDom.ts:resolvePageDomHit","message":"dom hit resolved","data":{"clientX":83.66667175292969,"clientY":220.6666717529297,"method":"rect","hitKind":null},"timestamp":1787933472065,"hypothesisId":"B","runId":"ipad-fix2"}
{"sessionId":"6c5c15","location":"pageInkDom.ts:resolvePageDomHit","message":"dom hit resolved","data":{"clientX":79,"clientY":216.6666717529297,"method":"rect","hitKind":null},"timestamp":1787933472065,"hypothesisId":"B","runId":"ipad-fix2"}
{"sessionId":"6c5c15","location":"pageInkDom.ts:resolvePageDomHit","message":"dom hit resolved","data":{"clientX":77,"clientY":215.33334350585938,"method":"rect","hitKind":null},"timestamp":1787933472065,"hypothesisId":"B","runId":"ipad-fix2"}
{"sessionId":"6c5c15","location":"pageInkDom.ts:resolvePageDomHit","message":"dom hit resolved","data":{"clientX":75,"clientY":213.33334350585938,"method":"rect","hitKind":null},"timestamp":1787933472067,"hypothesisId":"B","runId":"ipad-fix2"}
{"sessionId":"6c5c15","location":"pageInkDom.ts:resolvePageDomHit","message":"dom hit resolved","data":{"clientX":73,"clientY":211.33334350585938,"method":"rect","hitKind":null},"timestamp":1787933472068,"hypothesisId":"B","runId":"ipad-fix2"}
{"sessionId":"6c5c15","location":"pageInkDom.ts:resolvePageDomHit","message":"dom hit resolved","data":{"clientX":71,"clientY":210.6666717529297,"method":"rect","hitKind":null},"timestamp":1787933472069,"hypothesisId":"B","runId":"ipad-fix2"}
{"sessionId":"6c5c15","location":"pageInkDom.ts:resolvePageDomHit","message":"dom hit resolved","data":{"clientX":67.66667175292969,"clientY":208.6666717529297,"method":"rect","hitKind":null},"timestamp":1787933472069,"hypothesisId":"B","runId":"ipad-fix2"}
{"sessionId":"6c5c15","location":"pageInkDom.ts:resolvePageDomHit","message":"dom hit resolved","data":{"clientX":65.66667175292969,"clientY":207.33334350585938,"method":"rect","hitKind":null},"timestamp":1787933472071,"hypothesisId":"B","runId":"ipad-fix2"}
{"sessionId":"6c5c15","location":"pageInkDom.ts:resolvePageDomHit","message":"dom hit resolved","data":{"clientX":63.66666793823242,"clientY":205.33334350585938,"method":"rect","hitKind":null},"timestamp":1787933472072,"hypothesisId":"B","runId":"ipad-fix2"}
{"sessionId":"6c5c15","location":"pageInkDom.ts:resolvePageDomHit","message":"dom hit resolved","data":{"clientX":59.66666793823242,"clientY":202.6666717529297,"method":"rect","hitKind":null},"timestamp":1787933472073,"hypothesisId":"B","runId":"ipad-fix2"}
{"sessionId":"6c5c15","location":"pageInkDom.ts:resolvePageDomHit","message":"dom hit resolved","data":{"clientX":57.66666793823242,"clientY":200.6666717529297,"method":"rect","hitKind":null},"timestamp":1787933472073,"hypothesisId":"B","runId":"ipad-fix2"}
{"sessionId":"6c5c15","location":"pageInkDom.ts:resolvePageDomHit","message":"dom hit resolved","data":{"clientX":55.66666793823242,"clientY":198.6666717529297,"method":"rect","hitKind":null},"timestamp":1787933472074,"hypothesisId":"B","runId":"ipad-fix2"}
{"sessionId":"6c5c15","location":"pageInkDom.ts:resolvePageDomHit","message":"dom hit resolved","data":{"clientX":53,"clientY":197.33334350585938,"method":"rect","hitKind":null},"timestamp":1787933472075,"hypothesisId":"B","runId":"ipad-fix2"}
{"sessionId":"6c5c15","location":"pageInkDom.ts:resolvePageDomHit","message":"dom hit resolved","data":{"clientX":51.66666793823242,"clientY":195.33334350585938,"method":"rect","hitKind":null},"timestamp":1787933472077,"hypothesisId":"B","runId":"ipad-fix2"}
{"sessionId":"6c5c15","location":"pageInkDom.ts:resolvePageDomHit","message":"dom hit resolved","data":{"clientX":49,"clientY":194.6666717529297,"method":"rect","hitKind":null},"timestamp":1787933472078,"hypothesisId":"B","runId":"ipad-fix2"}
{"sessionId":"6c5c15","location":"pageInkDom.ts:resolvePageDomHit","message":"dom hit resolved","data":{"clientX":47,"clientY":192.6666717529297,"method":"rect","hitKind":null},"timestamp":1787933472078,"hypothesisId":"B","runId":"ipad-fix2"}
{"sessionId":"6c5c15","location":"pageInkDom.ts:resolvePageDomHit","message":"dom hit resolved","data":{"clientX":43.66666793823242,"clientY":189.33334350585938,"method":"rect","hitKind":null},"timestamp":1787933472080,"hypothesisId":"B","runId":"ipad-fix2"}
{"sessionId":"6c5c15","location":"pageInkDom.ts:resolvePageDomHit","message":"dom hit resolved","data":{"clientX":41.66666793823242,"clientY":187.33334350585938,"method":"rect","hitKind":null},"timestamp":1787933472082,"hypothesisId":"B","runId":"ipad-fix2"}
{"sessionId":"6c5c15","location":"pageInkDom.ts:resolvePageDomHit","message":"dom hit resolved","data":{"clientX":39.66666793823242,"clientY":185.33334350585938,"method":"rect","hitKind":null},"timestamp":1787933472083,"hypothesisId":"B","runId":"ipad-fix2"}
{"sessionId":"6c5c15","location":"pageInkDom.ts:resolvePageDomHit","message":"dom hit resolved","data":{"clientX":39,"clientY":184.6666717529297,"method":"rect","hitKind":null},"timestamp":1787933472084,"hypothesisId":"B","runId":"ipad-fix2"}
{"sessionId":"6c5c15","location":"pageInkDom.ts:resolvePageDomHit","message":"dom hit resolved","data":{"clientX":37.66666793823242,"clientY":182.6666717529297,"method":"rect","hitKind":null},"timestamp":1787933472085,"hypothesisId":"B","runId":"ipad-fix2"}
{"sessionId":"6c5c15","location":"pageInkDom.ts:resolvePageDomHit","message":"dom hit resolved","data":{"clientX":35,"clientY":181.33334350585938,"method":"rect","hitKind":null},"timestamp":1787933472086,"hypothesisId":"B","runId":"ipad-fix2"}
{"sessionId":"6c5c15","location":"pageInkDom.ts:resolvePageDomHit","message":"dom hit resolved","data":{"clientX":33.66666793823242,"clientY":179.33334350585938,"method":"rect","hitKind":null},"timestamp":1787933472086,"hypothesisId":"B","runId":"ipad-fix2"}
{"sessionId":"6c5c15","location":"pageInkDom.ts:resolvePageDomHit","message":"dom hit resolved","data":{"clientX":31.666667938232422,"clientY":177.33334350585938,"method":"rect","hitKind":null},"timestamp":1787933472087,"hypothesisId":"B","runId":"ipad-fix2"}
{"sessionId":"6c5c15","location":"pageInkDom.ts:resolvePageDomHit","message":"dom hit resolved","data":{"clientX":27.666667938232422,"clientY":174.6666717529297,"method":"rect","hitKind":"pageNumber","pageId":"ebb5e579-4721-457d-9fb2-6d540ebdae8c"},"timestamp":1787933472089,"hypothesisId":"B","runId":"ipad-fix2"}
{"sessionId":"6c5c15","location":"pageInkDom.ts:resolvePageDomHit","message":"dom hit resolved","data":{"clientX":25.666667938232422,"clientY":172.6666717529297,"method":"rect","hitKind":"pageNumber","pageId":"ebb5e579-4721-457d-9fb2-6d540ebdae8c"},"timestamp":1787933472089,"hypothesisId":"B","runId":"ipad-fix2"}
{"sessionId":"6c5c15","location":"pageInkDom.ts:resolvePageDomHit","message":"dom hit resolved","data":{"clientX":23.666667938232422,"clientY":171.33334350585938,"method":"rect","hitKind":"pageNumber","pageId":"ebb5e579-4721-457d-9fb2-6d540ebdae8c"},"timestamp":1787933472089,"hypothesisId":"B","runId":"ipad-fix2"}
{"sessionId":"6c5c15","location":"pageInkDom.ts:resolvePageDomHit","message":"dom hit resolved","data":{"clientX":23,"clientY":169.33334350585938,"method":"rect","hitKind":"pageNumber","pageId":"ebb5e579-4721-457d-9fb2-6d540ebdae8c"},"timestamp":1787933472090,"hypothesisId":"B","runId":"ipad-fix2"}
{"sessionId":"6c5c15","location":"pageInkDom.ts:resolvePageDomHit","message":"dom hit resolved","data":{"clientX":21.666667938232422,"clientY":168.6666717529297,"method":"rect","hitKind":"pageNumber","pageId":"ebb5e579-4721-457d-9fb2-6d540ebdae8c"},"timestamp":1787933472092,"hypothesisId":"B","runId":"ipad-fix2"}
{"sessionId":"6c5c15","location":"pageInkDom.ts:resolvePageDomHit","message":"dom hit resolved","data":{"clientX":17.666667938232422,"clientY":164.6666717529297,"method":"rect","hitKind":"pageNumber","pageId":"ebb5e579-4721-457d-9fb2-6d540ebdae8c"},"timestamp":1787933472095,"hypothesisId":"B","runId":"ipad-fix2"}
{"sessionId":"6c5c15","location":"pageInkDom.ts:resolvePageDomHit","message":"dom hit resolved","data":{"clientX":17,"clientY":163.33334350585938,"method":"rect","hitKind":"pageNumber","pageId":"ebb5e579-4721-457d-9fb2-6d540ebdae8c"},"timestamp":1787933472095,"hypothesisId":"B","runId":"ipad-fix2"}
{"sessionId":"6c5c15","location":"pageInkDom.ts:resolvePageDomHit","message":"dom hit resolved","data":{"clientX":13.666666984558105,"clientY":159.33334350585938,"method":"rect","hitKind":"pageNumber","pageId":"ebb5e579-4721-457d-9fb2-6d540ebdae8c"},"timestamp":1787933472096,"hypothesisId":"B","runId":"ipad-fix2"}
{"sessionId":"6c5c15","location":"pageInkDom.ts:resolvePageDomHit","message":"dom hit resolved","data":{"clientX":11.666666984558105,"clientY":158.6666717529297,"method":"rect","hitKind":"pageNumber","pageId":"ebb5e579-4721-457d-9fb2-6d540ebdae8c"},"timestamp":1787933472097,"hypothesisId":"B","runId":"ipad-fix2"}
{"sessionId":"6c5c15","location":"pageInkDom.ts:resolvePageDomHit","message":"dom hit resolved","data":{"clientX":9.666666984558105,"clientY":156.6666717529297,"method":"rect","hitKind":"pageNumber","pageId":"ebb5e579-4721-457d-9fb2-6d540ebdae8c"},"timestamp":1787933472099,"hypothesisId":"B","runId":"ipad-fix2"}
{"sessionId":"6c5c15","location":"pageInkDom.ts:resolvePageDomHit","message":"dom hit resolved","data":{"clientX":9,"clientY":155.33334350585938,"method":"rect","hitKind":"pageNumber","pageId":"ebb5e579-4721-457d-9fb2-6d540ebdae8c"},"timestamp":1787933472100,"hypothesisId":"B","runId":"ipad-fix2"}
{"sessionId":"6c5c15","location":"pageInkDom.ts:resolvePageDomHit","message":"dom hit resolved","data":{"clientX":7.6666669845581055,"clientY":153.33334350585938,"method":"rect","hitKind":"pageNumber","pageId":"ebb5e579-4721-457d-9fb2-6d540ebdae8c"},"timestamp":1787933472100,"hypothesisId":"B","runId":"ipad-fix2"}
{"sessionId":"6c5c15","location":"pageInkDom.ts:resolvePageDomHit","message":"dom hit resolved","data":{"clientX":7,"clientY":151.33334350585938,"method":"rect","hitKind":"pageNumber","pageId":"ebb5e579-4721-457d-9fb2-6d540ebdae8c"},"timestamp":1787933472103,"hypothesisId":"B","runId":"ipad-fix2"}
{"sessionId":"6c5c15","location":"pageInkDom.ts:resolvePageDomHit","message":"dom hit resolved","data":{"clientX":5.6666669845581055,"clientY":150.6666717529297,"method":"rect","hitKind":"pageNumber","pageId":"ebb5e579-4721-457d-9fb2-6d540ebdae8c"},"timestamp":1787933472103,"hypothesisId":"B","runId":"ipad-fix2"}
{"sessionId":"6c5c15","location":"pageInkDom.ts:resolvePageDomHit","message":"dom hit resolved","data":{"clientX":3.6666667461395264,"clientY":148.6666717529297,"method":"rect","hitKind":"pageNumber","pageId":"ebb5e579-4721-457d-9fb2-6d540ebdae8c"},"timestamp":1787933472103,"hypothesisId":"B","runId":"ipad-fix2"}
{"sessionId":"6c5c15","location":"pageInkDom.ts:resolvePageDomHit","message":"dom hit resolved","data":{"clientX":791,"clientY":375.3333435058594,"method":"rect","hitKind":null},"timestamp":1787933499198,"hypothesisId":"B","runId":"ipad-fix2"}
{"sessionId":"6c5c15","location":"pageInkDom.ts:resolvePageDomHit","message":"dom hit resolved","data":{"clientX":769.6666870117188,"clientY":375.3333435058594,"method":"rect","hitKind":null},"timestamp":1787933499199,"hypothesisId":"B","runId":"ipad-fix2"}
{"sessionId":"6c5c15","location":"pageInkDom.ts:resolvePageDomHit","message":"dom hit resolved","data":{"clientX":749,"clientY":374.66668701171875,"method":"rect","hitKind":null},"timestamp":1787933499200,"hypothesisId":"B","runId":"ipad-fix2"}
{"sessionId":"6c5c15","location":"pageInkDom.ts:resolvePageDomHit","message":"dom hit resolved","data":{"clientX":727.6666870117188,"clientY":374.66668701171875,"method":"rect","hitKind":null},"timestamp":1787933499200,"hypothesisId":"B","runId":"ipad-fix2"}
{"sessionId":"6c5c15","location":"pageInkDom.ts:resolvePageDomHit","message":"dom hit resolved","data":{"clientX":687,"clientY":373.3333435058594,"method":"rect","hitKind":null},"timestamp":1787933499200,"hypothesisId":"B","runId":"ipad-fix2"}
{"sessionId":"6c5c15","location":"pageInkDom.ts:resolvePageDomHit","message":"dom hit resolved","data":{"clientX":667,"clientY":373.3333435058594,"method":"rect","hitKind":null},"timestamp":1787933499201,"hypothesisId":"B","runId":"ipad-fix2"}
{"sessionId":"6c5c15","location":"pageInkDom.ts:resolvePageDomHit","message":"dom hit resolved","data":{"clientX":647,"clientY":373.3333435058594,"method":"rect","hitKind":null},"timestamp":1787933499203,"hypothesisId":"B","runId":"ipad-fix2"}
{"sessionId":"6c5c15","location":"pageInkDom.ts:resolvePageDomHit","message":"dom hit resolved","data":{"clientX":627.6666870117188,"clientY":373.3333435058594,"method":"rect","hitKind":null},"timestamp":1787933499204,"hypothesisId":"B","runId":"ipad-fix2"}
{"sessionId":"6c5c15","location":"pageInkDom.ts:resolvePageDomHit","message":"dom hit resolved","data":{"clientX":609,"clientY":373.3333435058594,"method":"rect","hitKind":null},"timestamp":1787933499205,"hypothesisId":"B","runId":"ipad-fix2"}
{"sessionId":"6c5c15","location":"pageInkDom.ts:resolvePageDomHit","message":"dom hit resolved","data":{"clientX":589.6666870117188,"clientY":373.3333435058594,"method":"rect","hitKind":null},"timestamp":1787933499206,"hypothesisId":"B","runId":"ipad-fix2"}
{"sessionId":"6c5c15","location":"pageInkDom.ts:resolvePageDomHit","message":"dom hit resolved","data":{"clientX":571,"clientY":373.3333435058594,"method":"rect","hitKind":null},"timestamp":1787933499209,"hypothesisId":"B","runId":"ipad-fix2"}
{"sessionId":"6c5c15","location":"pageInkDom.ts:resolvePageDomHit","message":"dom hit resolved","data":{"clientX":553,"clientY":373.3333435058594,"method":"rect","hitKind":null},"timestamp":1787933499209,"hypothesisId":"B","runId":"ipad-fix2"}
{"sessionId":"6c5c15","location":"pageInkDom.ts:resolvePageDomHit","message":"dom hit resolved","data":{"clientX":499.66668701171875,"clientY":375.3333435058594,"method":"rect","hitKind":null},"timestamp":1787933499210,"hypothesisId":"B","runId":"ipad-fix2"}
{"sessionId":"6c5c15","location":"pageInkDom.ts:resolvePageDomHit","message":"dom hit resolved","data":{"clientX":483,"clientY":375.3333435058594,"method":"rect","hitKind":null},"timestamp":1787933499210,"hypothesisId":"B","runId":"ipad-fix2"}
{"sessionId":"6c5c15","location":"pageInkDom.ts:resolvePageDomHit","message":"dom hit resolved","data":{"clientX":467,"clientY":376,"method":"rect","hitKind":null},"timestamp":1787933499212,"hypothesisId":"B","runId":"ipad-fix2"}
{"sessionId":"6c5c15","location":"pageInkDom.ts:resolvePageDomHit","message":"dom hit resolved","data":{"clientX":451.66668701171875,"clientY":376,"method":"rect","hitKind":null},"timestamp":1787933499213,"hypothesisId":"B","runId":"ipad-fix2"}
{"sessionId":"6c5c15","location":"pageInkDom.ts:resolvePageDomHit","message":"dom hit resolved","data":{"clientX":437,"clientY":376,"method":"rect","hitKind":null},"timestamp":1787933499213,"hypothesisId":"B","runId":"ipad-fix2"}
{"sessionId":"6c5c15","location":"pageInkDom.ts:resolvePageDomHit","message":"dom hit resolved","data":{"clientX":423,"clientY":376,"method":"rect","hitKind":null},"timestamp":1787933499215,"hypothesisId":"B","runId":"ipad-fix2"}
{"sessionId":"6c5c15","location":"pageInkDom.ts:resolvePageDomHit","message":"dom hit resolved","data":{"clientX":411,"clientY":376,"method":"rect","hitKind":null},"timestamp":1787933499215,"hypothesisId":"B","runId":"ipad-fix2"}
{"sessionId":"6c5c15","location":"pageInkDom.ts:resolvePageDomHit","message":"dom hit resolved","data":{"clientX":391,"clientY":375.3333435058594,"method":"rect","hitKind":null},"timestamp":1787933499216,"hypothesisId":"B","runId":"ipad-fix2"}
{"sessionId":"6c5c15","location":"pageInkDom.ts:resolvePageDomHit","message":"dom hit resolved","data":{"clientX":383,"clientY":373.3333435058594,"method":"rect","hitKind":null},"timestamp":1787933499218,"hypothesisId":"B","runId":"ipad-fix2"}
{"sessionId":"6c5c15","location":"pageInkDom.ts:resolvePageDomHit","message":"dom hit resolved","data":{"clientX":377.66668701171875,"clientY":371.3333435058594,"method":"rect","hitKind":null},"timestamp":1787933499218,"hypothesisId":"B","runId":"ipad-fix2"}
{"sessionId":"6c5c15","location":"pageInkDom.ts:resolvePageDomHit","message":"dom hit resolved","data":{"clientX":373,"clientY":369.3333435058594,"method":"rect","hitKind":null},"timestamp":1787933499219,"hypothesisId":"B","runId":"ipad-fix2"}
{"sessionId":"6c5c15","location":"pageInkDom.ts:resolvePageDomHit","message":"dom hit resolved","data":{"clientX":367.66668701171875,"clientY":364.66668701171875,"method":"rect","hitKind":null},"timestamp":1787933499221,"hypothesisId":"B","runId":"ipad-fix2"}
{"sessionId":"6c5c15","location":"pageInkDom.ts:resolvePageDomHit","message":"dom hit resolved","data":{"clientX":365.66668701171875,"clientY":361.3333435058594,"method":"rect","hitKind":null},"timestamp":1787933499222,"hypothesisId":"B","runId":"ipad-fix2"}
{"sessionId":"6c5c15","location":"pageInkDom.ts:resolvePageDomHit","message":"dom hit resolved","data":{"clientX":363.66668701171875,"clientY":358.66668701171875,"method":"rect","hitKind":null},"timestamp":1787933499223,"hypothesisId":"B","runId":"ipad-fix2"}
{"sessionId":"6c5c15","location":"pageInkDom.ts:resolvePageDomHit","message":"dom hit resolved","data":{"clientX":361.66668701171875,"clientY":354.66668701171875,"method":"rect","hitKind":null},"timestamp":1787933499224,"hypothesisId":"B","runId":"ipad-fix2"}
{"sessionId":"6c5c15","location":"pageInkDom.ts:resolvePageDomHit","message":"dom hit resolved","data":{"clientX":361,"clientY":351.3333435058594,"method":"rect","hitKind":null},"timestamp":1787933499224,"hypothesisId":"B","runId":"ipad-fix2"}
{"sessionId":"6c5c15","location":"pageInkDom.ts:resolvePageDomHit","message":"dom hit resolved","data":{"clientX":361,"clientY":347.3333435058594,"method":"rect","hitKind":null},"timestamp":1787933499227,"hypothesisId":"B","runId":"ipad-fix2"}
{"sessionId":"6c5c15","location":"pageInkDom.ts:resolvePageDomHit","message":"dom hit resolved","data":{"clientX":359.66668701171875,"clientY":343.3333435058594,"method":"rect","hitKind":null},"timestamp":1787933499227,"hypothesisId":"B","runId":"ipad-fix2"}
{"sessionId":"6c5c15","location":"pageInkDom.ts:resolvePageDomHit","message":"dom hit resolved","data":{"clientX":359.66668701171875,"clientY":340.66668701171875,"method":"rect","hitKind":null},"timestamp":1787933499229,"hypothesisId":"B","runId":"ipad-fix2"}
{"sessionId":"6c5c15","location":"pageInkDom.ts:resolvePageDomHit","message":"dom hit resolved","data":{"clientX":359.66668701171875,"clientY":337.3333435058594,"method":"rect","hitKind":null},"timestamp":1787933499230,"hypothesisId":"B","runId":"ipad-fix2"}
{"sessionId":"6c5c15","location":"pageInkDom.ts:resolvePageDomHit","message":"dom hit resolved","data":{"clientX":359,"clientY":332.66668701171875,"method":"rect","hitKind":null},"timestamp":1787933499230,"hypothesisId":"B","runId":"ipad-fix2"}
{"sessionId":"6c5c15","location":"pageInkDom.ts:resolvePageDomHit","message":"dom hit resolved","data":{"clientX":359,"clientY":330.66668701171875,"method":"rect","hitKind":null},"timestamp":1787933499230,"hypothesisId":"B","runId":"ipad-fix2"}
{"sessionId":"6c5c15","location":"pageInkDom.ts:resolvePageDomHit","message":"dom hit resolved","data":{"clientX":359,"clientY":325.3333435058594,"method":"rect","hitKind":null},"timestamp":1787933499231,"hypothesisId":"B","runId":"ipad-fix2"}
{"sessionId":"6c5c15","location":"pageInkDom.ts:resolvePageDomHit","message":"dom hit resolved","data":{"clientX":360.3333435058594,"clientY":322.66668701171875,"method":"rect","hitKind":null},"timestamp":1787933499233,"hypothesisId":"B","runId":"ipad-fix2"}
{"sessionId":"6c5c15","location":"pageInkDom.ts:resolvePageDomHit","message":"dom hit resolved","data":{"clientX":360.3333435058594,"clientY":319.3333435058594,"method":"rect","hitKind":null},"timestamp":1787933499235,"hypothesisId":"B","runId":"ipad-fix2"}
{"sessionId":"6c5c15","location":"pageInkDom.ts:resolvePageDomHit","message":"dom hit resolved","data":{"clientX":361.66668701171875,"clientY":315.3333435058594,"method":"rect","hitKind":null},"timestamp":1787933499235,"hypothesisId":"B","runId":"ipad-fix2"}
{"sessionId":"6c5c15","location":"pageInkDom.ts:resolvePageDomHit","message":"dom hit resolved","data":{"clientX":363.66668701171875,"clientY":311.3333435058594,"method":"rect","hitKind":null},"timestamp":1787933499236,"hypothesisId":"B","runId":"ipad-fix2"}
{"sessionId":"6c5c15","location":"pageInkDom.ts:resolvePageDomHit","message":"dom hit resolved","data":{"clientX":365.66668701171875,"clientY":308.66668701171875,"method":"rect","hitKind":null},"timestamp":1787933499238,"hypothesisId":"B","runId":"ipad-fix2"}
{"sessionId":"6c5c15","location":"pageInkDom.ts:resolvePageDomHit","message":"dom hit resolved","data":{"clientX":367.66668701171875,"clientY":306.66668701171875,"method":"rect","hitKind":null},"timestamp":1787933499238,"hypothesisId":"B","runId":"ipad-fix2"}
{"sessionId":"6c5c15","location":"pageInkDom.ts:resolvePageDomHit","message":"dom hit resolved","data":{"clientX":369.66668701171875,"clientY":301.3333435058594,"method":"rect","hitKind":null},"timestamp":1787933499240,"hypothesisId":"B","runId":"ipad-fix2"}
{"sessionId":"6c5c15","location":"pageInkDom.ts:resolvePageDomHit","message":"dom hit resolved","data":{"clientX":373.66668701171875,"clientY":296.66668701171875,"method":"rect","hitKind":null},"timestamp":1787933499241,"hypothesisId":"B","runId":"ipad-fix2"}
{"sessionId":"6c5c15","location":"pageInkDom.ts:resolvePageDomHit","message":"dom hit resolved","data":{"clientX":374.3333435058594,"clientY":294.66668701171875,"method":"rect","hitKind":null},"timestamp":1787933499241,"hypothesisId":"B","runId":"ipad-fix2"}
{"sessionId":"6c5c15","location":"pageInkDom.ts:resolvePageDomHit","message":"dom hit resolved","data":{"clientX":377.66668701171875,"clientY":289.3333435058594,"method":"rect","hitKind":null},"timestamp":1787933499241,"hypothesisId":"B","runId":"ipad-fix2"}
{"sessionId":"6c5c15","location":"pageInkDom.ts:resolvePageDomHit","message":"dom hit resolved","data":{"clientX":378.3333435058594,"clientY":286.66668701171875,"method":"rect","hitKind":null},"timestamp":1787933499243,"hypothesisId":"B","runId":"ipad-fix2"}
{"sessionId":"6c5c15","location":"pageInkDom.ts:resolvePageDomHit","message":"dom hit resolved","data":{"clientX":384.3333435058594,"clientY":281.3333435058594,"method":"rect","hitKind":null},"timestamp":1787933499243,"hypothesisId":"B","runId":"ipad-fix2"}
{"sessionId":"6c5c15","location":"pageInkDom.ts:resolvePageDomHit","message":"dom hit resolved","data":{"clientX":385.66668701171875,"clientY":278.66668701171875,"method":"rect","hitKind":null},"timestamp":1787933499244,"hypothesisId":"B","runId":"ipad-fix2"}
{"sessionId":"6c5c15","location":"pageInkDom.ts:resolvePageDomHit","message":"dom hit resolved","data":{"clientX":389.66668701171875,"clientY":272.66668701171875,"method":"rect","hitKind":null},"timestamp":1787933499245,"hypothesisId":"B","runId":"ipad-fix2"}
{"sessionId":"6c5c15","location":"pageInkDom.ts:resolvePageDomHit","message":"dom hit resolved","data":{"clientX":392.3333435058594,"clientY":269.3333435058594,"method":"rect","hitKind":null},"timestamp":1787933499246,"hypothesisId":"B","runId":"ipad-fix2"}
{"sessionId":"6c5c15","location":"pageInkDom.ts:resolvePageDomHit","message":"dom hit resolved","data":{"clientX":394.3333435058594,"clientY":265.3333435058594,"method":"rect","hitKind":null},"timestamp":1787933499248,"hypothesisId":"B","runId":"ipad-fix2"}
{"sessionId":"6c5c15","location":"pageInkDom.ts:resolvePageDomHit","message":"dom hit resolved","data":{"clientX":398.3333435058594,"clientY":259.3333435058594,"method":"rect","hitKind":null},"timestamp":1787933499249,"hypothesisId":"B","runId":"ipad-fix2"}
{"sessionId":"6c5c15","location":"pageInkDom.ts:resolvePageDomHit","message":"dom hit resolved","data":{"clientX":400.3333435058594,"clientY":256.66668701171875,"method":"rect","hitKind":null},"timestamp":1787933499250,"hypothesisId":"B","runId":"ipad-fix2"}
{"sessionId":"6c5c15","location":"pageInkDom.ts:resolvePageDomHit","message":"dom hit resolved","data":{"clientX":403.66668701171875,"clientY":252.6666717529297,"method":"rect","hitKind":null},"timestamp":1787933499251,"hypothesisId":"B","runId":"ipad-fix2"}
{"sessionId":"6c5c15","location":"pageInkDom.ts:resolvePageDomHit","message":"dom hit resolved","data":{"clientX":407.66668701171875,"clientY":245.33334350585938,"method":"rect","hitKind":null},"timestamp":1787933499251,"hypothesisId":"B","runId":"ipad-fix2"}
{"sessionId":"6c5c15","location":"pageInkDom.ts:resolvePageDomHit","message":"dom hit resolved","data":{"clientX":410.3333435058594,"clientY":241.33334350585938,"method":"rect","hitKind":null},"timestamp":1787933499252,"hypothesisId":"B","runId":"ipad-fix2"}
{"sessionId":"6c5c15","location":"pageInkDom.ts:resolvePageDomHit","message":"dom hit resolved","data":{"clientX":412.3333435058594,"clientY":238.6666717529297,"method":"rect","hitKind":null},"timestamp":1787933499256,"hypothesisId":"B","runId":"ipad-fix2"}
{"sessionId":"6c5c15","location":"pageInkDom.ts:resolvePageDomHit","message":"dom hit resolved","data":{"clientX":418.3333435058594,"clientY":226.6666717529297,"method":"rect","hitKind":null},"timestamp":1787933499257,"hypothesisId":"B","runId":"ipad-fix2"}
{"sessionId":"6c5c15","location":"pageInkDom.ts:resolvePageDomHit","message":"dom hit resolved","data":{"clientX":421.66668701171875,"clientY":222.6666717529297,"method":"rect","hitKind":null},"timestamp":1787933499258,"hypothesisId":"B","runId":"ipad-fix2"}
{"sessionId":"6c5c15","location":"pageInkDom.ts:resolvePageDomHit","message":"dom hit resolved","data":{"clientX":426.3333435058594,"clientY":213.33334350585938,"method":"rect","hitKind":null},"timestamp":1787933499261,"hypothesisId":"B","runId":"ipad-fix2"}
{"sessionId":"6c5c15","location":"pageInkDom.ts:resolvePageDomHit","message":"dom hit resolved","data":{"clientX":427.66668701171875,"clientY":210.6666717529297,"method":"rect","hitKind":null},"timestamp":1787933499261,"hypothesisId":"B","runId":"ipad-fix2"}
{"sessionId":"6c5c15","location":"pageInkDom.ts:resolvePageDomHit","message":"dom hit resolved","data":{"clientX":428.3333435058594,"clientY":206.6666717529297,"method":"rect","hitKind":null},"timestamp":1787933499262,"hypothesisId":"B","runId":"ipad-fix2"}
{"sessionId":"6c5c15","location":"pageInkDom.ts:resolvePageDomHit","message":"dom hit resolved","data":{"clientX":430.3333435058594,"clientY":202.6666717529297,"method":"rect","hitKind":null},"timestamp":1787933499262,"hypothesisId":"B","runId":"ipad-fix2"}
{"sessionId":"6c5c15","location":"pageInkDom.ts:resolvePageDomHit","message":"dom hit resolved","data":{"clientX":434.3333435058594,"clientY":190.6666717529297,"method":"rect","hitKind":null},"timestamp":1787933499263,"hypothesisId":"B","runId":"ipad-fix2"}
{"sessionId":"6c5c15","location":"pageInkDom.ts:resolvePageDomHit","message":"dom hit resolved","data":{"clientX":436.3333435058594,"clientY":187.33334350585938,"method":"rect","hitKind":null},"timestamp":1787933499264,"hypothesisId":"B","runId":"ipad-fix2"}
{"sessionId":"6c5c15","location":"pageInkDom.ts:resolvePageDomHit","message":"dom hit resolved","data":{"clientX":438.3333435058594,"clientY":183.33334350585938,"method":"rect","hitKind":null},"timestamp":1787933499265,"hypothesisId":"B","runId":"ipad-fix2"}
{"sessionId":"6c5c15","location":"pageInkDom.ts:resolvePageDomHit","message":"dom hit resolved","data":{"clientX":439.66668701171875,"clientY":180.6666717529297,"method":"rect","hitKind":null},"timestamp":1787933499266,"hypothesisId":"B","runId":"ipad-fix2"}
{"sessionId":"6c5c15","location":"pageInkDom.ts:resolvePageDomHit","message":"dom hit resolved","data":{"clientX":441.66668701171875,"clientY":176.6666717529297,"method":"rect","hitKind":"pageNumber","pageId":"60311903-f7d1-4f60-a865-4989247e72a0"},"timestamp":1787933499268,"hypothesisId":"B","runId":"ipad-fix2"}
{"sessionId":"6c5c15","location":"pageInkDom.ts:resolvePageDomHit","message":"dom hit resolved","data":{"clientX":442.3333435058594,"clientY":173.33334350585938,"method":"rect","hitKind":"pageNumber","pageId":"60311903-f7d1-4f60-a865-4989247e72a0"},"timestamp":1787933499269,"hypothesisId":"B","runId":"ipad-fix2"}
{"sessionId":"6c5c15","location":"pageInkDom.ts:resolvePageDomHit","message":"dom hit resolved","data":{"clientX":443.66668701171875,"clientY":170.6666717529297,"method":"rect","hitKind":"pageNumber","pageId":"60311903-f7d1-4f60-a865-4989247e72a0"},"timestamp":1787933499269,"hypothesisId":"B","runId":"ipad-fix2"}
{"sessionId":"6c5c15","location":"pageInkDom.ts:resolvePageDomHit","message":"dom hit resolved","data":{"clientX":445.66668701171875,"clientY":167.33334350585938,"method":"rect","hitKind":"pageNumber","pageId":"60311903-f7d1-4f60-a865-4989247e72a0"},"timestamp":1787933499289,"hypothesisId":"B","runId":"ipad-fix2"}
{"sessionId":"6c5c15","location":"pageInkDom.ts:resolvePageDomHit","message":"dom hit resolved","data":{"clientX":461.66668701171875,"clientY":149.33334350585938,"method":"rect","hitKind":"pageNumber","pageId":"60311903-f7d1-4f60-a865-4989247e72a0"},"timestamp":1787933499290,"hypothesisId":"B","runId":"ipad-fix2"}
{"sessionId":"6c5c15","location":"pageInkDom.ts:resolvePageDomHit","message":"dom hit resolved","data":{"clientX":461,"clientY":148.6666717529297,"method":"rect","hitKind":"pageNumber","pageId":"60311903-f7d1-4f60-a865-4989247e72a0"},"timestamp":1787933499329,"hypothesisId":"B","runId":"ipad-fix2"}
{"sessionId":"6c5c15","location":"pageInkDom.ts:resolvePageDomHit","message":"dom hit resolved","data":{"clientX":459.66668701171875,"clientY":147.33334350585938,"method":"rect","hitKind":"pageNumber","pageId":"60311903-f7d1-4f60-a865-4989247e72a0"},"timestamp":1787933499334,"hypothesisId":"B","runId":"ipad-fix2"}
{"sessionId":"6c5c15","location":"pageInkDom.ts:resolvePageDomHit","message":"dom hit resolved","data":{"clientX":459,"clientY":146.6666717529297,"method":"rect","hitKind":"pageNumber","pageId":"60311903-f7d1-4f60-a865-4989247e72a0"},"timestamp":1787933499341,"hypothesisId":"B","runId":"ipad-fix2"}
{"sessionId":"6c5c15","location":"pageInkDom.ts:resolvePageDomHit","message":"dom hit resolved","data":{"clientX":459.66668701171875,"clientY":145.33334350585938,"method":"rect","hitKind":"pageNumber","pageId":"60311903-f7d1-4f60-a865-4989247e72a0"},"timestamp":1787933499343,"hypothesisId":"B","runId":"ipad-fix2"}
{"sessionId":"6c5c15","location":"pageInkDom.ts:resolvePageDomHit","message":"dom hit resolved","data":{"clientX":460.3333435058594,"clientY":145.33334350585938,"method":"rect","hitKind":"pageNumber","pageId":"60311903-f7d1-4f60-a865-4989247e72a0"},"timestamp":1787933499344,"hypothesisId":"B","runId":"ipad-fix2"}
{"sessionId":"6c5c15","location":"pageInkDom.ts:resolvePageDomHit","message":"dom hit resolved","data":{"clientX":463.66668701171875,"clientY":145.33334350585938,"method":"rect","hitKind":"pageNumber","pageId":"60311903-f7d1-4f60-a865-4989247e72a0"},"timestamp":1787933499347,"hypothesisId":"B","runId":"ipad-fix2"}
{"sessionId":"6c5c15","location":"pageInkDom.ts:resolvePageDomHit","message":"dom hit resolved","data":{"clientX":465.66668701171875,"clientY":144.6666717529297,"method":"rect","hitKind":"pageNumber","pageId":"60311903-f7d1-4f60-a865-4989247e72a0"},"timestamp":1787933499348,"hypothesisId":"B","runId":"ipad-fix2"}
{"sessionId":"6c5c15","location":"pageInkDom.ts:resolvePageDomHit","message":"dom hit resolved","data":{"clientX":467.66668701171875,"clientY":144.6666717529297,"method":"rect","hitKind":"pageNumber","pageId":"60311903-f7d1-4f60-a865-4989247e72a0"},"timestamp":1787933499349,"hypothesisId":"B","runId":"ipad-fix2"}
{"sessionId":"6c5c15","location":"pageInkDom.ts:resolvePageDomHit","message":"dom hit resolved","data":{"clientX":473.66668701171875,"clientY":144.6666717529297,"method":"rect","hitKind":"pageNumber","pageId":"60311903-f7d1-4f60-a865-4989247e72a0"},"timestamp":1787933499350,"hypothesisId":"B","runId":"ipad-fix2"}
{"sessionId":"6c5c15","location":"pageInkDom.ts:resolvePageDomHit","message":"dom hit resolved","data":{"clientX":484.3333435058594,"clientY":143.33334350585938,"method":"rect","hitKind":"pageNumber","pageId":"60311903-f7d1-4f60-a865-4989247e72a0"},"timestamp":1787933499351,"hypothesisId":"B","runId":"ipad-fix2"}
{"sessionId":"6c5c15","location":"pageInkDom.ts:resolvePageDomHit","message":"dom hit resolved","data":{"clientX":489.66668701171875,"clientY":143.33334350585938,"method":"rect","hitKind":"pageNumber","pageId":"60311903-f7d1-4f60-a865-4989247e72a0"},"timestamp":1787933499351,"hypothesisId":"B","runId":"ipad-fix2"}
{"sessionId":"6c5c15","location":"pageInkDom.ts:resolvePageDomHit","message":"dom hit resolved","data":{"clientX":494.3333435058594,"clientY":143.33334350585938,"method":"rect","hitKind":"pageNumber","pageId":"60311903-f7d1-4f60-a865-4989247e72a0"},"timestamp":1787933499351,"hypothesisId":"B","runId":"ipad-fix2"}
{"sessionId":"6c5c15","location":"pageInkDom.ts:resolvePageDomHit","message":"dom hit resolved","data":{"clientX":498.3333435058594,"clientY":142.6666717529297,"method":"rect","hitKind":"pageNumber","pageId":"60311903-f7d1-4f60-a865-4989247e72a0"},"timestamp":1787933499352,"hypothesisId":"B","runId":"ipad-fix2"}
{"sessionId":"6c5c15","location":"pageInkDom.ts:resolvePageDomHit","message":"dom hit resolved","data":{"clientX":504.3333435058594,"clientY":142.6666717529297,"method":"rect","hitKind":"pageNumber","pageId":"60311903-f7d1-4f60-a865-4989247e72a0"},"timestamp":1787933499353,"hypothesisId":"B","runId":"ipad-fix2"}
{"sessionId":"6c5c15","location":"pageInkDom.ts:resolvePageDomHit","message":"dom hit resolved","data":{"clientX":510.3333435058594,"clientY":142.6666717529297,"method":"rect","hitKind":"pageNumber","pageId":"60311903-f7d1-4f60-a865-4989247e72a0"},"timestamp":1787933499356,"hypothesisId":"B","runId":"ipad-fix2"}
{"sessionId":"6c5c15","location":"pageInkDom.ts:resolvePageDomHit","message":"dom hit resolved","data":{"clientX":516.3333740234375,"clientY":142.6666717529297,"method":"rect","hitKind":"pageNumber","pageId":"60311903-f7d1-4f60-a865-4989247e72a0"},"timestamp":1787933499357,"hypothesisId":"B","runId":"ipad-fix2"}
{"sessionId":"6c5c15","location":"pageInkDom.ts:resolvePageDomHit","message":"dom hit resolved","data":{"clientX":530.3333740234375,"clientY":142.6666717529297,"method":"rect","hitKind":"pageNumber","pageId":"60311903-f7d1-4f60-a865-4989247e72a0"},"timestamp":1787933499357,"hypothesisId":"B","runId":"ipad-fix2"}
{"sessionId":"6c5c15","location":"pageInkDom.ts:resolvePageDomHit","message":"dom hit resolved","data":{"clientX":537.6666870117188,"clientY":142.6666717529297,"method":"rect","hitKind":"pageNumber","pageId":"60311903-f7d1-4f60-a865-4989247e72a0"},"timestamp":1787933499358,"hypothesisId":"B","runId":"ipad-fix2"}
{"sessionId":"6c5c15","location":"pageInkDom.ts:resolvePageDomHit","message":"dom hit resolved","data":{"clientX":544.3333740234375,"clientY":143.33334350585938,"method":"rect","hitKind":"pageNumber","pageId":"60311903-f7d1-4f60-a865-4989247e72a0"},"timestamp":1787933499360,"hypothesisId":"B","runId":"ipad-fix2"}
{"sessionId":"6c5c15","location":"pageInkDom.ts:resolvePageDomHit","message":"dom hit resolved","data":{"clientX":551.6666870117188,"clientY":143.33334350585938,"method":"rect","hitKind":"pageNumber","pageId":"60311903-f7d1-4f60-a865-4989247e72a0"},"timestamp":1787933499361,"hypothesisId":"B","runId":"ipad-fix2"}
{"sessionId":"6c5c15","location":"pageInkDom.ts:resolvePageDomHit","message":"dom hit resolved","data":{"clientX":565.6666870117188,"clientY":144,"method":"rect","hitKind":"pageNumber","pageId":"60311903-f7d1-4f60-a865-4989247e72a0"},"timestamp":1787933499361,"hypothesisId":"B","runId":"ipad-fix2"}
{"sessionId":"6c5c15","location":"pageInkDom.ts:resolvePageDomHit","message":"dom hit resolved","data":{"clientX":572.3333740234375,"clientY":144,"method":"rect","hitKind":"pageNumber","pageId":"60311903-f7d1-4f60-a865-4989247e72a0"},"timestamp":1787933499361,"hypothesisId":"B","runId":"ipad-fix2"}
{"sessionId":"6c5c15","location":"pageInkDom.ts:resolvePageDomHit","message":"dom hit resolved","data":{"clientX":583.6666870117188,"clientY":145.33334350585938,"method":"rect","hitKind":"pageNumber","pageId":"60311903-f7d1-4f60-a865-4989247e72a0"},"timestamp":1787933499362,"hypothesisId":"B","runId":"ipad-fix2"}
{"sessionId":"6c5c15","location":"pageInkDom.ts:resolvePageDomHit","message":"dom hit resolved","data":{"clientX":591.6666870117188,"clientY":147.33334350585938,"method":"rect","hitKind":"pageNumber","pageId":"60311903-f7d1-4f60-a865-4989247e72a0"},"timestamp":1787933499363,"hypothesisId":"B","runId":"ipad-fix2"}
{"sessionId":"6c5c15","location":"pageInkDom.ts:resolvePageDomHit","message":"dom hit resolved","data":{"clientX":602.3333740234375,"clientY":147.33334350585938,"method":"rect","hitKind":"pageNumber","pageId":"60311903-f7d1-4f60-a865-4989247e72a0"},"timestamp":1787933499364,"hypothesisId":"B","runId":"ipad-fix2"}
{"sessionId":"6c5c15","location":"pageInkDom.ts:resolvePageDomHit","message":"dom hit resolved","data":{"clientX":611.6666870117188,"clientY":148,"method":"rect","hitKind":"pageNumber","pageId":"60311903-f7d1-4f60-a865-4989247e72a0"},"timestamp":1787933499365,"hypothesisId":"B","runId":"ipad-fix2"}
{"sessionId":"6c5c15","location":"pageInkDom.ts:resolvePageDomHit","message":"dom hit resolved","data":{"clientX":622.3333740234375,"clientY":150,"method":"rect","hitKind":"pageNumber","pageId":"60311903-f7d1-4f60-a865-4989247e72a0"},"timestamp":1787933499368,"hypothesisId":"B","runId":"ipad-fix2"}
{"sessionId":"6c5c15","location":"pageInkDom.ts:resolvePageDomHit","message":"dom hit resolved","data":{"clientX":633.6666870117188,"clientY":152,"method":"rect","hitKind":"pageNumber","pageId":"60311903-f7d1-4f60-a865-4989247e72a0"},"timestamp":1787933499369,"hypothesisId":"B","runId":"ipad-fix2"}
{"sessionId":"6c5c15","location":"pageInkDom.ts:resolvePageDomHit","message":"dom hit resolved","data":{"clientX":645.6666870117188,"clientY":153.33334350585938,"method":"rect","hitKind":"pageNumber","pageId":"60311903-f7d1-4f60-a865-4989247e72a0"},"timestamp":1787933499369,"hypothesisId":"B","runId":"ipad-fix2"}
{"sessionId":"6c5c15","location":"pageInkDom.ts:resolvePageDomHit","message":"dom hit resolved","data":{"clientX":651.6666870117188,"clientY":154,"method":"rect","hitKind":"pageNumber","pageId":"60311903-f7d1-4f60-a865-4989247e72a0"},"timestamp":1787933499369,"hypothesisId":"B","runId":"ipad-fix2"}
{"sessionId":"6c5c15","location":"pageInkDom.ts:resolvePageDomHit","message":"dom hit resolved","data":{"clientX":664.3333740234375,"clientY":156,"method":"rect","hitKind":"pageNumber","pageId":"60311903-f7d1-4f60-a865-4989247e72a0"},"timestamp":1787933499370,"hypothesisId":"B","runId":"ipad-fix2"}
{"sessionId":"6c5c15","location":"pageInkDom.ts:resolvePageDomHit","message":"dom hit resolved","data":{"clientX":675.6666870117188,"clientY":159.33334350585938,"method":"rect","hitKind":"pageNumber","pageId":"60311903-f7d1-4f60-a865-4989247e72a0"},"timestamp":1787933499371,"hypothesisId":"B","runId":"ipad-fix2"}
{"sessionId":"6c5c15","location":"pageInkDom.ts:resolvePageDomHit","message":"dom hit resolved","data":{"clientX":682.3333740234375,"clientY":160,"method":"rect","hitKind":"pageNumber","pageId":"60311903-f7d1-4f60-a865-4989247e72a0"},"timestamp":1787933499373,"hypothesisId":"B","runId":"ipad-fix2"}
{"sessionId":"6c5c15","location":"pageInkDom.ts:resolvePageDomHit","message":"dom hit resolved","data":{"clientX":697.6666870117188,"clientY":163.33334350585938,"method":"rect","hitKind":"pageNumber","pageId":"60311903-f7d1-4f60-a865-4989247e72a0"},"timestamp":1787933499374,"hypothesisId":"B","runId":"ipad-fix2"}
{"sessionId":"6c5c15","location":"pageInkDom.ts:resolvePageDomHit","message":"dom hit resolved","data":{"clientX":703.6666870117188,"clientY":164,"method":"rect","hitKind":"pageNumber","pageId":"60311903-f7d1-4f60-a865-4989247e72a0"},"timestamp":1787933499375,"hypothesisId":"B","runId":"ipad-fix2"}
{"sessionId":"6c5c15","location":"pageInkDom.ts:resolvePageDomHit","message":"dom hit resolved","data":{"clientX":718.3333740234375,"clientY":167.33334350585938,"method":"rect","hitKind":"pageNumber","pageId":"60311903-f7d1-4f60-a865-4989247e72a0"},"timestamp":1787933499375,"hypothesisId":"B","runId":"ipad-fix2"}
{"sessionId":"6c5c15","location":"pageInkDom.ts:resolvePageDomHit","message":"dom hit resolved","data":{"clientX":725.6666870117188,"clientY":169.33334350585938,"method":"rect","hitKind":"pageNumber","pageId":"60311903-f7d1-4f60-a865-4989247e72a0"},"timestamp":1787933499376,"hypothesisId":"B","runId":"ipad-fix2"}
{"sessionId":"6c5c15","location":"pageInkDom.ts:resolvePageDomHit","message":"dom hit resolved","data":{"clientX":739.6666870117188,"clientY":172,"method":"rect","hitKind":"pageNumber","pageId":"60311903-f7d1-4f60-a865-4989247e72a0"},"timestamp":1787933499377,"hypothesisId":"B","runId":"ipad-fix2"}
{"sessionId":"6c5c15","location":"pageInkDom.ts:resolvePageDomHit","message":"dom hit resolved","data":{"clientX":747.6666870117188,"clientY":174,"method":"rect","hitKind":"pageNumber","pageId":"60311903-f7d1-4f60-a865-4989247e72a0"},"timestamp":1787933499379,"hypothesisId":"B","runId":"ipad-fix2"}
{"sessionId":"6c5c15","location":"pageInkDom.ts:resolvePageDomHit","message":"dom hit resolved","data":{"clientX":762.3333740234375,"clientY":179.33334350585938,"method":"rect","hitKind":null},"timestamp":1787933499380,"hypothesisId":"B","runId":"ipad-fix2"}
{"sessionId":"6c5c15","location":"pageInkDom.ts:resolvePageDomHit","message":"dom hit resolved","data":{"clientX":768.3333740234375,"clientY":181.33334350585938,"method":"rect","hitKind":null},"timestamp":1787933499381,"hypothesisId":"B","runId":"ipad-fix2"}
{"sessionId":"6c5c15","location":"pageInkDom.ts:resolvePageDomHit","message":"dom hit resolved","data":{"clientX":775.6666870117188,"clientY":183.33334350585938,"method":"rect","hitKind":null},"timestamp":1787933499381,"hypothesisId":"B","runId":"ipad-fix2"}
{"sessionId":"6c5c15","location":"pageInkDom.ts:resolvePageDomHit","message":"dom hit resolved","data":{"clientX":789.6666870117188,"clientY":188,"method":"rect","hitKind":null},"timestamp":1787933499382,"hypothesisId":"B","runId":"ipad-fix2"}
